Municipio,Año,Subtipo de delito,Valor
Aconchi,2026,Aborto,0
Aconchi,2026,Abuso de confianza,0
Aconchi,2026,Abuso sexual,0
Aconchi,2026,Acoso sexual,0
Aconchi,2026,Allanamiento de morada,0
Aconchi,2026,Amenazas,0
Aconchi,2026,Contra el medio ambiente,0
Aconchi,2026,Corrupción de menores,0
Aconchi,2026,Daño a la propiedad,0
Aconchi,2026,Delitos cometidos por servidores públicos,0
Aconchi,2026,Delitos contra la administración de justicia,0
Aconchi,2026,Despojo,0
Aconchi,2026,Discriminación,0
Aconchi,2026,Electorales,0
Aconchi,2026,Evasión de presos,0
Aconchi,2026,Extorsión por otros medios,0
Aconchi,2026,Extorsión presencial,0
Aconchi,2026,Falsedad,0
Aconchi,2026,Falsificación,0
Aconchi,2026,Feminicidio,0
Aconchi,2026,Fraude,0
Aconchi,2026,Homicidio culposo,0
Aconchi,2026,Homicidio doloso,0
Aconchi,2026,Hostigamiento sexual,0
Aconchi,2026,Incesto,0
Aconchi,2026,Incumplimiento de obligaciones de asistencia familiar,0
Aconchi,2026,Lesiones culposas,0
Aconchi,2026,Lesiones dolosas,0
Aconchi,2026,Narcomenudeo con fines de venta,0
Aconchi,2026,Narcomenudeo posesión simple,0
Aconchi,2026,Otros delitos contra el patrimonio,0
Aconchi,2026,Otros delitos contra la familia,0
Aconchi,2026,Otros delitos contra la sociedad,0
Aconchi,2026,Otros delitos del Fuero Común,0
Aconchi,2026,Otros delitos que atentan contra la libertad personal,0
Aconchi,2026,Otros delitos que atentan contra la libertad y la seguridad sexual,0
Aconchi,2026,Otros delitos que atentan contra la vida y la integridad corporal,0
Aconchi,2026,Otros robos,0
Aconchi,2026,Pornografía infantil,0
Aconchi,2026,Privación ilegal de la libertad,0
Aconchi,2026,Rapto,0
Aconchi,2026,Retención o sustracción de menores e incapaces,0
Aconchi,2026,Robo a casa habitación,0
Aconchi,2026,Robo a institución bancaria,0
Aconchi,2026,Robo a negocio,0
Aconchi,2026,Robo a transeúnte en espacio abierto al público,0
Aconchi,2026,Robo a transeúnte en vía pública,0
Aconchi,2026,Robo a transportista,0
Aconchi,2026,Robo de autopartes,0
Aconchi,2026,Robo de ganado,0
Aconchi,2026,"Robo de maquinaria - Cables, tubos y otros objetos destinados a servicios públicos",0
Aconchi,2026,Robo de maquinaria - Herramienta industrial o agrícola,0
Aconchi,2026,Robo de maquinaria - Tractores y/o montacargas,0
Aconchi,2026,Robo de vehículo automotor - Coche de 4 ruedas,0
Aconchi,2026,Robo de vehículo automotor - Embarcaciones,0
Aconchi,2026,Robo de vehículo automotor - Motocicleta,0
Aconchi,2026,Robo en transporte individual,0
Aconchi,2026,Robo en transporte público colectivo,0
Aconchi,2026,Robo en transporte público individual,0
Aconchi,2026,Secuestro con calidad de rehén,0
Aconchi,2026,Secuestro exprés,0
Aconchi,2026,Secuestro extorsivo,0
Aconchi,2026,Secuestro para causar daño,0
Aconchi,2026,Suplantación y usurpación de identidad,0
Aconchi,2026,Tentativa de extorsión por otros medios,0
Aconchi,2026,Tentativa de extorsión presencial,0
Aconchi,2026,Tentativa de feminicidio,0
Aconchi,2026,Tentativa de homicidio doloso,0
Aconchi,2026,Tortura,0
Aconchi,2026,Trata de personas con fines de explotación sexual,0
Aconchi,2026,Trata de personas con fines de trabajo o servicios forzados,0
Aconchi,2026,Trata de personas con fines de tráfico de órganos,0
Aconchi,2026,Trata de personas con otros fines,0
Aconchi,2026,Tráfico de menores,0
Aconchi,2026,Violación a la intimidad sexual,0
Aconchi,2026,Violación equiparada,0
Aconchi,2026,Violación simple,0
Aconchi,2026,Violencia de género en todas sus modalidades distinta a la violencia familiar,0
Aconchi,2026,Violencia familiar,0
Agua Prieta,2026,Aborto,0
Agua Prieta,2026,Abuso de confianza,1
Agua Prieta,2026,Abuso sexual,3
Agua Prieta,2026,Acoso sexual,0
Agua Prieta,2026,Allanamiento de morada,2
Agua Prieta,2026,Amenazas,4
Agua Prieta,2026,Contra el medio ambiente,0
Agua Prieta,2026,Corrupción de menores,0
Agua Prieta,2026,Daño a la propiedad,10
Agua Prieta,2026,Delitos cometidos por servidores públicos,0
Agua Prieta,2026,Delitos contra la administración de justicia,0
Agua Prieta,2026,Despojo,1
Agua Prieta,2026,Discriminación,0
Agua Prieta,2026,Electorales,0
Agua Prieta,2026,Evasión de presos,0
Agua Prieta,2026,Extorsión por otros medios,0
Agua Prieta,2026,Extorsión presencial,0
Agua Prieta,2026,Falsedad,0
Agua Prieta,2026,Falsificación,0
Agua Prieta,2026,Feminicidio,0
Agua Prieta,2026,Fraude,1
Agua Prieta,2026,Homicidio culposo,0
Agua Prieta,2026,Homicidio doloso,0
Agua Prieta,2026,Hostigamiento sexual,0
Agua Prieta,2026,Incesto,0
Agua Prieta,2026,Incumplimiento de obligaciones de asistencia familiar,24
Agua Prieta,2026,Lesiones culposas,2
Agua Prieta,2026,Lesiones dolosas,6
Agua Prieta,2026,Narcomenudeo con fines de venta,1
Agua Prieta,2026,Narcomenudeo posesión simple,0
Agua Prieta,2026,Otros delitos contra el patrimonio,1
Agua Prieta,2026,Otros delitos contra la familia,1
Agua Prieta,2026,Otros delitos contra la sociedad,0
Agua Prieta,2026,Otros delitos del Fuero Común,8
Agua Prieta,2026,Otros delitos que atentan contra la libertad personal,0
Agua Prieta,2026,Otros delitos que atentan contra la libertad y la seguridad sexual,0
Agua Prieta,2026,Otros delitos que atentan contra la vida y la integridad corporal,0
Agua Prieta,2026,Otros robos,3
Agua Prieta,2026,Pornografía infantil,0
Agua Prieta,2026,Privación ilegal de la libertad,0
Agua Prieta,2026,Rapto,0
Agua Prieta,2026,Retención o sustracción de menores e incapaces,0
Agua Prieta,2026,Robo a casa habitación,1
Agua Prieta,2026,Robo a institución bancaria,0
Agua Prieta,2026,Robo a negocio,2
Agua Prieta,2026,Robo a transeúnte en espacio abierto al público,0
Agua Prieta,2026,Robo a transeúnte en vía pública,0
Agua Prieta,2026,Robo a transportista,0
Agua Prieta,2026,Robo de autopartes,0
Agua Prieta,2026,Robo de ganado,0
Agua Prieta,2026,"Robo de maquinaria - Cables, tubos y otros objetos destinados a servicios públicos",0
Agua Prieta,2026,Robo de maquinaria - Herramienta industrial o agrícola,0
Agua Prieta,2026,Robo de maquinaria - Tractores y/o montacargas,0
Agua Prieta,2026,Robo de vehículo automotor - Coche de 4 ruedas,5
Agua Prieta,2026,Robo de vehículo automotor - Embarcaciones,0
Agua Prieta,2026,Robo de vehículo automotor - Motocicleta,1
Agua Prieta,2026,Robo en transporte individual,0
Agua Prieta,2026,Robo en transporte público colectivo,0
Agua Prieta,2026,Robo en transporte público individual,0
Agua Prieta,2026,Secuestro con calidad de rehén,0
Agua Prieta,2026,Secuestro exprés,0
Agua Prieta,2026,Secuestro extorsivo,0
Agua Prieta,2026,Secuestro para causar daño,0
Agua Prieta,2026,Suplantación y usurpación de identidad,0
Agua Prieta,2026,Tentativa de extorsión por otros medios,0
Agua Prieta,2026,Tentativa de extorsión presencial,0
Agua Prieta,2026,Tentativa de feminicidio,1
Agua Prieta,2026,Tentativa de homicidio doloso,1
Agua Prieta,2026,Tortura,0
Agua Prieta,2026,Trata de personas con fines de explotación sexual,0
Agua Prieta,2026,Trata de personas con fines de trabajo o servicios forzados,0
Agua Prieta,2026,Trata de personas con fines de tráfico de órganos,0
Agua Prieta,2026,Trata de personas con otros fines,0
Agua Prieta,2026,Tráfico de menores,0
Agua Prieta,2026,Violación a la intimidad sexual,0
Agua Prieta,2026,Violación equiparada,1
Agua Prieta,2026,Violación simple,2
Agua Prieta,2026,Violencia de género en todas sus modalidades distinta a la violencia familiar,1
Agua Prieta,2026,Violencia familiar,33
Altar,2026,Aborto,0
Altar,2026,Abuso de confianza,0
Altar,2026,Abuso sexual,0
Altar,2026,Acoso sexual,0
Altar,2026,Allanamiento de morada,0
Altar,2026,Amenazas,0
Altar,2026,Contra el medio ambiente,0
Altar,2026,Corrupción de menores,0
Altar,2026,Daño a la propiedad,0
Altar,2026,Delitos cometidos por servidores públicos,0
Altar,2026,Delitos contra la administración de justicia,0
Altar,2026,Despojo,1
Altar,2026,Discriminación,0
Altar,2026,Electorales,0
Altar,2026,Evasión de presos,0
Altar,2026,Extorsión por otros medios,0
Altar,2026,Extorsión presencial,0
Altar,2026,Falsedad,0
Altar,2026,Falsificación,0
Altar,2026,Feminicidio,0
Altar,2026,Fraude,0
Altar,2026,Homicidio culposo,0
Altar,2026,Homicidio doloso,0
Altar,2026,Hostigamiento sexual,0
Altar,2026,Incesto,0
Altar,2026,Incumplimiento de obligaciones de asistencia familiar,0
Altar,2026,Lesiones culposas,0
Altar,2026,Lesiones dolosas,0
Altar,2026,Narcomenudeo con fines de venta,4
Altar,2026,Narcomenudeo posesión simple,0
Altar,2026,Otros delitos contra el patrimonio,2
Altar,2026,Otros delitos contra la familia,0
Altar,2026,Otros delitos contra la sociedad,0
Altar,2026,Otros delitos del Fuero Común,3
Altar,2026,Otros delitos que atentan contra la libertad personal,1
Altar,2026,Otros delitos que atentan contra la libertad y la seguridad sexual,1
Altar,2026,Otros delitos que atentan contra la vida y la integridad corporal,0
Altar,2026,Otros robos,0
Altar,2026,Pornografía infantil,0
Altar,2026,Privación ilegal de la libertad,1
Altar,2026,Rapto,0
Altar,2026,Retención o sustracción de menores e incapaces,0
Altar,2026,Robo a casa habitación,0
Altar,2026,Robo a institución bancaria,0
Altar,2026,Robo a negocio,0
Altar,2026,Robo a transeúnte en espacio abierto al público,0
Altar,2026,Robo a transeúnte en vía pública,0
Altar,2026,Robo a transportista,0
Altar,2026,Robo de autopartes,0
Altar,2026,Robo de ganado,0
Altar,2026,"Robo de maquinaria - Cables, tubos y otros objetos destinados a servicios públicos",0
Altar,2026,Robo de maquinaria - Herramienta industrial o agrícola,0
Altar,2026,Robo de maquinaria - Tractores y/o montacargas,0
Altar,2026,Robo de vehículo automotor - Coche de 4 ruedas,2
Altar,2026,Robo de vehículo automotor - Embarcaciones,0
Altar,2026,Robo de vehículo automotor - Motocicleta,0
Altar,2026,Robo en transporte individual,0
Altar,2026,Robo en transporte público colectivo,0
Altar,2026,Robo en transporte público individual,0
Altar,2026,Secuestro con calidad de rehén,0
Altar,2026,Secuestro exprés,0
Altar,2026,Secuestro extorsivo,0
Altar,2026,Secuestro para causar daño,0
Altar,2026,Suplantación y usurpación de identidad,0
Altar,2026,Tentativa de extorsión por otros medios,0
Altar,2026,Tentativa de extorsión presencial,0
Altar,2026,Tentativa de feminicidio,0
Altar,2026,Tentativa de homicidio doloso,1
Altar,2026,Tortura,0
Altar,2026,Trata de personas con fines de explotación sexual,0
Altar,2026,Trata de personas con fines de trabajo o servicios forzados,0
Altar,2026,Trata de personas con fines de tráfico de órganos,0
Altar,2026,Trata de personas con otros fines,0
Altar,2026,Tráfico de menores,0
Altar,2026,Violación a la intimidad sexual,0
Altar,2026,Violación equiparada,0
Altar,2026,Violación simple,0
Altar,2026,Violencia de género en todas sus modalidades distinta a la violencia familiar,0
Altar,2026,Violencia familiar,0
Arivechi,2026,Aborto,0
Arivechi,2026,Abuso de confianza,0
Arivechi,2026,Abuso sexual,0
Arivechi,2026,Acoso sexual,0
Arivechi,2026,Allanamiento de morada,0
Arivechi,2026,Amenazas,0
Arivechi,2026,Contra el medio ambiente,0
Arivechi,2026,Corrupción de menores,0
Arivechi,2026,Daño a la propiedad,0
Arivechi,2026,Delitos cometidos por servidores públicos,0
Arivechi,2026,Delitos contra la administración de justicia,0
Arivechi,2026,Despojo,0
Arivechi,2026,Discriminación,0
Arivechi,2026,Electorales,0
Arivechi,2026,Evasión de presos,0
Arivechi,2026,Extorsión por otros medios,0
Arivechi,2026,Extorsión presencial,0
Arivechi,2026,Falsedad,0
Arivechi,2026,Falsificación,0
Arivechi,2026,Feminicidio,0
Arivechi,2026,Fraude,0
Arivechi,2026,Homicidio culposo,0
Arivechi,2026,Homicidio doloso,0
Arivechi,2026,Hostigamiento sexual,0
Arivechi,2026,Incesto,0
Arivechi,2026,Incumplimiento de obligaciones de asistencia familiar,1
Arivechi,2026,Lesiones culposas,0
Arivechi,2026,Lesiones dolosas,0
Arivechi,2026,Narcomenudeo con fines de venta,0
Arivechi,2026,Narcomenudeo posesión simple,0
Arivechi,2026,Otros delitos contra el patrimonio,0
Arivechi,2026,Otros delitos contra la familia,0
Arivechi,2026,Otros delitos contra la sociedad,0
Arivechi,2026,Otros delitos del Fuero Común,0
Arivechi,2026,Otros delitos que atentan contra la libertad personal,0
Arivechi,2026,Otros delitos que atentan contra la libertad y la seguridad sexual,0
Arivechi,2026,Otros delitos que atentan contra la vida y la integridad corporal,0
Arivechi,2026,Otros robos,1
Arivechi,2026,Pornografía infantil,0
Arivechi,2026,Privación ilegal de la libertad,0
Arivechi,2026,Rapto,0
Arivechi,2026,Retención o sustracción de menores e incapaces,0
Arivechi,2026,Robo a casa habitación,0
Arivechi,2026,Robo a institución bancaria,0
Arivechi,2026,Robo a negocio,0
Arivechi,2026,Robo a transeúnte en espacio abierto al público,0
Arivechi,2026,Robo a transeúnte en vía pública,0
Arivechi,2026,Robo a transportista,0
Arivechi,2026,Robo de autopartes,0
Arivechi,2026,Robo de ganado,0
Arivechi,2026,"Robo de maquinaria - Cables, tubos y otros objetos destinados a servicios públicos",0
Arivechi,2026,Robo de maquinaria - Herramienta industrial o agrícola,0
Arivechi,2026,Robo de maquinaria - Tractores y/o montacargas,0
Arivechi,2026,Robo de vehículo automotor - Coche de 4 ruedas,0
Arivechi,2026,Robo de vehículo automotor - Embarcaciones,0
Arivechi,2026,Robo de vehículo automotor - Motocicleta,0
Arivechi,2026,Robo en transporte individual,0
Arivechi,2026,Robo en transporte público colectivo,0
Arivechi,2026,Robo en transporte público individual,0
Arivechi,2026,Secuestro con calidad de rehén,0
Arivechi,2026,Secuestro exprés,0
Arivechi,2026,Secuestro extorsivo,0
Arivechi,2026,Secuestro para causar daño,0
Arivechi,2026,Suplantación y usurpación de identidad,0
Arivechi,2026,Tentativa de extorsión por otros medios,0
Arivechi,2026,Tentativa de extorsión presencial,0
Arivechi,2026,Tentativa de feminicidio,0
Arivechi,2026,Tentativa de homicidio doloso,0
Arivechi,2026,Tortura,0
Arivechi,2026,Trata de personas con fines de explotación sexual,0
Arivechi,2026,Trata de personas con fines de trabajo o servicios forzados,0
Arivechi,2026,Trata de personas con fines de tráfico de órganos,0
Arivechi,2026,Trata de personas con otros fines,0
Arivechi,2026,Tráfico de menores,0
Arivechi,2026,Violación a la intimidad sexual,0
Arivechi,2026,Violación equiparada,0
Arivechi,2026,Violación simple,0
Arivechi,2026,Violencia de género en todas sus modalidades distinta a la violencia familiar,0
Arivechi,2026,Violencia familiar,0
Arizpe,2026,Aborto,0
Arizpe,2026,Abuso de confianza,0
Arizpe,2026,Abuso sexual,0
Arizpe,2026,Acoso sexual,0
Arizpe,2026,Allanamiento de morada,0
Arizpe,2026,Amenazas,0
Arizpe,2026,Contra el medio ambiente,0
Arizpe,2026,Corrupción de menores,0
Arizpe,2026,Daño a la propiedad,0
Arizpe,2026,Delitos cometidos por servidores públicos,0
Arizpe,2026,Delitos contra la administración de justicia,0
Arizpe,2026,Despojo,0
Arizpe,2026,Discriminación,0
Arizpe,2026,Electorales,0
Arizpe,2026,Evasión de presos,0
Arizpe,2026,Extorsión por otros medios,0
Arizpe,2026,Extorsión presencial,0
Arizpe,2026,Falsedad,0
Arizpe,2026,Falsificación,0
Arizpe,2026,Feminicidio,0
Arizpe,2026,Fraude,0
Arizpe,2026,Homicidio culposo,0
Arizpe,2026,Homicidio doloso,0
Arizpe,2026,Hostigamiento sexual,0
Arizpe,2026,Incesto,0
Arizpe,2026,Incumplimiento de obligaciones de asistencia familiar,0
Arizpe,2026,Lesiones culposas,0
Arizpe,2026,Lesiones dolosas,0
Arizpe,2026,Narcomenudeo con fines de venta,0
Arizpe,2026,Narcomenudeo posesión simple,0
Arizpe,2026,Otros delitos contra el patrimonio,0
Arizpe,2026,Otros delitos contra la familia,0
Arizpe,2026,Otros delitos contra la sociedad,0
Arizpe,2026,Otros delitos del Fuero Común,0
Arizpe,2026,Otros delitos que atentan contra la libertad personal,0
Arizpe,2026,Otros delitos que atentan contra la libertad y la seguridad sexual,0
Arizpe,2026,Otros delitos que atentan contra la vida y la integridad corporal,0
Arizpe,2026,Otros robos,0
Arizpe,2026,Pornografía infantil,0
Arizpe,2026,Privación ilegal de la libertad,0
Arizpe,2026,Rapto,0
Arizpe,2026,Retención o sustracción de menores e incapaces,0
Arizpe,2026,Robo a casa habitación,0
Arizpe,2026,Robo a institución bancaria,0
Arizpe,2026,Robo a negocio,0
Arizpe,2026,Robo a transeúnte en espacio abierto al público,0
Arizpe,2026,Robo a transeúnte en vía pública,0
Arizpe,2026,Robo a transportista,0
Arizpe,2026,Robo de autopartes,0
Arizpe,2026,Robo de ganado,0
Arizpe,2026,"Robo de maquinaria - Cables, tubos y otros objetos destinados a servicios públicos",0
Arizpe,2026,Robo de maquinaria - Herramienta industrial o agrícola,0
Arizpe,2026,Robo de maquinaria - Tractores y/o montacargas,0
Arizpe,2026,Robo de vehículo automotor - Coche de 4 ruedas,0
Arizpe,2026,Robo de vehículo automotor - Embarcaciones,0
Arizpe,2026,Robo de vehículo automotor - Motocicleta,0
Arizpe,2026,Robo en transporte individual,0
Arizpe,2026,Robo en transporte público colectivo,0
Arizpe,2026,Robo en transporte público individual,0
Arizpe,2026,Secuestro con calidad de rehén,0
Arizpe,2026,Secuestro exprés,0
Arizpe,2026,Secuestro extorsivo,0
Arizpe,2026,Secuestro para causar daño,0
Arizpe,2026,Suplantación y usurpación de identidad,0
Arizpe,2026,Tentativa de extorsión por otros medios,0
Arizpe,2026,Tentativa de extorsión presencial,0
Arizpe,2026,Tentativa de feminicidio,0
Arizpe,2026,Tentativa de homicidio doloso,0
Arizpe,2026,Tortura,0
Arizpe,2026,Trata de personas con fines de explotación sexual,0
Arizpe,2026,Trata de personas con fines de trabajo o servicios forzados,0
Arizpe,2026,Trata de personas con fines de tráfico de órganos,0
Arizpe,2026,Trata de personas con otros fines,0
Arizpe,2026,Tráfico de menores,0
Arizpe,2026,Violación a la intimidad sexual,0
Arizpe,2026,Violación equiparada,0
Arizpe,2026,Violación simple,0
Arizpe,2026,Violencia de género en todas sus modalidades distinta a la violencia familiar,0
Arizpe,2026,Violencia familiar,0
Atil,2026,Aborto,0
Atil,2026,Abuso de confianza,0
Atil,2026,Abuso sexual,0
Atil,2026,Acoso sexual,0
Atil,2026,Allanamiento de morada,0
Atil,2026,Amenazas,0
Atil,2026,Contra el medio ambiente,0
Atil,2026,Corrupción de menores,0
Atil,2026,Daño a la propiedad,0
Atil,2026,Delitos cometidos por servidores públicos,0
Atil,2026,Delitos contra la administración de justicia,0
Atil,2026,Despojo,0
Atil,2026,Discriminación,0
Atil,2026,Electorales,0
Atil,2026,Evasión de presos,0
Atil,2026,Extorsión por otros medios,0
Atil,2026,Extorsión presencial,0
Atil,2026,Falsedad,0
Atil,2026,Falsificación,0
Atil,2026,Feminicidio,0
Atil,2026,Fraude,0
Atil,2026,Homicidio culposo,0
Atil,2026,Homicidio doloso,0
Atil,2026,Hostigamiento sexual,0
Atil,2026,Incesto,0
Atil,2026,Incumplimiento de obligaciones de asistencia familiar,0
Atil,2026,Lesiones culposas,0
Atil,2026,Lesiones dolosas,0
Atil,2026,Narcomenudeo con fines de venta,0
Atil,2026,Narcomenudeo posesión simple,0
Atil,2026,Otros delitos contra el patrimonio,0
Atil,2026,Otros delitos contra la familia,0
Atil,2026,Otros delitos contra la sociedad,0
Atil,2026,Otros delitos del Fuero Común,0
Atil,2026,Otros delitos que atentan contra la libertad personal,0
Atil,2026,Otros delitos que atentan contra la libertad y la seguridad sexual,0
Atil,2026,Otros delitos que atentan contra la vida y la integridad corporal,0
Atil,2026,Otros robos,0
Atil,2026,Pornografía infantil,0
Atil,2026,Privación ilegal de la libertad,0
Atil,2026,Rapto,0
Atil,2026,Retención o sustracción de menores e incapaces,0
Atil,2026,Robo a casa habitación,0
Atil,2026,Robo a institución bancaria,0
Atil,2026,Robo a negocio,0
Atil,2026,Robo a transeúnte en espacio abierto al público,0
Atil,2026,Robo a transeúnte en vía pública,0
Atil,2026,Robo a transportista,0
Atil,2026,Robo de autopartes,0
Atil,2026,Robo de ganado,0
Atil,2026,"Robo de maquinaria - Cables, tubos y otros objetos destinados a servicios públicos",0
Atil,2026,Robo de maquinaria - Herramienta industrial o agrícola,0
Atil,2026,Robo de maquinaria - Tractores y/o montacargas,0
Atil,2026,Robo de vehículo automotor - Coche de 4 ruedas,0
Atil,2026,Robo de vehículo automotor - Embarcaciones,0
Atil,2026,Robo de vehículo automotor - Motocicleta,0
Atil,2026,Robo en transporte individual,0
Atil,2026,Robo en transporte público colectivo,0
Atil,2026,Robo en transporte público individual,0
Atil,2026,Secuestro con calidad de rehén,0
Atil,2026,Secuestro exprés,0
Atil,2026,Secuestro extorsivo,0
Atil,2026,Secuestro para causar daño,0
Atil,2026,Suplantación y usurpación de identidad,0
Atil,2026,Tentativa de extorsión por otros medios,0
Atil,2026,Tentativa de extorsión presencial,0
Atil,2026,Tentativa de feminicidio,0
Atil,2026,Tentativa de homicidio doloso,0
Atil,2026,Tortura,0
Atil,2026,Trata de personas con fines de explotación sexual,0
Atil,2026,Trata de personas con fines de trabajo o servicios forzados,0
Atil,2026,Trata de personas con fines de tráfico de órganos,0
Atil,2026,Trata de personas con otros fines,0
Atil,2026,Tráfico de menores,0
Atil,2026,Violación a la intimidad sexual,0
Atil,2026,Violación equiparada,0
Atil,2026,Violación simple,0
Atil,2026,Violencia de género en todas sus modalidades distinta a la violencia familiar,0
Atil,2026,Violencia familiar,0
Bacadéhuachi,2026,Aborto,0
Bacadéhuachi,2026,Abuso de confianza,0
Bacadéhuachi,2026,Abuso sexual,0
Bacadéhuachi,2026,Acoso sexual,0
Bacadéhuachi,2026,Allanamiento de morada,0
Bacadéhuachi,2026,Amenazas,0
Bacadéhuachi,2026,Contra el medio ambiente,0
Bacadéhuachi,2026,Corrupción de menores,0
Bacadéhuachi,2026,Daño a la propiedad,0
Bacadéhuachi,2026,Delitos cometidos por servidores públicos,0
Bacadéhuachi,2026,Delitos contra la administración de justicia,0
Bacadéhuachi,2026,Despojo,0
Bacadéhuachi,2026,Discriminación,0
Bacadéhuachi,2026,Electorales,0
Bacadéhuachi,2026,Evasión de presos,0
Bacadéhuachi,2026,Extorsión por otros medios,0
Bacadéhuachi,2026,Extorsión presencial,0
Bacadéhuachi,2026,Falsedad,0
Bacadéhuachi,2026,Falsificación,0
Bacadéhuachi,2026,Feminicidio,0
Bacadéhuachi,2026,Fraude,0
Bacadéhuachi,2026,Homicidio culposo,0
Bacadéhuachi,2026,Homicidio doloso,0
Bacadéhuachi,2026,Hostigamiento sexual,0
Bacadéhuachi,2026,Incesto,0
Bacadéhuachi,2026,Incumplimiento de obligaciones de asistencia familiar,0
Bacadéhuachi,2026,Lesiones culposas,0
Bacadéhuachi,2026,Lesiones dolosas,0
Bacadéhuachi,2026,Narcomenudeo con fines de venta,0
Bacadéhuachi,2026,Narcomenudeo posesión simple,0
Bacadéhuachi,2026,Otros delitos contra el patrimonio,0
Bacadéhuachi,2026,Otros delitos contra la familia,0
Bacadéhuachi,2026,Otros delitos contra la sociedad,0
Bacadéhuachi,2026,Otros delitos del Fuero Común,0
Bacadéhuachi,2026,Otros delitos que atentan contra la libertad personal,0
Bacadéhuachi,2026,Otros delitos que atentan contra la libertad y la seguridad sexual,0
Bacadéhuachi,2026,Otros delitos que atentan contra la vida y la integridad corporal,0
Bacadéhuachi,2026,Otros robos,0
Bacadéhuachi,2026,Pornografía infantil,0
Bacadéhuachi,2026,Privación ilegal de la libertad,0
Bacadéhuachi,2026,Rapto,0
Bacadéhuachi,2026,Retención o sustracción de menores e incapaces,0
Bacadéhuachi,2026,Robo a casa habitación,0
Bacadéhuachi,2026,Robo a institución bancaria,0
Bacadéhuachi,2026,Robo a negocio,0
Bacadéhuachi,2026,Robo a transeúnte en espacio abierto al público,0
Bacadéhuachi,2026,Robo a transeúnte en vía pública,0
Bacadéhuachi,2026,Robo a transportista,0
Bacadéhuachi,2026,Robo de autopartes,0
Bacadéhuachi,2026,Robo de ganado,0
Bacadéhuachi,2026,"Robo de maquinaria - Cables, tubos y otros objetos destinados a servicios públicos",0
Bacadéhuachi,2026,Robo de maquinaria - Herramienta industrial o agrícola,0
Bacadéhuachi,2026,Robo de maquinaria - Tractores y/o montacargas,0
Bacadéhuachi,2026,Robo de vehículo automotor - Coche de 4 ruedas,0
Bacadéhuachi,2026,Robo de vehículo automotor - Embarcaciones,0
Bacadéhuachi,2026,Robo de vehículo automotor - Motocicleta,0
Bacadéhuachi,2026,Robo en transporte individual,0
Bacadéhuachi,2026,Robo en transporte público colectivo,0
Bacadéhuachi,2026,Robo en transporte público individual,0
Bacadéhuachi,2026,Secuestro con calidad de rehén,0
Bacadéhuachi,2026,Secuestro exprés,0
Bacadéhuachi,2026,Secuestro extorsivo,0
Bacadéhuachi,2026,Secuestro para causar daño,0
Bacadéhuachi,2026,Suplantación y usurpación de identidad,0
Bacadéhuachi,2026,Tentativa de extorsión por otros medios,0
Bacadéhuachi,2026,Tentativa de extorsión presencial,0
Bacadéhuachi,2026,Tentativa de feminicidio,0
Bacadéhuachi,2026,Tentativa de homicidio doloso,0
Bacadéhuachi,2026,Tortura,0
Bacadéhuachi,2026,Trata de personas con fines de explotación sexual,0
Bacadéhuachi,2026,Trata de personas con fines de trabajo o servicios forzados,0
Bacadéhuachi,2026,Trata de personas con fines de tráfico de órganos,0
Bacadéhuachi,2026,Trata de personas con otros fines,0
Bacadéhuachi,2026,Tráfico de menores,0
Bacadéhuachi,2026,Violación a la intimidad sexual,0
Bacadéhuachi,2026,Violación equiparada,0
Bacadéhuachi,2026,Violación simple,0
Bacadéhuachi,2026,Violencia de género en todas sus modalidades distinta a la violencia familiar,0
Bacadéhuachi,2026,Violencia familiar,0
Bacanora,2026,Aborto,0
Bacanora,2026,Abuso de confianza,0
Bacanora,2026,Abuso sexual,0
Bacanora,2026,Acoso sexual,0
Bacanora,2026,Allanamiento de morada,0
Bacanora,2026,Amenazas,1
Bacanora,2026,Contra el medio ambiente,0
Bacanora,2026,Corrupción de menores,0
Bacanora,2026,Daño a la propiedad,0
Bacanora,2026,Delitos cometidos por servidores públicos,0
Bacanora,2026,Delitos contra la administración de justicia,0
Bacanora,2026,Despojo,0
Bacanora,2026,Discriminación,0
Bacanora,2026,Electorales,0
Bacanora,2026,Evasión de presos,0
Bacanora,2026,Extorsión por otros medios,0
Bacanora,2026,Extorsión presencial,0
Bacanora,2026,Falsedad,0
Bacanora,2026,Falsificación,0
Bacanora,2026,Feminicidio,0
Bacanora,2026,Fraude,0
Bacanora,2026,Homicidio culposo,0
Bacanora,2026,Homicidio doloso,0
Bacanora,2026,Hostigamiento sexual,0
Bacanora,2026,Incesto,0
Bacanora,2026,Incumplimiento de obligaciones de asistencia familiar,0
Bacanora,2026,Lesiones culposas,0
Bacanora,2026,Lesiones dolosas,0
Bacanora,2026,Narcomenudeo con fines de venta,0
Bacanora,2026,Narcomenudeo posesión simple,0
Bacanora,2026,Otros delitos contra el patrimonio,0
Bacanora,2026,Otros delitos contra la familia,0
Bacanora,2026,Otros delitos contra la sociedad,0
Bacanora,2026,Otros delitos del Fuero Común,0
Bacanora,2026,Otros delitos que atentan contra la libertad personal,0
Bacanora,2026,Otros delitos que atentan contra la libertad y la seguridad sexual,0
Bacanora,2026,Otros delitos que atentan contra la vida y la integridad corporal,0
Bacanora,2026,Otros robos,0
Bacanora,2026,Pornografía infantil,0
Bacanora,2026,Privación ilegal de la libertad,0
Bacanora,2026,Rapto,0
Bacanora,2026,Retención o sustracción de menores e incapaces,0
Bacanora,2026,Robo a casa habitación,0
Bacanora,2026,Robo a institución bancaria,0
Bacanora,2026,Robo a negocio,0
Bacanora,2026,Robo a transeúnte en espacio abierto al público,0
Bacanora,2026,Robo a transeúnte en vía pública,0
Bacanora,2026,Robo a transportista,0
Bacanora,2026,Robo de autopartes,0
Bacanora,2026,Robo de ganado,0
Bacanora,2026,"Robo de maquinaria - Cables, tubos y otros objetos destinados a servicios públicos",0
Bacanora,2026,Robo de maquinaria - Herramienta industrial o agrícola,0
Bacanora,2026,Robo de maquinaria - Tractores y/o montacargas,0
Bacanora,2026,Robo de vehículo automotor - Coche de 4 ruedas,0
Bacanora,2026,Robo de vehículo automotor - Embarcaciones,0
Bacanora,2026,Robo de vehículo automotor - Motocicleta,0
Bacanora,2026,Robo en transporte individual,0
Bacanora,2026,Robo en transporte público colectivo,0
Bacanora,2026,Robo en transporte público individual,0
Bacanora,2026,Secuestro con calidad de rehén,0
Bacanora,2026,Secuestro exprés,0
Bacanora,2026,Secuestro extorsivo,0
Bacanora,2026,Secuestro para causar daño,0
Bacanora,2026,Suplantación y usurpación de identidad,0
Bacanora,2026,Tentativa de extorsión por otros medios,0
Bacanora,2026,Tentativa de extorsión presencial,0
Bacanora,2026,Tentativa de feminicidio,0
Bacanora,2026,Tentativa de homicidio doloso,0
Bacanora,2026,Tortura,0
Bacanora,2026,Trata de personas con fines de explotación sexual,0
Bacanora,2026,Trata de personas con fines de trabajo o servicios forzados,0
Bacanora,2026,Trata de personas con fines de tráfico de órganos,0
Bacanora,2026,Trata de personas con otros fines,0
Bacanora,2026,Tráfico de menores,0
Bacanora,2026,Violación a la intimidad sexual,0
Bacanora,2026,Violación equiparada,0
Bacanora,2026,Violación simple,0
Bacanora,2026,Violencia de género en todas sus modalidades distinta a la violencia familiar,0
Bacanora,2026,Violencia familiar,0
Bacerac,2026,Aborto,0
Bacerac,2026,Abuso de confianza,1
Bacerac,2026,Abuso sexual,0
Bacerac,2026,Acoso sexual,0
Bacerac,2026,Allanamiento de morada,0
Bacerac,2026,Amenazas,0
Bacerac,2026,Contra el medio ambiente,0
Bacerac,2026,Corrupción de menores,0
Bacerac,2026,Daño a la propiedad,0
Bacerac,2026,Delitos cometidos por servidores públicos,0
Bacerac,2026,Delitos contra la administración de justicia,0
Bacerac,2026,Despojo,0
Bacerac,2026,Discriminación,0
Bacerac,2026,Electorales,0
Bacerac,2026,Evasión de presos,0
Bacerac,2026,Extorsión por otros medios,0
Bacerac,2026,Extorsión presencial,0
Bacerac,2026,Falsedad,0
Bacerac,2026,Falsificación,0
Bacerac,2026,Feminicidio,0
Bacerac,2026,Fraude,0
Bacerac,2026,Homicidio culposo,0
Bacerac,2026,Homicidio doloso,0
Bacerac,2026,Hostigamiento sexual,0
Bacerac,2026,Incesto,0
Bacerac,2026,Incumplimiento de obligaciones de asistencia familiar,0
Bacerac,2026,Lesiones culposas,0
Bacerac,2026,Lesiones dolosas,0
Bacerac,2026,Narcomenudeo con fines de venta,0
Bacerac,2026,Narcomenudeo posesión simple,0
Bacerac,2026,Otros delitos contra el patrimonio,0
Bacerac,2026,Otros delitos contra la familia,1
Bacerac,2026,Otros delitos contra la sociedad,0
Bacerac,2026,Otros delitos del Fuero Común,0
Bacerac,2026,Otros delitos que atentan contra la libertad personal,0
Bacerac,2026,Otros delitos que atentan contra la libertad y la seguridad sexual,0
Bacerac,2026,Otros delitos que atentan contra la vida y la integridad corporal,0
Bacerac,2026,Otros robos,1
Bacerac,2026,Pornografía infantil,0
Bacerac,2026,Privación ilegal de la libertad,0
Bacerac,2026,Rapto,0
Bacerac,2026,Retención o sustracción de menores e incapaces,0
Bacerac,2026,Robo a casa habitación,0
Bacerac,2026,Robo a institución bancaria,0
Bacerac,2026,Robo a negocio,0
Bacerac,2026,Robo a transeúnte en espacio abierto al público,0
Bacerac,2026,Robo a transeúnte en vía pública,0
Bacerac,2026,Robo a transportista,0
Bacerac,2026,Robo de autopartes,0
Bacerac,2026,Robo de ganado,0
Bacerac,2026,"Robo de maquinaria - Cables, tubos y otros objetos destinados a servicios públicos",0
Bacerac,2026,Robo de maquinaria - Herramienta industrial o agrícola,0
Bacerac,2026,Robo de maquinaria - Tractores y/o montacargas,0
Bacerac,2026,Robo de vehículo automotor - Coche de 4 ruedas,0
Bacerac,2026,Robo de vehículo automotor - Embarcaciones,0
Bacerac,2026,Robo de vehículo automotor - Motocicleta,0
Bacerac,2026,Robo en transporte individual,0
Bacerac,2026,Robo en transporte público colectivo,0
Bacerac,2026,Robo en transporte público individual,0
Bacerac,2026,Secuestro con calidad de rehén,0
Bacerac,2026,Secuestro exprés,0
Bacerac,2026,Secuestro extorsivo,0
Bacerac,2026,Secuestro para causar daño,0
Bacerac,2026,Suplantación y usurpación de identidad,0
Bacerac,2026,Tentativa de extorsión por otros medios,0
Bacerac,2026,Tentativa de extorsión presencial,0
Bacerac,2026,Tentativa de feminicidio,0
Bacerac,2026,Tentativa de homicidio doloso,0
Bacerac,2026,Tortura,0
Bacerac,2026,Trata de personas con fines de explotación sexual,0
Bacerac,2026,Trata de personas con fines de trabajo o servicios forzados,0
Bacerac,2026,Trata de personas con fines de tráfico de órganos,0
Bacerac,2026,Trata de personas con otros fines,0
Bacerac,2026,Tráfico de menores,0
Bacerac,2026,Violación a la intimidad sexual,0
Bacerac,2026,Violación equiparada,0
Bacerac,2026,Violación simple,0
Bacerac,2026,Violencia de género en todas sus modalidades distinta a la violencia familiar,0
Bacerac,2026,Violencia familiar,0
Bacoachi,2026,Aborto,0
Bacoachi,2026,Abuso de confianza,0
Bacoachi,2026,Abuso sexual,0
Bacoachi,2026,Acoso sexual,0
Bacoachi,2026,Allanamiento de morada,0
Bacoachi,2026,Amenazas,0
Bacoachi,2026,Contra el medio ambiente,0
Bacoachi,2026,Corrupción de menores,0
Bacoachi,2026,Daño a la propiedad,0
Bacoachi,2026,Delitos cometidos por servidores públicos,0
Bacoachi,2026,Delitos contra la administración de justicia,0
Bacoachi,2026,Despojo,0
Bacoachi,2026,Discriminación,0
Bacoachi,2026,Electorales,0
Bacoachi,2026,Evasión de presos,0
Bacoachi,2026,Extorsión por otros medios,0
Bacoachi,2026,Extorsión presencial,0
Bacoachi,2026,Falsedad,0
Bacoachi,2026,Falsificación,0
Bacoachi,2026,Feminicidio,0
Bacoachi,2026,Fraude,0
Bacoachi,2026,Homicidio culposo,0
Bacoachi,2026,Homicidio doloso,0
Bacoachi,2026,Hostigamiento sexual,0
Bacoachi,2026,Incesto,0
Bacoachi,2026,Incumplimiento de obligaciones de asistencia familiar,0
Bacoachi,2026,Lesiones culposas,0
Bacoachi,2026,Lesiones dolosas,0
Bacoachi,2026,Narcomenudeo con fines de venta,0
Bacoachi,2026,Narcomenudeo posesión simple,0
Bacoachi,2026,Otros delitos contra el patrimonio,0
Bacoachi,2026,Otros delitos contra la familia,0
Bacoachi,2026,Otros delitos contra la sociedad,0
Bacoachi,2026,Otros delitos del Fuero Común,0
Bacoachi,2026,Otros delitos que atentan contra la libertad personal,0
Bacoachi,2026,Otros delitos que atentan contra la libertad y la seguridad sexual,0
Bacoachi,2026,Otros delitos que atentan contra la vida y la integridad corporal,0
Bacoachi,2026,Otros robos,0
Bacoachi,2026,Pornografía infantil,0
Bacoachi,2026,Privación ilegal de la libertad,0
Bacoachi,2026,Rapto,0
Bacoachi,2026,Retención o sustracción de menores e incapaces,0
Bacoachi,2026,Robo a casa habitación,0
Bacoachi,2026,Robo a institución bancaria,0
Bacoachi,2026,Robo a negocio,0
Bacoachi,2026,Robo a transeúnte en espacio abierto al público,0
Bacoachi,2026,Robo a transeúnte en vía pública,0
Bacoachi,2026,Robo a transportista,0
Bacoachi,2026,Robo de autopartes,0
Bacoachi,2026,Robo de ganado,0
Bacoachi,2026,"Robo de maquinaria - Cables, tubos y otros objetos destinados a servicios públicos",0
Bacoachi,2026,Robo de maquinaria - Herramienta industrial o agrícola,0
Bacoachi,2026,Robo de maquinaria - Tractores y/o montacargas,0
Bacoachi,2026,Robo de vehículo automotor - Coche de 4 ruedas,0
Bacoachi,2026,Robo de vehículo automotor - Embarcaciones,0
Bacoachi,2026,Robo de vehículo automotor - Motocicleta,0
Bacoachi,2026,Robo en transporte individual,0
Bacoachi,2026,Robo en transporte público colectivo,0
Bacoachi,2026,Robo en transporte público individual,0
Bacoachi,2026,Secuestro con calidad de rehén,0
Bacoachi,2026,Secuestro exprés,0
Bacoachi,2026,Secuestro extorsivo,0
Bacoachi,2026,Secuestro para causar daño,0
Bacoachi,2026,Suplantación y usurpación de identidad,0
Bacoachi,2026,Tentativa de extorsión por otros medios,0
Bacoachi,2026,Tentativa de extorsión presencial,0
Bacoachi,2026,Tentativa de feminicidio,0
Bacoachi,2026,Tentativa de homicidio doloso,0
Bacoachi,2026,Tortura,0
Bacoachi,2026,Trata de personas con fines de explotación sexual,0
Bacoachi,2026,Trata de personas con fines de trabajo o servicios forzados,0
Bacoachi,2026,Trata de personas con fines de tráfico de órganos,0
Bacoachi,2026,Trata de personas con otros fines,0
Bacoachi,2026,Tráfico de menores,0
Bacoachi,2026,Violación a la intimidad sexual,0
Bacoachi,2026,Violación equiparada,0
Bacoachi,2026,Violación simple,0
Bacoachi,2026,Violencia de género en todas sus modalidades distinta a la violencia familiar,0
Bacoachi,2026,Violencia familiar,0
Banámichi,2026,Aborto,0
Banámichi,2026,Abuso de confianza,0
Banámichi,2026,Abuso sexual,0
Banámichi,2026,Acoso sexual,0
Banámichi,2026,Allanamiento de morada,1
Banámichi,2026,Amenazas,1
Banámichi,2026,Contra el medio ambiente,0
Banámichi,2026,Corrupción de menores,0
Banámichi,2026,Daño a la propiedad,0
Banámichi,2026,Delitos cometidos por servidores públicos,0
Banámichi,2026,Delitos contra la administración de justicia,0
Banámichi,2026,Despojo,0
Banámichi,2026,Discriminación,0
Banámichi,2026,Electorales,0
Banámichi,2026,Evasión de presos,0
Banámichi,2026,Extorsión por otros medios,0
Banámichi,2026,Extorsión presencial,0
Banámichi,2026,Falsedad,0
Banámichi,2026,Falsificación,0
Banámichi,2026,Feminicidio,0
Banámichi,2026,Fraude,0
Banámichi,2026,Homicidio culposo,0
Banámichi,2026,Homicidio doloso,0
Banámichi,2026,Hostigamiento sexual,0
Banámichi,2026,Incesto,0
Banámichi,2026,Incumplimiento de obligaciones de asistencia familiar,0
Banámichi,2026,Lesiones culposas,1
Banámichi,2026,Lesiones dolosas,0
Banámichi,2026,Narcomenudeo con fines de venta,0
Banámichi,2026,Narcomenudeo posesión simple,0
Banámichi,2026,Otros delitos contra el patrimonio,0
Banámichi,2026,Otros delitos contra la familia,0
Banámichi,2026,Otros delitos contra la sociedad,0
Banámichi,2026,Otros delitos del Fuero Común,0
Banámichi,2026,Otros delitos que atentan contra la libertad personal,0
Banámichi,2026,Otros delitos que atentan contra la libertad y la seguridad sexual,0
Banámichi,2026,Otros delitos que atentan contra la vida y la integridad corporal,0
Banámichi,2026,Otros robos,0
Banámichi,2026,Pornografía infantil,0
Banámichi,2026,Privación ilegal de la libertad,0
Banámichi,2026,Rapto,0
Banámichi,2026,Retención o sustracción de menores e incapaces,0
Banámichi,2026,Robo a casa habitación,0
Banámichi,2026,Robo a institución bancaria,0
Banámichi,2026,Robo a negocio,0
Banámichi,2026,Robo a transeúnte en espacio abierto al público,0
Banámichi,2026,Robo a transeúnte en vía pública,0
Banámichi,2026,Robo a transportista,0
Banámichi,2026,Robo de autopartes,0
Banámichi,2026,Robo de ganado,0
Banámichi,2026,"Robo de maquinaria - Cables, tubos y otros objetos destinados a servicios públicos",0
Banámichi,2026,Robo de maquinaria - Herramienta industrial o agrícola,0
Banámichi,2026,Robo de maquinaria - Tractores y/o montacargas,0
Banámichi,2026,Robo de vehículo automotor - Coche de 4 ruedas,0
Banámichi,2026,Robo de vehículo automotor - Embarcaciones,0
Banámichi,2026,Robo de vehículo automotor - Motocicleta,0
Banámichi,2026,Robo en transporte individual,0
Banámichi,2026,Robo en transporte público colectivo,0
Banámichi,2026,Robo en transporte público individual,0
Banámichi,2026,Secuestro con calidad de rehén,0
Banámichi,2026,Secuestro exprés,0
Banámichi,2026,Secuestro extorsivo,0
Banámichi,2026,Secuestro para causar daño,0
Banámichi,2026,Suplantación y usurpación de identidad,0
Banámichi,2026,Tentativa de extorsión por otros medios,0
Banámichi,2026,Tentativa de extorsión presencial,0
Banámichi,2026,Tentativa de feminicidio,0
Banámichi,2026,Tentativa de homicidio doloso,0
Banámichi,2026,Tortura,0
Banámichi,2026,Trata de personas con fines de explotación sexual,0
Banámichi,2026,Trata de personas con fines de trabajo o servicios forzados,0
Banámichi,2026,Trata de personas con fines de tráfico de órganos,0
Banámichi,2026,Trata de personas con otros fines,0
Banámichi,2026,Tráfico de menores,0
Banámichi,2026,Violación a la intimidad sexual,0
Banámichi,2026,Violación equiparada,0
Banámichi,2026,Violación simple,0
Banámichi,2026,Violencia de género en todas sus modalidades distinta a la violencia familiar,0
Banámichi,2026,Violencia familiar,0
Bavispe,2026,Aborto,0
Bavispe,2026,Abuso de confianza,0
Bavispe,2026,Abuso sexual,0
Bavispe,2026,Acoso sexual,0
Bavispe,2026,Allanamiento de morada,0
Bavispe,2026,Amenazas,0
Bavispe,2026,Contra el medio ambiente,0
Bavispe,2026,Corrupción de menores,0
Bavispe,2026,Daño a la propiedad,0
Bavispe,2026,Delitos cometidos por servidores públicos,0
Bavispe,2026,Delitos contra la administración de justicia,0
Bavispe,2026,Despojo,0
Bavispe,2026,Discriminación,0
Bavispe,2026,Electorales,0
Bavispe,2026,Evasión de presos,0
Bavispe,2026,Extorsión por otros medios,0
Bavispe,2026,Extorsión presencial,0
Bavispe,2026,Falsedad,0
Bavispe,2026,Falsificación,0
Bavispe,2026,Feminicidio,0
Bavispe,2026,Fraude,0
Bavispe,2026,Homicidio culposo,0
Bavispe,2026,Homicidio doloso,0
Bavispe,2026,Hostigamiento sexual,0
Bavispe,2026,Incesto,0
Bavispe,2026,Incumplimiento de obligaciones de asistencia familiar,0
Bavispe,2026,Lesiones culposas,0
Bavispe,2026,Lesiones dolosas,0
Bavispe,2026,Narcomenudeo con fines de venta,0
Bavispe,2026,Narcomenudeo posesión simple,0
Bavispe,2026,Otros delitos contra el patrimonio,0
Bavispe,2026,Otros delitos contra la familia,0
Bavispe,2026,Otros delitos contra la sociedad,0
Bavispe,2026,Otros delitos del Fuero Común,0
Bavispe,2026,Otros delitos que atentan contra la libertad personal,0
Bavispe,2026,Otros delitos que atentan contra la libertad y la seguridad sexual,0
Bavispe,2026,Otros delitos que atentan contra la vida y la integridad corporal,0
Bavispe,2026,Otros robos,0
Bavispe,2026,Pornografía infantil,0
Bavispe,2026,Privación ilegal de la libertad,0
Bavispe,2026,Rapto,0
Bavispe,2026,Retención o sustracción de menores e incapaces,0
Bavispe,2026,Robo a casa habitación,0
Bavispe,2026,Robo a institución bancaria,0
Bavispe,2026,Robo a negocio,0
Bavispe,2026,Robo a transeúnte en espacio abierto al público,0
Bavispe,2026,Robo a transeúnte en vía pública,0
Bavispe,2026,Robo a transportista,0
Bavispe,2026,Robo de autopartes,0
Bavispe,2026,Robo de ganado,0
Bavispe,2026,"Robo de maquinaria - Cables, tubos y otros objetos destinados a servicios públicos",0
Bavispe,2026,Robo de maquinaria - Herramienta industrial o agrícola,0
Bavispe,2026,Robo de maquinaria - Tractores y/o montacargas,0
Bavispe,2026,Robo de vehículo automotor - Coche de 4 ruedas,0
Bavispe,2026,Robo de vehículo automotor - Embarcaciones,0
Bavispe,2026,Robo de vehículo automotor - Motocicleta,0
Bavispe,2026,Robo en transporte individual,0
Bavispe,2026,Robo en transporte público colectivo,0
Bavispe,2026,Robo en transporte público individual,0
Bavispe,2026,Secuestro con calidad de rehén,0
Bavispe,2026,Secuestro exprés,0
Bavispe,2026,Secuestro extorsivo,0
Bavispe,2026,Secuestro para causar daño,0
Bavispe,2026,Suplantación y usurpación de identidad,0
Bavispe,2026,Tentativa de extorsión por otros medios,0
Bavispe,2026,Tentativa de extorsión presencial,0
Bavispe,2026,Tentativa de feminicidio,0
Bavispe,2026,Tentativa de homicidio doloso,0
Bavispe,2026,Tortura,0
Bavispe,2026,Trata de personas con fines de explotación sexual,0
Bavispe,2026,Trata de personas con fines de trabajo o servicios forzados,0
Bavispe,2026,Trata de personas con fines de tráfico de órganos,0
Bavispe,2026,Trata de personas con otros fines,0
Bavispe,2026,Tráfico de menores,0
Bavispe,2026,Violación a la intimidad sexual,0
Bavispe,2026,Violación equiparada,0
Bavispe,2026,Violación simple,0
Bavispe,2026,Violencia de género en todas sus modalidades distinta a la violencia familiar,0
Bavispe,2026,Violencia familiar,0
Baviácora,2026,Aborto,0
Baviácora,2026,Abuso de confianza,0
Baviácora,2026,Abuso sexual,0
Baviácora,2026,Acoso sexual,0
Baviácora,2026,Allanamiento de morada,0
Baviácora,2026,Amenazas,0
Baviácora,2026,Contra el medio ambiente,0
Baviácora,2026,Corrupción de menores,0
Baviácora,2026,Daño a la propiedad,1
Baviácora,2026,Delitos cometidos por servidores públicos,0
Baviácora,2026,Delitos contra la administración de justicia,0
Baviácora,2026,Despojo,0
Baviácora,2026,Discriminación,0
Baviácora,2026,Electorales,0
Baviácora,2026,Evasión de presos,0
Baviácora,2026,Extorsión por otros medios,0
Baviácora,2026,Extorsión presencial,0
Baviácora,2026,Falsedad,0
Baviácora,2026,Falsificación,0
Baviácora,2026,Feminicidio,0
Baviácora,2026,Fraude,0
Baviácora,2026,Homicidio culposo,0
Baviácora,2026,Homicidio doloso,0
Baviácora,2026,Hostigamiento sexual,0
Baviácora,2026,Incesto,0
Baviácora,2026,Incumplimiento de obligaciones de asistencia familiar,1
Baviácora,2026,Lesiones culposas,0
Baviácora,2026,Lesiones dolosas,0
Baviácora,2026,Narcomenudeo con fines de venta,0
Baviácora,2026,Narcomenudeo posesión simple,0
Baviácora,2026,Otros delitos contra el patrimonio,0
Baviácora,2026,Otros delitos contra la familia,0
Baviácora,2026,Otros delitos contra la sociedad,0
Baviácora,2026,Otros delitos del Fuero Común,0
Baviácora,2026,Otros delitos que atentan contra la libertad personal,0
Baviácora,2026,Otros delitos que atentan contra la libertad y la seguridad sexual,0
Baviácora,2026,Otros delitos que atentan contra la vida y la integridad corporal,0
Baviácora,2026,Otros robos,0
Baviácora,2026,Pornografía infantil,0
Baviácora,2026,Privación ilegal de la libertad,0
Baviácora,2026,Rapto,0
Baviácora,2026,Retención o sustracción de menores e incapaces,0
Baviácora,2026,Robo a casa habitación,0
Baviácora,2026,Robo a institución bancaria,0
Baviácora,2026,Robo a negocio,0
Baviácora,2026,Robo a transeúnte en espacio abierto al público,0
Baviácora,2026,Robo a transeúnte en vía pública,0
Baviácora,2026,Robo a transportista,0
Baviácora,2026,Robo de autopartes,0
Baviácora,2026,Robo de ganado,0
Baviácora,2026,"Robo de maquinaria - Cables, tubos y otros objetos destinados a servicios públicos",0
Baviácora,2026,Robo de maquinaria - Herramienta industrial o agrícola,0
Baviácora,2026,Robo de maquinaria - Tractores y/o montacargas,0
Baviácora,2026,Robo de vehículo automotor - Coche de 4 ruedas,1
Baviácora,2026,Robo de vehículo automotor - Embarcaciones,0
Baviácora,2026,Robo de vehículo automotor - Motocicleta,0
Baviácora,2026,Robo en transporte individual,0
Baviácora,2026,Robo en transporte público colectivo,0
Baviácora,2026,Robo en transporte público individual,0
Baviácora,2026,Secuestro con calidad de rehén,0
Baviácora,2026,Secuestro exprés,0
Baviácora,2026,Secuestro extorsivo,0
Baviácora,2026,Secuestro para causar daño,0
Baviácora,2026,Suplantación y usurpación de identidad,0
Baviácora,2026,Tentativa de extorsión por otros medios,0
Baviácora,2026,Tentativa de extorsión presencial,0
Baviácora,2026,Tentativa de feminicidio,0
Baviácora,2026,Tentativa de homicidio doloso,0
Baviácora,2026,Tortura,0
Baviácora,2026,Trata de personas con fines de explotación sexual,0
Baviácora,2026,Trata de personas con fines de trabajo o servicios forzados,0
Baviácora,2026,Trata de personas con fines de tráfico de órganos,0
Baviácora,2026,Trata de personas con otros fines,0
Baviácora,2026,Tráfico de menores,0
Baviácora,2026,Violación a la intimidad sexual,0
Baviácora,2026,Violación equiparada,0
Baviácora,2026,Violación simple,0
Baviácora,2026,Violencia de género en todas sus modalidades distinta a la violencia familiar,0
Baviácora,2026,Violencia familiar,0
Benito Juárez,2026,Aborto,0
Benito Juárez,2026,Abuso de confianza,0
Benito Juárez,2026,Abuso sexual,1
Benito Juárez,2026,Acoso sexual,0
Benito Juárez,2026,Allanamiento de morada,1
Benito Juárez,2026,Amenazas,5
Benito Juárez,2026,Contra el medio ambiente,0
Benito Juárez,2026,Corrupción de menores,1
Benito Juárez,2026,Daño a la propiedad,2
Benito Juárez,2026,Delitos cometidos por servidores públicos,0
Benito Juárez,2026,Delitos contra la administración de justicia,0
Benito Juárez,2026,Despojo,1
Benito Juárez,2026,Discriminación,0
Benito Juárez,2026,Electorales,0
Benito Juárez,2026,Evasión de presos,0
Benito Juárez,2026,Extorsión por otros medios,0
Benito Juárez,2026,Extorsión presencial,0
Benito Juárez,2026,Falsedad,0
Benito Juárez,2026,Falsificación,0
Benito Juárez,2026,Feminicidio,0
Benito Juárez,2026,Fraude,1
Benito Juárez,2026,Homicidio culposo,1
Benito Juárez,2026,Homicidio doloso,0
Benito Juárez,2026,Hostigamiento sexual,0
Benito Juárez,2026,Incesto,0
Benito Juárez,2026,Incumplimiento de obligaciones de asistencia familiar,6
Benito Juárez,2026,Lesiones culposas,6
Benito Juárez,2026,Lesiones dolosas,4
Benito Juárez,2026,Narcomenudeo con fines de venta,2
Benito Juárez,2026,Narcomenudeo posesión simple,0
Benito Juárez,2026,Otros delitos contra el patrimonio,2
Benito Juárez,2026,Otros delitos contra la familia,0
Benito Juárez,2026,Otros delitos contra la sociedad,0
Benito Juárez,2026,Otros delitos del Fuero Común,1
Benito Juárez,2026,Otros delitos que atentan contra la libertad personal,0
Benito Juárez,2026,Otros delitos que atentan contra la libertad y la seguridad sexual,0
Benito Juárez,2026,Otros delitos que atentan contra la vida y la integridad corporal,1
Benito Juárez,2026,Otros robos,3
Benito Juárez,2026,Pornografía infantil,0
Benito Juárez,2026,Privación ilegal de la libertad,0
Benito Juárez,2026,Rapto,0
Benito Juárez,2026,Retención o sustracción de menores e incapaces,0
Benito Juárez,2026,Robo a casa habitación,2
Benito Juárez,2026,Robo a institución bancaria,0
Benito Juárez,2026,Robo a negocio,2
Benito Juárez,2026,Robo a transeúnte en espacio abierto al público,0
Benito Juárez,2026,Robo a transeúnte en vía pública,2
Benito Juárez,2026,Robo a transportista,0
Benito Juárez,2026,Robo de autopartes,0
Benito Juárez,2026,Robo de ganado,0
Benito Juárez,2026,"Robo de maquinaria - Cables, tubos y otros objetos destinados a servicios públicos",0
Benito Juárez,2026,Robo de maquinaria - Herramienta industrial o agrícola,0
Benito Juárez,2026,Robo de maquinaria - Tractores y/o montacargas,0
Benito Juárez,2026,Robo de vehículo automotor - Coche de 4 ruedas,5
Benito Juárez,2026,Robo de vehículo automotor - Embarcaciones,0
Benito Juárez,2026,Robo de vehículo automotor - Motocicleta,0
Benito Juárez,2026,Robo en transporte individual,0
Benito Juárez,2026,Robo en transporte público colectivo,0
Benito Juárez,2026,Robo en transporte público individual,0
Benito Juárez,2026,Secuestro con calidad de rehén,0
Benito Juárez,2026,Secuestro exprés,0
Benito Juárez,2026,Secuestro extorsivo,0
Benito Juárez,2026,Secuestro para causar daño,0
Benito Juárez,2026,Suplantación y usurpación de identidad,0
Benito Juárez,2026,Tentativa de extorsión por otros medios,0
Benito Juárez,2026,Tentativa de extorsión presencial,0
Benito Juárez,2026,Tentativa de feminicidio,0
Benito Juárez,2026,Tentativa de homicidio doloso,0
Benito Juárez,2026,Tortura,0
Benito Juárez,2026,Trata de personas con fines de explotación sexual,0
Benito Juárez,2026,Trata de personas con fines de trabajo o servicios forzados,0
Benito Juárez,2026,Trata de personas con fines de tráfico de órganos,0
Benito Juárez,2026,Trata de personas con otros fines,0
Benito Juárez,2026,Tráfico de menores,0
Benito Juárez,2026,Violación a la intimidad sexual,0
Benito Juárez,2026,Violación equiparada,1
Benito Juárez,2026,Violación simple,0
Benito Juárez,2026,Violencia de género en todas sus modalidades distinta a la violencia familiar,0
Benito Juárez,2026,Violencia familiar,18
Benjamín Hill,2026,Aborto,0
Benjamín Hill,2026,Abuso de confianza,0
Benjamín Hill,2026,Abuso sexual,2
Benjamín Hill,2026,Acoso sexual,0
Benjamín Hill,2026,Allanamiento de morada,0
Benjamín Hill,2026,Amenazas,0
Benjamín Hill,2026,Contra el medio ambiente,0
Benjamín Hill,2026,Corrupción de menores,0
Benjamín Hill,2026,Daño a la propiedad,0
Benjamín Hill,2026,Delitos cometidos por servidores públicos,1
Benjamín Hill,2026,Delitos contra la administración de justicia,0
Benjamín Hill,2026,Despojo,0
Benjamín Hill,2026,Discriminación,0
Benjamín Hill,2026,Electorales,0
Benjamín Hill,2026,Evasión de presos,0
Benjamín Hill,2026,Extorsión por otros medios,0
Benjamín Hill,2026,Extorsión presencial,0
Benjamín Hill,2026,Falsedad,0
Benjamín Hill,2026,Falsificación,0
Benjamín Hill,2026,Feminicidio,0
Benjamín Hill,2026,Fraude,0
Benjamín Hill,2026,Homicidio culposo,0
Benjamín Hill,2026,Homicidio doloso,0
Benjamín Hill,2026,Hostigamiento sexual,0
Benjamín Hill,2026,Incesto,0
Benjamín Hill,2026,Incumplimiento de obligaciones de asistencia familiar,1
Benjamín Hill,2026,Lesiones culposas,0
Benjamín Hill,2026,Lesiones dolosas,0
Benjamín Hill,2026,Narcomenudeo con fines de venta,2
Benjamín Hill,2026,Narcomenudeo posesión simple,0
Benjamín Hill,2026,Otros delitos contra el patrimonio,0
Benjamín Hill,2026,Otros delitos contra la familia,0
Benjamín Hill,2026,Otros delitos contra la sociedad,0
Benjamín Hill,2026,Otros delitos del Fuero Común,1
Benjamín Hill,2026,Otros delitos que atentan contra la libertad personal,0
Benjamín Hill,2026,Otros delitos que atentan contra la libertad y la seguridad sexual,0
Benjamín Hill,2026,Otros delitos que atentan contra la vida y la integridad corporal,0
Benjamín Hill,2026,Otros robos,1
Benjamín Hill,2026,Pornografía infantil,0
Benjamín Hill,2026,Privación ilegal de la libertad,1
Benjamín Hill,2026,Rapto,0
Benjamín Hill,2026,Retención o sustracción de menores e incapaces,0
Benjamín Hill,2026,Robo a casa habitación,0
Benjamín Hill,2026,Robo a institución bancaria,0
Benjamín Hill,2026,Robo a negocio,0
Benjamín Hill,2026,Robo a transeúnte en espacio abierto al público,0
Benjamín Hill,2026,Robo a transeúnte en vía pública,1
Benjamín Hill,2026,Robo a transportista,0
Benjamín Hill,2026,Robo de autopartes,0
Benjamín Hill,2026,Robo de ganado,0
Benjamín Hill,2026,"Robo de maquinaria - Cables, tubos y otros objetos destinados a servicios públicos",0
Benjamín Hill,2026,Robo de maquinaria - Herramienta industrial o agrícola,0
Benjamín Hill,2026,Robo de maquinaria - Tractores y/o montacargas,0
Benjamín Hill,2026,Robo de vehículo automotor - Coche de 4 ruedas,1
Benjamín Hill,2026,Robo de vehículo automotor - Embarcaciones,0
Benjamín Hill,2026,Robo de vehículo automotor - Motocicleta,0
Benjamín Hill,2026,Robo en transporte individual,0
Benjamín Hill,2026,Robo en transporte público colectivo,0
Benjamín Hill,2026,Robo en transporte público individual,0
Benjamín Hill,2026,Secuestro con calidad de rehén,0
Benjamín Hill,2026,Secuestro exprés,0
Benjamín Hill,2026,Secuestro extorsivo,0
Benjamín Hill,2026,Secuestro para causar daño,0
Benjamín Hill,2026,Suplantación y usurpación de identidad,0
Benjamín Hill,2026,Tentativa de extorsión por otros medios,0
Benjamín Hill,2026,Tentativa de extorsión presencial,0
Benjamín Hill,2026,Tentativa de feminicidio,1
Benjamín Hill,2026,Tentativa de homicidio doloso,0
Benjamín Hill,2026,Tortura,0
Benjamín Hill,2026,Trata de personas con fines de explotación sexual,0
Benjamín Hill,2026,Trata de personas con fines de trabajo o servicios forzados,0
Benjamín Hill,2026,Trata de personas con fines de tráfico de órganos,0
Benjamín Hill,2026,Trata de personas con otros fines,0
Benjamín Hill,2026,Tráfico de menores,0
Benjamín Hill,2026,Violación a la intimidad sexual,0
Benjamín Hill,2026,Violación equiparada,0
Benjamín Hill,2026,Violación simple,0
Benjamín Hill,2026,Violencia de género en todas sus modalidades distinta a la violencia familiar,0
Benjamín Hill,2026,Violencia familiar,2
Bácum,2026,Aborto,0
Bácum,2026,Abuso de confianza,0
Bácum,2026,Abuso sexual,0
Bácum,2026,Acoso sexual,0
Bácum,2026,Allanamiento de morada,0
Bácum,2026,Amenazas,6
Bácum,2026,Contra el medio ambiente,1
Bácum,2026,Corrupción de menores,0
Bácum,2026,Daño a la propiedad,4
Bácum,2026,Delitos cometidos por servidores públicos,0
Bácum,2026,Delitos contra la administración de justicia,0
Bácum,2026,Despojo,0
Bácum,2026,Discriminación,0
Bácum,2026,Electorales,0
Bácum,2026,Evasión de presos,0
Bácum,2026,Extorsión por otros medios,0
Bácum,2026,Extorsión presencial,0
Bácum,2026,Falsedad,1
Bácum,2026,Falsificación,0
Bácum,2026,Feminicidio,0
Bácum,2026,Fraude,0
Bácum,2026,Homicidio culposo,0
Bácum,2026,Homicidio doloso,0
Bácum,2026,Hostigamiento sexual,0
Bácum,2026,Incesto,0
Bácum,2026,Incumplimiento de obligaciones de asistencia familiar,4
Bácum,2026,Lesiones culposas,4
Bácum,2026,Lesiones dolosas,3
Bácum,2026,Narcomenudeo con fines de venta,3
Bácum,2026,Narcomenudeo posesión simple,0
Bácum,2026,Otros delitos contra el patrimonio,3
Bácum,2026,Otros delitos contra la familia,0
Bácum,2026,Otros delitos contra la sociedad,0
Bácum,2026,Otros delitos del Fuero Común,0
Bácum,2026,Otros delitos que atentan contra la libertad personal,0
Bácum,2026,Otros delitos que atentan contra la libertad y la seguridad sexual,1
Bácum,2026,Otros delitos que atentan contra la vida y la integridad corporal,0
Bácum,2026,Otros robos,9
Bácum,2026,Pornografía infantil,0
Bácum,2026,Privación ilegal de la libertad,0
Bácum,2026,Rapto,0
Bácum,2026,Retención o sustracción de menores e incapaces,0
Bácum,2026,Robo a casa habitación,1
Bácum,2026,Robo a institución bancaria,0
Bácum,2026,Robo a negocio,0
Bácum,2026,Robo a transeúnte en espacio abierto al público,0
Bácum,2026,Robo a transeúnte en vía pública,0
Bácum,2026,Robo a transportista,0
Bácum,2026,Robo de autopartes,1
Bácum,2026,Robo de ganado,1
Bácum,2026,"Robo de maquinaria - Cables, tubos y otros objetos destinados a servicios públicos",0
Bácum,2026,Robo de maquinaria - Herramienta industrial o agrícola,0
Bácum,2026,Robo de maquinaria - Tractores y/o montacargas,1
Bácum,2026,Robo de vehículo automotor - Coche de 4 ruedas,0
Bácum,2026,Robo de vehículo automotor - Embarcaciones,0
Bácum,2026,Robo de vehículo automotor - Motocicleta,3
Bácum,2026,Robo en transporte individual,0
Bácum,2026,Robo en transporte público colectivo,0
Bácum,2026,Robo en transporte público individual,0
Bácum,2026,Secuestro con calidad de rehén,0
Bácum,2026,Secuestro exprés,0
Bácum,2026,Secuestro extorsivo,0
Bácum,2026,Secuestro para causar daño,0
Bácum,2026,Suplantación y usurpación de identidad,1
Bácum,2026,Tentativa de extorsión por otros medios,1
Bácum,2026,Tentativa de extorsión presencial,0
Bácum,2026,Tentativa de feminicidio,0
Bácum,2026,Tentativa de homicidio doloso,0
Bácum,2026,Tortura,0
Bácum,2026,Trata de personas con fines de explotación sexual,0
Bácum,2026,Trata de personas con fines de trabajo o servicios forzados,0
Bácum,2026,Trata de personas con fines de tráfico de órganos,0
Bácum,2026,Trata de personas con otros fines,0
Bácum,2026,Tráfico de menores,0
Bácum,2026,Violación a la intimidad sexual,0
Bácum,2026,Violación equiparada,0
Bácum,2026,Violación simple,0
Bácum,2026,Violencia de género en todas sus modalidades distinta a la violencia familiar,0
Bácum,2026,Violencia familiar,20
Caborca,2026,Aborto,0
Caborca,2026,Abuso de confianza,1
Caborca,2026,Abuso sexual,3
Caborca,2026,Acoso sexual,0
Caborca,2026,Allanamiento de morada,5
Caborca,2026,Amenazas,3
Caborca,2026,Contra el medio ambiente,0
Caborca,2026,Corrupción de menores,0
Caborca,2026,Daño a la propiedad,9
Caborca,2026,Delitos cometidos por servidores públicos,0
Caborca,2026,Delitos contra la administración de justicia,0
Caborca,2026,Despojo,0
Caborca,2026,Discriminación,1
Caborca,2026,Electorales,0
Caborca,2026,Evasión de presos,0
Caborca,2026,Extorsión por otros medios,0
Caborca,2026,Extorsión presencial,0
Caborca,2026,Falsedad,0
Caborca,2026,Falsificación,0
Caborca,2026,Feminicidio,0
Caborca,2026,Fraude,0
Caborca,2026,Homicidio culposo,2
Caborca,2026,Homicidio doloso,1
Caborca,2026,Hostigamiento sexual,0
Caborca,2026,Incesto,0
Caborca,2026,Incumplimiento de obligaciones de asistencia familiar,10
Caborca,2026,Lesiones culposas,6
Caborca,2026,Lesiones dolosas,3
Caborca,2026,Narcomenudeo con fines de venta,26
Caborca,2026,Narcomenudeo posesión simple,11
Caborca,2026,Otros delitos contra el patrimonio,1
Caborca,2026,Otros delitos contra la familia,0
Caborca,2026,Otros delitos contra la sociedad,0
Caborca,2026,Otros delitos del Fuero Común,8
Caborca,2026,Otros delitos que atentan contra la libertad personal,1
Caborca,2026,Otros delitos que atentan contra la libertad y la seguridad sexual,0
Caborca,2026,Otros delitos que atentan contra la vida y la integridad corporal,1
Caborca,2026,Otros robos,3
Caborca,2026,Pornografía infantil,0
Caborca,2026,Privación ilegal de la libertad,4
Caborca,2026,Rapto,0
Caborca,2026,Retención o sustracción de menores e incapaces,0
Caborca,2026,Robo a casa habitación,5
Caborca,2026,Robo a institución bancaria,0
Caborca,2026,Robo a negocio,2
Caborca,2026,Robo a transeúnte en espacio abierto al público,0
Caborca,2026,Robo a transeúnte en vía pública,0
Caborca,2026,Robo a transportista,0
Caborca,2026,Robo de autopartes,0
Caborca,2026,Robo de ganado,1
Caborca,2026,"Robo de maquinaria - Cables, tubos y otros objetos destinados a servicios públicos",0
Caborca,2026,Robo de maquinaria - Herramienta industrial o agrícola,0
Caborca,2026,Robo de maquinaria - Tractores y/o montacargas,0
Caborca,2026,Robo de vehículo automotor - Coche de 4 ruedas,2
Caborca,2026,Robo de vehículo automotor - Embarcaciones,0
Caborca,2026,Robo de vehículo automotor - Motocicleta,1
Caborca,2026,Robo en transporte individual,0
Caborca,2026,Robo en transporte público colectivo,0
Caborca,2026,Robo en transporte público individual,0
Caborca,2026,Secuestro con calidad de rehén,0
Caborca,2026,Secuestro exprés,0
Caborca,2026,Secuestro extorsivo,0
Caborca,2026,Secuestro para causar daño,0
Caborca,2026,Suplantación y usurpación de identidad,0
Caborca,2026,Tentativa de extorsión por otros medios,0
Caborca,2026,Tentativa de extorsión presencial,0
Caborca,2026,Tentativa de feminicidio,0
Caborca,2026,Tentativa de homicidio doloso,0
Caborca,2026,Tortura,0
Caborca,2026,Trata de personas con fines de explotación sexual,0
Caborca,2026,Trata de personas con fines de trabajo o servicios forzados,0
Caborca,2026,Trata de personas con fines de tráfico de órganos,0
Caborca,2026,Trata de personas con otros fines,0
Caborca,2026,Tráfico de menores,0
Caborca,2026,Violación a la intimidad sexual,0
Caborca,2026,Violación equiparada,0
Caborca,2026,Violación simple,0
Caborca,2026,Violencia de género en todas sus modalidades distinta a la violencia familiar,0
Caborca,2026,Violencia familiar,31
Cajeme,2026,Aborto,0
Cajeme,2026,Abuso de confianza,1
Cajeme,2026,Abuso sexual,8
Cajeme,2026,Acoso sexual,0
Cajeme,2026,Allanamiento de morada,4
Cajeme,2026,Amenazas,29
Cajeme,2026,Contra el medio ambiente,2
Cajeme,2026,Corrupción de menores,1
Cajeme,2026,Daño a la propiedad,71
Cajeme,2026,Delitos cometidos por servidores públicos,2
Cajeme,2026,Delitos contra la administración de justicia,0
Cajeme,2026,Despojo,8
Cajeme,2026,Discriminación,0
Cajeme,2026,Electorales,0
Cajeme,2026,Evasión de presos,0
Cajeme,2026,Extorsión por otros medios,1
Cajeme,2026,Extorsión presencial,1
Cajeme,2026,Falsedad,4
Cajeme,2026,Falsificación,4
Cajeme,2026,Feminicidio,2
Cajeme,2026,Fraude,12
Cajeme,2026,Homicidio culposo,11
Cajeme,2026,Homicidio doloso,60
Cajeme,2026,Hostigamiento sexual,0
Cajeme,2026,Incesto,0
Cajeme,2026,Incumplimiento de obligaciones de asistencia familiar,49
Cajeme,2026,Lesiones culposas,21
Cajeme,2026,Lesiones dolosas,17
Cajeme,2026,Narcomenudeo con fines de venta,138
Cajeme,2026,Narcomenudeo posesión simple,19
Cajeme,2026,Otros delitos contra el patrimonio,20
Cajeme,2026,Otros delitos contra la familia,1
Cajeme,2026,Otros delitos contra la sociedad,3
Cajeme,2026,Otros delitos del Fuero Común,25
Cajeme,2026,Otros delitos que atentan contra la libertad personal,3
Cajeme,2026,Otros delitos que atentan contra la libertad y la seguridad sexual,0
Cajeme,2026,Otros delitos que atentan contra la vida y la integridad corporal,2
Cajeme,2026,Otros robos,64
Cajeme,2026,Pornografía infantil,0
Cajeme,2026,Privación ilegal de la libertad,14
Cajeme,2026,Rapto,0
Cajeme,2026,Retención o sustracción de menores e incapaces,2
Cajeme,2026,Robo a casa habitación,3
Cajeme,2026,Robo a institución bancaria,0
Cajeme,2026,Robo a negocio,21
Cajeme,2026,Robo a transeúnte en espacio abierto al público,0
Cajeme,2026,Robo a transeúnte en vía pública,1
Cajeme,2026,Robo a transportista,0
Cajeme,2026,Robo de autopartes,0
Cajeme,2026,Robo de ganado,0
Cajeme,2026,"Robo de maquinaria - Cables, tubos y otros objetos destinados a servicios públicos",0
Cajeme,2026,Robo de maquinaria - Herramienta industrial o agrícola,1
Cajeme,2026,Robo de maquinaria - Tractores y/o montacargas,0
Cajeme,2026,Robo de vehículo automotor - Coche de 4 ruedas,15
Cajeme,2026,Robo de vehículo automotor - Embarcaciones,0
Cajeme,2026,Robo de vehículo automotor - Motocicleta,54
Cajeme,2026,Robo en transporte individual,0
Cajeme,2026,Robo en transporte público colectivo,0
Cajeme,2026,Robo en transporte público individual,0
Cajeme,2026,Secuestro con calidad de rehén,0
Cajeme,2026,Secuestro exprés,0
Cajeme,2026,Secuestro extorsivo,0
Cajeme,2026,Secuestro para causar daño,0
Cajeme,2026,Suplantación y usurpación de identidad,1
Cajeme,2026,Tentativa de extorsión por otros medios,0
Cajeme,2026,Tentativa de extorsión presencial,0
Cajeme,2026,Tentativa de feminicidio,2
Cajeme,2026,Tentativa de homicidio doloso,24
Cajeme,2026,Tortura,0
Cajeme,2026,Trata de personas con fines de explotación sexual,0
Cajeme,2026,Trata de personas con fines de trabajo o servicios forzados,0
Cajeme,2026,Trata de personas con fines de tráfico de órganos,0
Cajeme,2026,Trata de personas con otros fines,0
Cajeme,2026,Tráfico de menores,0
Cajeme,2026,Violación a la intimidad sexual,1
Cajeme,2026,Violación equiparada,1
Cajeme,2026,Violación simple,0
Cajeme,2026,Violencia de género en todas sus modalidades distinta a la violencia familiar,0
Cajeme,2026,Violencia familiar,118
Cananea,2026,Aborto,0
Cananea,2026,Abuso de confianza,1
Cananea,2026,Abuso sexual,2
Cananea,2026,Acoso sexual,2
Cananea,2026,Allanamiento de morada,0
Cananea,2026,Amenazas,4
Cananea,2026,Contra el medio ambiente,0
Cananea,2026,Corrupción de menores,0
Cananea,2026,Daño a la propiedad,3
Cananea,2026,Delitos cometidos por servidores públicos,0
Cananea,2026,Delitos contra la administración de justicia,0
Cananea,2026,Despojo,1
Cananea,2026,Discriminación,0
Cananea,2026,Electorales,0
Cananea,2026,Evasión de presos,0
Cananea,2026,Extorsión por otros medios,0
Cananea,2026,Extorsión presencial,0
Cananea,2026,Falsedad,0
Cananea,2026,Falsificación,0
Cananea,2026,Feminicidio,0
Cananea,2026,Fraude,2
Cananea,2026,Homicidio culposo,1
Cananea,2026,Homicidio doloso,1
Cananea,2026,Hostigamiento sexual,0
Cananea,2026,Incesto,0
Cananea,2026,Incumplimiento de obligaciones de asistencia familiar,3
Cananea,2026,Lesiones culposas,2
Cananea,2026,Lesiones dolosas,4
Cananea,2026,Narcomenudeo con fines de venta,0
Cananea,2026,Narcomenudeo posesión simple,0
Cananea,2026,Otros delitos contra el patrimonio,0
Cananea,2026,Otros delitos contra la familia,0
Cananea,2026,Otros delitos contra la sociedad,0
Cananea,2026,Otros delitos del Fuero Común,3
Cananea,2026,Otros delitos que atentan contra la libertad personal,0
Cananea,2026,Otros delitos que atentan contra la libertad y la seguridad sexual,0
Cananea,2026,Otros delitos que atentan contra la vida y la integridad corporal,0
Cananea,2026,Otros robos,0
Cananea,2026,Pornografía infantil,0
Cananea,2026,Privación ilegal de la libertad,0
Cananea,2026,Rapto,0
Cananea,2026,Retención o sustracción de menores e incapaces,0
Cananea,2026,Robo a casa habitación,0
Cananea,2026,Robo a institución bancaria,0
Cananea,2026,Robo a negocio,0
Cananea,2026,Robo a transeúnte en espacio abierto al público,0
Cananea,2026,Robo a transeúnte en vía pública,0
Cananea,2026,Robo a transportista,0
Cananea,2026,Robo de autopartes,0
Cananea,2026,Robo de ganado,0
Cananea,2026,"Robo de maquinaria - Cables, tubos y otros objetos destinados a servicios públicos",0
Cananea,2026,Robo de maquinaria - Herramienta industrial o agrícola,0
Cananea,2026,Robo de maquinaria - Tractores y/o montacargas,0
Cananea,2026,Robo de vehículo automotor - Coche de 4 ruedas,1
Cananea,2026,Robo de vehículo automotor - Embarcaciones,0
Cananea,2026,Robo de vehículo automotor - Motocicleta,1
Cananea,2026,Robo en transporte individual,0
Cananea,2026,Robo en transporte público colectivo,0
Cananea,2026,Robo en transporte público individual,0
Cananea,2026,Secuestro con calidad de rehén,0
Cananea,2026,Secuestro exprés,0
Cananea,2026,Secuestro extorsivo,0
Cananea,2026,Secuestro para causar daño,0
Cananea,2026,Suplantación y usurpación de identidad,0
Cananea,2026,Tentativa de extorsión por otros medios,0
Cananea,2026,Tentativa de extorsión presencial,0
Cananea,2026,Tentativa de feminicidio,0
Cananea,2026,Tentativa de homicidio doloso,0
Cananea,2026,Tortura,0
Cananea,2026,Trata de personas con fines de explotación sexual,0
Cananea,2026,Trata de personas con fines de trabajo o servicios forzados,0
Cananea,2026,Trata de personas con fines de tráfico de órganos,0
Cananea,2026,Trata de personas con otros fines,0
Cananea,2026,Tráfico de menores,0
Cananea,2026,Violación a la intimidad sexual,0
Cananea,2026,Violación equiparada,0
Cananea,2026,Violación simple,0
Cananea,2026,Violencia de género en todas sus modalidades distinta a la violencia familiar,0
Cananea,2026,Violencia familiar,11
Carbó,2026,Aborto,0
Carbó,2026,Abuso de confianza,0
Carbó,2026,Abuso sexual,0
Carbó,2026,Acoso sexual,0
Carbó,2026,Allanamiento de morada,0
Carbó,2026,Amenazas,0
Carbó,2026,Contra el medio ambiente,0
Carbó,2026,Corrupción de menores,0
Carbó,2026,Daño a la propiedad,0
Carbó,2026,Delitos cometidos por servidores públicos,0
Carbó,2026,Delitos contra la administración de justicia,0
Carbó,2026,Despojo,0
Carbó,2026,Discriminación,0
Carbó,2026,Electorales,0
Carbó,2026,Evasión de presos,0
Carbó,2026,Extorsión por otros medios,0
Carbó,2026,Extorsión presencial,0
Carbó,2026,Falsedad,0
Carbó,2026,Falsificación,1
Carbó,2026,Feminicidio,0
Carbó,2026,Fraude,0
Carbó,2026,Homicidio culposo,0
Carbó,2026,Homicidio doloso,0
Carbó,2026,Hostigamiento sexual,0
Carbó,2026,Incesto,0
Carbó,2026,Incumplimiento de obligaciones de asistencia familiar,0
Carbó,2026,Lesiones culposas,0
Carbó,2026,Lesiones dolosas,1
Carbó,2026,Narcomenudeo con fines de venta,0
Carbó,2026,Narcomenudeo posesión simple,0
Carbó,2026,Otros delitos contra el patrimonio,0
Carbó,2026,Otros delitos contra la familia,0
Carbó,2026,Otros delitos contra la sociedad,0
Carbó,2026,Otros delitos del Fuero Común,0
Carbó,2026,Otros delitos que atentan contra la libertad personal,0
Carbó,2026,Otros delitos que atentan contra la libertad y la seguridad sexual,0
Carbó,2026,Otros delitos que atentan contra la vida y la integridad corporal,0
Carbó,2026,Otros robos,0
Carbó,2026,Pornografía infantil,0
Carbó,2026,Privación ilegal de la libertad,0
Carbó,2026,Rapto,0
Carbó,2026,Retención o sustracción de menores e incapaces,0
Carbó,2026,Robo a casa habitación,0
Carbó,2026,Robo a institución bancaria,0
Carbó,2026,Robo a negocio,0
Carbó,2026,Robo a transeúnte en espacio abierto al público,0
Carbó,2026,Robo a transeúnte en vía pública,0
Carbó,2026,Robo a transportista,0
Carbó,2026,Robo de autopartes,0
Carbó,2026,Robo de ganado,0
Carbó,2026,"Robo de maquinaria - Cables, tubos y otros objetos destinados a servicios públicos",0
Carbó,2026,Robo de maquinaria - Herramienta industrial o agrícola,0
Carbó,2026,Robo de maquinaria - Tractores y/o montacargas,0
Carbó,2026,Robo de vehículo automotor - Coche de 4 ruedas,1
Carbó,2026,Robo de vehículo automotor - Embarcaciones,0
Carbó,2026,Robo de vehículo automotor - Motocicleta,0
Carbó,2026,Robo en transporte individual,0
Carbó,2026,Robo en transporte público colectivo,0
Carbó,2026,Robo en transporte público individual,0
Carbó,2026,Secuestro con calidad de rehén,0
Carbó,2026,Secuestro exprés,0
Carbó,2026,Secuestro extorsivo,0
Carbó,2026,Secuestro para causar daño,0
Carbó,2026,Suplantación y usurpación de identidad,0
Carbó,2026,Tentativa de extorsión por otros medios,0
Carbó,2026,Tentativa de extorsión presencial,0
Carbó,2026,Tentativa de feminicidio,0
Carbó,2026,Tentativa de homicidio doloso,0
Carbó,2026,Tortura,0
Carbó,2026,Trata de personas con fines de explotación sexual,0
Carbó,2026,Trata de personas con fines de trabajo o servicios forzados,0
Carbó,2026,Trata de personas con fines de tráfico de órganos,0
Carbó,2026,Trata de personas con otros fines,0
Carbó,2026,Tráfico de menores,0
Carbó,2026,Violación a la intimidad sexual,0
Carbó,2026,Violación equiparada,0
Carbó,2026,Violación simple,0
Carbó,2026,Violencia de género en todas sus modalidades distinta a la violencia familiar,0
Carbó,2026,Violencia familiar,1
Cucurpe,2026,Aborto,0
Cucurpe,2026,Abuso de confianza,0
Cucurpe,2026,Abuso sexual,0
Cucurpe,2026,Acoso sexual,0
Cucurpe,2026,Allanamiento de morada,0
Cucurpe,2026,Amenazas,0
Cucurpe,2026,Contra el medio ambiente,0
Cucurpe,2026,Corrupción de menores,0
Cucurpe,2026,Daño a la propiedad,0
Cucurpe,2026,Delitos cometidos por servidores públicos,0
Cucurpe,2026,Delitos contra la administración de justicia,0
Cucurpe,2026,Despojo,0
Cucurpe,2026,Discriminación,0
Cucurpe,2026,Electorales,0
Cucurpe,2026,Evasión de presos,0
Cucurpe,2026,Extorsión por otros medios,0
Cucurpe,2026,Extorsión presencial,0
Cucurpe,2026,Falsedad,0
Cucurpe,2026,Falsificación,0
Cucurpe,2026,Feminicidio,0
Cucurpe,2026,Fraude,0
Cucurpe,2026,Homicidio culposo,0
Cucurpe,2026,Homicidio doloso,0
Cucurpe,2026,Hostigamiento sexual,0
Cucurpe,2026,Incesto,0
Cucurpe,2026,Incumplimiento de obligaciones de asistencia familiar,0
Cucurpe,2026,Lesiones culposas,0
Cucurpe,2026,Lesiones dolosas,0
Cucurpe,2026,Narcomenudeo con fines de venta,0
Cucurpe,2026,Narcomenudeo posesión simple,0
Cucurpe,2026,Otros delitos contra el patrimonio,0
Cucurpe,2026,Otros delitos contra la familia,0
Cucurpe,2026,Otros delitos contra la sociedad,0
Cucurpe,2026,Otros delitos del Fuero Común,0
Cucurpe,2026,Otros delitos que atentan contra la libertad personal,0
Cucurpe,2026,Otros delitos que atentan contra la libertad y la seguridad sexual,0
Cucurpe,2026,Otros delitos que atentan contra la vida y la integridad corporal,0
Cucurpe,2026,Otros robos,0
Cucurpe,2026,Pornografía infantil,0
Cucurpe,2026,Privación ilegal de la libertad,0
Cucurpe,2026,Rapto,0
Cucurpe,2026,Retención o sustracción de menores e incapaces,0
Cucurpe,2026,Robo a casa habitación,0
Cucurpe,2026,Robo a institución bancaria,0
Cucurpe,2026,Robo a negocio,0
Cucurpe,2026,Robo a transeúnte en espacio abierto al público,0
Cucurpe,2026,Robo a transeúnte en vía pública,0
Cucurpe,2026,Robo a transportista,0
Cucurpe,2026,Robo de autopartes,0
Cucurpe,2026,Robo de ganado,0
Cucurpe,2026,"Robo de maquinaria - Cables, tubos y otros objetos destinados a servicios públicos",0
Cucurpe,2026,Robo de maquinaria - Herramienta industrial o agrícola,0
Cucurpe,2026,Robo de maquinaria - Tractores y/o montacargas,0
Cucurpe,2026,Robo de vehículo automotor - Coche de 4 ruedas,0
Cucurpe,2026,Robo de vehículo automotor - Embarcaciones,0
Cucurpe,2026,Robo de vehículo automotor - Motocicleta,0
Cucurpe,2026,Robo en transporte individual,0
Cucurpe,2026,Robo en transporte público colectivo,0
Cucurpe,2026,Robo en transporte público individual,0
Cucurpe,2026,Secuestro con calidad de rehén,0
Cucurpe,2026,Secuestro exprés,0
Cucurpe,2026,Secuestro extorsivo,0
Cucurpe,2026,Secuestro para causar daño,0
Cucurpe,2026,Suplantación y usurpación de identidad,0
Cucurpe,2026,Tentativa de extorsión por otros medios,0
Cucurpe,2026,Tentativa de extorsión presencial,0
Cucurpe,2026,Tentativa de feminicidio,0
Cucurpe,2026,Tentativa de homicidio doloso,0
Cucurpe,2026,Tortura,0
Cucurpe,2026,Trata de personas con fines de explotación sexual,0
Cucurpe,2026,Trata de personas con fines de trabajo o servicios forzados,0
Cucurpe,2026,Trata de personas con fines de tráfico de órganos,0
Cucurpe,2026,Trata de personas con otros fines,0
Cucurpe,2026,Tráfico de menores,0
Cucurpe,2026,Violación a la intimidad sexual,0
Cucurpe,2026,Violación equiparada,0
Cucurpe,2026,Violación simple,0
Cucurpe,2026,Violencia de género en todas sus modalidades distinta a la violencia familiar,0
Cucurpe,2026,Violencia familiar,0
Cumpas,2026,Aborto,0
Cumpas,2026,Abuso de confianza,0
Cumpas,2026,Abuso sexual,0
Cumpas,2026,Acoso sexual,0
Cumpas,2026,Allanamiento de morada,0
Cumpas,2026,Amenazas,1
Cumpas,2026,Contra el medio ambiente,0
Cumpas,2026,Corrupción de menores,0
Cumpas,2026,Daño a la propiedad,2
Cumpas,2026,Delitos cometidos por servidores públicos,0
Cumpas,2026,Delitos contra la administración de justicia,0
Cumpas,2026,Despojo,2
Cumpas,2026,Discriminación,0
Cumpas,2026,Electorales,0
Cumpas,2026,Evasión de presos,0
Cumpas,2026,Extorsión por otros medios,0
Cumpas,2026,Extorsión presencial,0
Cumpas,2026,Falsedad,0
Cumpas,2026,Falsificación,0
Cumpas,2026,Feminicidio,0
Cumpas,2026,Fraude,3
Cumpas,2026,Homicidio culposo,0
Cumpas,2026,Homicidio doloso,0
Cumpas,2026,Hostigamiento sexual,0
Cumpas,2026,Incesto,0
Cumpas,2026,Incumplimiento de obligaciones de asistencia familiar,2
Cumpas,2026,Lesiones culposas,0
Cumpas,2026,Lesiones dolosas,0
Cumpas,2026,Narcomenudeo con fines de venta,0
Cumpas,2026,Narcomenudeo posesión simple,0
Cumpas,2026,Otros delitos contra el patrimonio,0
Cumpas,2026,Otros delitos contra la familia,0
Cumpas,2026,Otros delitos contra la sociedad,0
Cumpas,2026,Otros delitos del Fuero Común,1
Cumpas,2026,Otros delitos que atentan contra la libertad personal,0
Cumpas,2026,Otros delitos que atentan contra la libertad y la seguridad sexual,0
Cumpas,2026,Otros delitos que atentan contra la vida y la integridad corporal,0
Cumpas,2026,Otros robos,0
Cumpas,2026,Pornografía infantil,0
Cumpas,2026,Privación ilegal de la libertad,0
Cumpas,2026,Rapto,0
Cumpas,2026,Retención o sustracción de menores e incapaces,0
Cumpas,2026,Robo a casa habitación,0
Cumpas,2026,Robo a institución bancaria,0
Cumpas,2026,Robo a negocio,0
Cumpas,2026,Robo a transeúnte en espacio abierto al público,0
Cumpas,2026,Robo a transeúnte en vía pública,0
Cumpas,2026,Robo a transportista,0
Cumpas,2026,Robo de autopartes,0
Cumpas,2026,Robo de ganado,0
Cumpas,2026,"Robo de maquinaria - Cables, tubos y otros objetos destinados a servicios públicos",0
Cumpas,2026,Robo de maquinaria - Herramienta industrial o agrícola,0
Cumpas,2026,Robo de maquinaria - Tractores y/o montacargas,0
Cumpas,2026,Robo de vehículo automotor - Coche de 4 ruedas,0
Cumpas,2026,Robo de vehículo automotor - Embarcaciones,0
Cumpas,2026,Robo de vehículo automotor - Motocicleta,0
Cumpas,2026,Robo en transporte individual,0
Cumpas,2026,Robo en transporte público colectivo,0
Cumpas,2026,Robo en transporte público individual,0
Cumpas,2026,Secuestro con calidad de rehén,0
Cumpas,2026,Secuestro exprés,0
Cumpas,2026,Secuestro extorsivo,0
Cumpas,2026,Secuestro para causar daño,0
Cumpas,2026,Suplantación y usurpación de identidad,0
Cumpas,2026,Tentativa de extorsión por otros medios,0
Cumpas,2026,Tentativa de extorsión presencial,0
Cumpas,2026,Tentativa de feminicidio,0
Cumpas,2026,Tentativa de homicidio doloso,0
Cumpas,2026,Tortura,0
Cumpas,2026,Trata de personas con fines de explotación sexual,0
Cumpas,2026,Trata de personas con fines de trabajo o servicios forzados,0
Cumpas,2026,Trata de personas con fines de tráfico de órganos,0
Cumpas,2026,Trata de personas con otros fines,0
Cumpas,2026,Tráfico de menores,0
Cumpas,2026,Violación a la intimidad sexual,0
Cumpas,2026,Violación equiparada,0
Cumpas,2026,Violación simple,0
Cumpas,2026,Violencia de género en todas sus modalidades distinta a la violencia familiar,0
Cumpas,2026,Violencia familiar,6
Divisaderos,2026,Aborto,0
Divisaderos,2026,Abuso de confianza,0
Divisaderos,2026,Abuso sexual,1
Divisaderos,2026,Acoso sexual,0
Divisaderos,2026,Allanamiento de morada,0
Divisaderos,2026,Amenazas,0
Divisaderos,2026,Contra el medio ambiente,0
Divisaderos,2026,Corrupción de menores,0
Divisaderos,2026,Daño a la propiedad,0
Divisaderos,2026,Delitos cometidos por servidores públicos,0
Divisaderos,2026,Delitos contra la administración de justicia,0
Divisaderos,2026,Despojo,0
Divisaderos,2026,Discriminación,0
Divisaderos,2026,Electorales,0
Divisaderos,2026,Evasión de presos,0
Divisaderos,2026,Extorsión por otros medios,0
Divisaderos,2026,Extorsión presencial,0
Divisaderos,2026,Falsedad,0
Divisaderos,2026,Falsificación,0
Divisaderos,2026,Feminicidio,0
Divisaderos,2026,Fraude,0
Divisaderos,2026,Homicidio culposo,0
Divisaderos,2026,Homicidio doloso,0
Divisaderos,2026,Hostigamiento sexual,0
Divisaderos,2026,Incesto,0
Divisaderos,2026,Incumplimiento de obligaciones de asistencia familiar,0
Divisaderos,2026,Lesiones culposas,0
Divisaderos,2026,Lesiones dolosas,0
Divisaderos,2026,Narcomenudeo con fines de venta,0
Divisaderos,2026,Narcomenudeo posesión simple,0
Divisaderos,2026,Otros delitos contra el patrimonio,0
Divisaderos,2026,Otros delitos contra la familia,0
Divisaderos,2026,Otros delitos contra la sociedad,0
Divisaderos,2026,Otros delitos del Fuero Común,0
Divisaderos,2026,Otros delitos que atentan contra la libertad personal,0
Divisaderos,2026,Otros delitos que atentan contra la libertad y la seguridad sexual,0
Divisaderos,2026,Otros delitos que atentan contra la vida y la integridad corporal,0
Divisaderos,2026,Otros robos,0
Divisaderos,2026,Pornografía infantil,0
Divisaderos,2026,Privación ilegal de la libertad,0
Divisaderos,2026,Rapto,0
Divisaderos,2026,Retención o sustracción de menores e incapaces,0
Divisaderos,2026,Robo a casa habitación,0
Divisaderos,2026,Robo a institución bancaria,0
Divisaderos,2026,Robo a negocio,0
Divisaderos,2026,Robo a transeúnte en espacio abierto al público,0
Divisaderos,2026,Robo a transeúnte en vía pública,0
Divisaderos,2026,Robo a transportista,0
Divisaderos,2026,Robo de autopartes,0
Divisaderos,2026,Robo de ganado,0
Divisaderos,2026,"Robo de maquinaria - Cables, tubos y otros objetos destinados a servicios públicos",0
Divisaderos,2026,Robo de maquinaria - Herramienta industrial o agrícola,0
Divisaderos,2026,Robo de maquinaria - Tractores y/o montacargas,0
Divisaderos,2026,Robo de vehículo automotor - Coche de 4 ruedas,0
Divisaderos,2026,Robo de vehículo automotor - Embarcaciones,0
Divisaderos,2026,Robo de vehículo automotor - Motocicleta,0
Divisaderos,2026,Robo en transporte individual,0
Divisaderos,2026,Robo en transporte público colectivo,0
Divisaderos,2026,Robo en transporte público individual,0
Divisaderos,2026,Secuestro con calidad de rehén,0
Divisaderos,2026,Secuestro exprés,0
Divisaderos,2026,Secuestro extorsivo,0
Divisaderos,2026,Secuestro para causar daño,0
Divisaderos,2026,Suplantación y usurpación de identidad,0
Divisaderos,2026,Tentativa de extorsión por otros medios,0
Divisaderos,2026,Tentativa de extorsión presencial,0
Divisaderos,2026,Tentativa de feminicidio,0
Divisaderos,2026,Tentativa de homicidio doloso,0
Divisaderos,2026,Tortura,0
Divisaderos,2026,Trata de personas con fines de explotación sexual,0
Divisaderos,2026,Trata de personas con fines de trabajo o servicios forzados,0
Divisaderos,2026,Trata de personas con fines de tráfico de órganos,0
Divisaderos,2026,Trata de personas con otros fines,0
Divisaderos,2026,Tráfico de menores,0
Divisaderos,2026,Violación a la intimidad sexual,0
Divisaderos,2026,Violación equiparada,0
Divisaderos,2026,Violación simple,0
Divisaderos,2026,Violencia de género en todas sus modalidades distinta a la violencia familiar,0
Divisaderos,2026,Violencia familiar,0
Empalme,2026,Aborto,0
Empalme,2026,Abuso de confianza,1
Empalme,2026,Abuso sexual,0
Empalme,2026,Acoso sexual,0
Empalme,2026,Allanamiento de morada,0
Empalme,2026,Amenazas,0
Empalme,2026,Contra el medio ambiente,0
Empalme,2026,Corrupción de menores,0
Empalme,2026,Daño a la propiedad,4
Empalme,2026,Delitos cometidos por servidores públicos,0
Empalme,2026,Delitos contra la administración de justicia,0
Empalme,2026,Despojo,0
Empalme,2026,Discriminación,0
Empalme,2026,Electorales,0
Empalme,2026,Evasión de presos,0
Empalme,2026,Extorsión por otros medios,0
Empalme,2026,Extorsión presencial,0
Empalme,2026,Falsedad,0
Empalme,2026,Falsificación,0
Empalme,2026,Feminicidio,0
Empalme,2026,Fraude,1
Empalme,2026,Homicidio culposo,0
Empalme,2026,Homicidio doloso,1
Empalme,2026,Hostigamiento sexual,0
Empalme,2026,Incesto,0
Empalme,2026,Incumplimiento de obligaciones de asistencia familiar,5
Empalme,2026,Lesiones culposas,3
Empalme,2026,Lesiones dolosas,9
Empalme,2026,Narcomenudeo con fines de venta,8
Empalme,2026,Narcomenudeo posesión simple,0
Empalme,2026,Otros delitos contra el patrimonio,0
Empalme,2026,Otros delitos contra la familia,0
Empalme,2026,Otros delitos contra la sociedad,1
Empalme,2026,Otros delitos del Fuero Común,3
Empalme,2026,Otros delitos que atentan contra la libertad personal,0
Empalme,2026,Otros delitos que atentan contra la libertad y la seguridad sexual,0
Empalme,2026,Otros delitos que atentan contra la vida y la integridad corporal,0
Empalme,2026,Otros robos,0
Empalme,2026,Pornografía infantil,0
Empalme,2026,Privación ilegal de la libertad,4
Empalme,2026,Rapto,0
Empalme,2026,Retención o sustracción de menores e incapaces,0
Empalme,2026,Robo a casa habitación,0
Empalme,2026,Robo a institución bancaria,0
Empalme,2026,Robo a negocio,0
Empalme,2026,Robo a transeúnte en espacio abierto al público,0
Empalme,2026,Robo a transeúnte en vía pública,0
Empalme,2026,Robo a transportista,0
Empalme,2026,Robo de autopartes,0
Empalme,2026,Robo de ganado,0
Empalme,2026,"Robo de maquinaria - Cables, tubos y otros objetos destinados a servicios públicos",0
Empalme,2026,Robo de maquinaria - Herramienta industrial o agrícola,0
Empalme,2026,Robo de maquinaria - Tractores y/o montacargas,0
Empalme,2026,Robo de vehículo automotor - Coche de 4 ruedas,6
Empalme,2026,Robo de vehículo automotor - Embarcaciones,0
Empalme,2026,Robo de vehículo automotor - Motocicleta,6
Empalme,2026,Robo en transporte individual,0
Empalme,2026,Robo en transporte público colectivo,0
Empalme,2026,Robo en transporte público individual,0
Empalme,2026,Secuestro con calidad de rehén,0
Empalme,2026,Secuestro exprés,0
Empalme,2026,Secuestro extorsivo,0
Empalme,2026,Secuestro para causar daño,0
Empalme,2026,Suplantación y usurpación de identidad,0
Empalme,2026,Tentativa de extorsión por otros medios,0
Empalme,2026,Tentativa de extorsión presencial,0
Empalme,2026,Tentativa de feminicidio,0
Empalme,2026,Tentativa de homicidio doloso,1
Empalme,2026,Tortura,0
Empalme,2026,Trata de personas con fines de explotación sexual,0
Empalme,2026,Trata de personas con fines de trabajo o servicios forzados,0
Empalme,2026,Trata de personas con fines de tráfico de órganos,0
Empalme,2026,Trata de personas con otros fines,0
Empalme,2026,Tráfico de menores,0
Empalme,2026,Violación a la intimidad sexual,0
Empalme,2026,Violación equiparada,0
Empalme,2026,Violación simple,0
Empalme,2026,Violencia de género en todas sus modalidades distinta a la violencia familiar,0
Empalme,2026,Violencia familiar,10
Etchojoa,2026,Aborto,0
Etchojoa,2026,Abuso de confianza,1
Etchojoa,2026,Abuso sexual,0
Etchojoa,2026,Acoso sexual,0
Etchojoa,2026,Allanamiento de morada,0
Etchojoa,2026,Amenazas,1
Etchojoa,2026,Contra el medio ambiente,0
Etchojoa,2026,Corrupción de menores,0
Etchojoa,2026,Daño a la propiedad,3
Etchojoa,2026,Delitos cometidos por servidores públicos,0
Etchojoa,2026,Delitos contra la administración de justicia,0
Etchojoa,2026,Despojo,1
Etchojoa,2026,Discriminación,0
Etchojoa,2026,Electorales,0
Etchojoa,2026,Evasión de presos,0
Etchojoa,2026,Extorsión por otros medios,0
Etchojoa,2026,Extorsión presencial,0
Etchojoa,2026,Falsedad,0
Etchojoa,2026,Falsificación,0
Etchojoa,2026,Feminicidio,0
Etchojoa,2026,Fraude,0
Etchojoa,2026,Homicidio culposo,2
Etchojoa,2026,Homicidio doloso,0
Etchojoa,2026,Hostigamiento sexual,0
Etchojoa,2026,Incesto,0
Etchojoa,2026,Incumplimiento de obligaciones de asistencia familiar,2
Etchojoa,2026,Lesiones culposas,4
Etchojoa,2026,Lesiones dolosas,1
Etchojoa,2026,Narcomenudeo con fines de venta,1
Etchojoa,2026,Narcomenudeo posesión simple,0
Etchojoa,2026,Otros delitos contra el patrimonio,1
Etchojoa,2026,Otros delitos contra la familia,0
Etchojoa,2026,Otros delitos contra la sociedad,1
Etchojoa,2026,Otros delitos del Fuero Común,3
Etchojoa,2026,Otros delitos que atentan contra la libertad personal,0
Etchojoa,2026,Otros delitos que atentan contra la libertad y la seguridad sexual,1
Etchojoa,2026,Otros delitos que atentan contra la vida y la integridad corporal,0
Etchojoa,2026,Otros robos,0
Etchojoa,2026,Pornografía infantil,0
Etchojoa,2026,Privación ilegal de la libertad,0
Etchojoa,2026,Rapto,0
Etchojoa,2026,Retención o sustracción de menores e incapaces,0
Etchojoa,2026,Robo a casa habitación,1
Etchojoa,2026,Robo a institución bancaria,0
Etchojoa,2026,Robo a negocio,0
Etchojoa,2026,Robo a transeúnte en espacio abierto al público,0
Etchojoa,2026,Robo a transeúnte en vía pública,0
Etchojoa,2026,Robo a transportista,0
Etchojoa,2026,Robo de autopartes,0
Etchojoa,2026,Robo de ganado,0
Etchojoa,2026,"Robo de maquinaria - Cables, tubos y otros objetos destinados a servicios públicos",0
Etchojoa,2026,Robo de maquinaria - Herramienta industrial o agrícola,0
Etchojoa,2026,Robo de maquinaria - Tractores y/o montacargas,0
Etchojoa,2026,Robo de vehículo automotor - Coche de 4 ruedas,0
Etchojoa,2026,Robo de vehículo automotor - Embarcaciones,0
Etchojoa,2026,Robo de vehículo automotor - Motocicleta,3
Etchojoa,2026,Robo en transporte individual,0
Etchojoa,2026,Robo en transporte público colectivo,0
Etchojoa,2026,Robo en transporte público individual,0
Etchojoa,2026,Secuestro con calidad de rehén,0
Etchojoa,2026,Secuestro exprés,0
Etchojoa,2026,Secuestro extorsivo,0
Etchojoa,2026,Secuestro para causar daño,0
Etchojoa,2026,Suplantación y usurpación de identidad,0
Etchojoa,2026,Tentativa de extorsión por otros medios,0
Etchojoa,2026,Tentativa de extorsión presencial,0
Etchojoa,2026,Tentativa de feminicidio,0
Etchojoa,2026,Tentativa de homicidio doloso,0
Etchojoa,2026,Tortura,0
Etchojoa,2026,Trata de personas con fines de explotación sexual,0
Etchojoa,2026,Trata de personas con fines de trabajo o servicios forzados,0
Etchojoa,2026,Trata de personas con fines de tráfico de órganos,0
Etchojoa,2026,Trata de personas con otros fines,0
Etchojoa,2026,Tráfico de menores,0
Etchojoa,2026,Violación a la intimidad sexual,0
Etchojoa,2026,Violación equiparada,0
Etchojoa,2026,Violación simple,1
Etchojoa,2026,Violencia de género en todas sus modalidades distinta a la violencia familiar,0
Etchojoa,2026,Violencia familiar,6
Fronteras,2026,Aborto,0
Fronteras,2026,Abuso de confianza,0
Fronteras,2026,Abuso sexual,0
Fronteras,2026,Acoso sexual,0
Fronteras,2026,Allanamiento de morada,0
Fronteras,2026,Amenazas,0
Fronteras,2026,Contra el medio ambiente,0
Fronteras,2026,Corrupción de menores,0
Fronteras,2026,Daño a la propiedad,1
Fronteras,2026,Delitos cometidos por servidores públicos,0
Fronteras,2026,Delitos contra la administración de justicia,0
Fronteras,2026,Despojo,0
Fronteras,2026,Discriminación,0
Fronteras,2026,Electorales,0
Fronteras,2026,Evasión de presos,0
Fronteras,2026,Extorsión por otros medios,0
Fronteras,2026,Extorsión presencial,0
Fronteras,2026,Falsedad,0
Fronteras,2026,Falsificación,0
Fronteras,2026,Feminicidio,0
Fronteras,2026,Fraude,0
Fronteras,2026,Homicidio culposo,0
Fronteras,2026,Homicidio doloso,0
Fronteras,2026,Hostigamiento sexual,0
Fronteras,2026,Incesto,0
Fronteras,2026,Incumplimiento de obligaciones de asistencia familiar,0
Fronteras,2026,Lesiones culposas,1
Fronteras,2026,Lesiones dolosas,0
Fronteras,2026,Narcomenudeo con fines de venta,0
Fronteras,2026,Narcomenudeo posesión simple,0
Fronteras,2026,Otros delitos contra el patrimonio,0
Fronteras,2026,Otros delitos contra la familia,0
Fronteras,2026,Otros delitos contra la sociedad,0
Fronteras,2026,Otros delitos del Fuero Común,0
Fronteras,2026,Otros delitos que atentan contra la libertad personal,0
Fronteras,2026,Otros delitos que atentan contra la libertad y la seguridad sexual,0
Fronteras,2026,Otros delitos que atentan contra la vida y la integridad corporal,0
Fronteras,2026,Otros robos,0
Fronteras,2026,Pornografía infantil,0
Fronteras,2026,Privación ilegal de la libertad,0
Fronteras,2026,Rapto,0
Fronteras,2026,Retención o sustracción de menores e incapaces,0
Fronteras,2026,Robo a casa habitación,0
Fronteras,2026,Robo a institución bancaria,0
Fronteras,2026,Robo a negocio,0
Fronteras,2026,Robo a transeúnte en espacio abierto al público,0
Fronteras,2026,Robo a transeúnte en vía pública,0
Fronteras,2026,Robo a transportista,0
Fronteras,2026,Robo de autopartes,0
Fronteras,2026,Robo de ganado,0
Fronteras,2026,"Robo de maquinaria - Cables, tubos y otros objetos destinados a servicios públicos",0
Fronteras,2026,Robo de maquinaria - Herramienta industrial o agrícola,0
Fronteras,2026,Robo de maquinaria - Tractores y/o montacargas,0
Fronteras,2026,Robo de vehículo automotor - Coche de 4 ruedas,0
Fronteras,2026,Robo de vehículo automotor - Embarcaciones,0
Fronteras,2026,Robo de vehículo automotor - Motocicleta,0
Fronteras,2026,Robo en transporte individual,0
Fronteras,2026,Robo en transporte público colectivo,0
Fronteras,2026,Robo en transporte público individual,0
Fronteras,2026,Secuestro con calidad de rehén,0
Fronteras,2026,Secuestro exprés,0
Fronteras,2026,Secuestro extorsivo,0
Fronteras,2026,Secuestro para causar daño,0
Fronteras,2026,Suplantación y usurpación de identidad,0
Fronteras,2026,Tentativa de extorsión por otros medios,0
Fronteras,2026,Tentativa de extorsión presencial,0
Fronteras,2026,Tentativa de feminicidio,0
Fronteras,2026,Tentativa de homicidio doloso,0
Fronteras,2026,Tortura,0
Fronteras,2026,Trata de personas con fines de explotación sexual,0
Fronteras,2026,Trata de personas con fines de trabajo o servicios forzados,0
Fronteras,2026,Trata de personas con fines de tráfico de órganos,0
Fronteras,2026,Trata de personas con otros fines,0
Fronteras,2026,Tráfico de menores,0
Fronteras,2026,Violación a la intimidad sexual,0
Fronteras,2026,Violación equiparada,0
Fronteras,2026,Violación simple,0
Fronteras,2026,Violencia de género en todas sus modalidades distinta a la violencia familiar,0
Fronteras,2026,Violencia familiar,3
General Plutarco Elías Calles,2026,Aborto,0
General Plutarco Elías Calles,2026,Abuso de confianza,0
General Plutarco Elías Calles,2026,Abuso sexual,1
General Plutarco Elías Calles,2026,Acoso sexual,0
General Plutarco Elías Calles,2026,Allanamiento de morada,0
General Plutarco Elías Calles,2026,Amenazas,3
General Plutarco Elías Calles,2026,Contra el medio ambiente,0
General Plutarco Elías Calles,2026,Corrupción de menores,0
General Plutarco Elías Calles,2026,Daño a la propiedad,2
General Plutarco Elías Calles,2026,Delitos cometidos por servidores públicos,0
General Plutarco Elías Calles,2026,Delitos contra la administración de justicia,0
General Plutarco Elías Calles,2026,Despojo,0
General Plutarco Elías Calles,2026,Discriminación,0
General Plutarco Elías Calles,2026,Electorales,0
General Plutarco Elías Calles,2026,Evasión de presos,0
General Plutarco Elías Calles,2026,Extorsión por otros medios,1
General Plutarco Elías Calles,2026,Extorsión presencial,0
General Plutarco Elías Calles,2026,Falsedad,0
General Plutarco Elías Calles,2026,Falsificación,0
General Plutarco Elías Calles,2026,Feminicidio,0
General Plutarco Elías Calles,2026,Fraude,0
General Plutarco Elías Calles,2026,Homicidio culposo,0
General Plutarco Elías Calles,2026,Homicidio doloso,0
General Plutarco Elías Calles,2026,Hostigamiento sexual,0
General Plutarco Elías Calles,2026,Incesto,0
General Plutarco Elías Calles,2026,Incumplimiento de obligaciones de asistencia familiar,0
General Plutarco Elías Calles,2026,Lesiones culposas,0
General Plutarco Elías Calles,2026,Lesiones dolosas,7
General Plutarco Elías Calles,2026,Narcomenudeo con fines de venta,1
General Plutarco Elías Calles,2026,Narcomenudeo posesión simple,3
General Plutarco Elías Calles,2026,Otros delitos contra el patrimonio,0
General Plutarco Elías Calles,2026,Otros delitos contra la familia,1
General Plutarco Elías Calles,2026,Otros delitos contra la sociedad,1
General Plutarco Elías Calles,2026,Otros delitos del Fuero Común,8
General Plutarco Elías Calles,2026,Otros delitos que atentan contra la libertad personal,0
General Plutarco Elías Calles,2026,Otros delitos que atentan contra la libertad y la seguridad sexual,0
General Plutarco Elías Calles,2026,Otros delitos que atentan contra la vida y la integridad corporal,0
General Plutarco Elías Calles,2026,Otros robos,5
General Plutarco Elías Calles,2026,Pornografía infantil,0
General Plutarco Elías Calles,2026,Privación ilegal de la libertad,0
General Plutarco Elías Calles,2026,Rapto,0
General Plutarco Elías Calles,2026,Retención o sustracción de menores e incapaces,0
General Plutarco Elías Calles,2026,Robo a casa habitación,0
General Plutarco Elías Calles,2026,Robo a institución bancaria,0
General Plutarco Elías Calles,2026,Robo a negocio,0
General Plutarco Elías Calles,2026,Robo a transeúnte en espacio abierto al público,0
General Plutarco Elías Calles,2026,Robo a transeúnte en vía pública,0
General Plutarco Elías Calles,2026,Robo a transportista,0
General Plutarco Elías Calles,2026,Robo de autopartes,0
General Plutarco Elías Calles,2026,Robo de ganado,0
General Plutarco Elías Calles,2026,"Robo de maquinaria - Cables, tubos y otros objetos destinados a servicios públicos",0
General Plutarco Elías Calles,2026,Robo de maquinaria - Herramienta industrial o agrícola,0
General Plutarco Elías Calles,2026,Robo de maquinaria - Tractores y/o montacargas,0
General Plutarco Elías Calles,2026,Robo de vehículo automotor - Coche de 4 ruedas,6
General Plutarco Elías Calles,2026,Robo de vehículo automotor - Embarcaciones,0
General Plutarco Elías Calles,2026,Robo de vehículo automotor - Motocicleta,0
General Plutarco Elías Calles,2026,Robo en transporte individual,0
General Plutarco Elías Calles,2026,Robo en transporte público colectivo,0
General Plutarco Elías Calles,2026,Robo en transporte público individual,0
General Plutarco Elías Calles,2026,Secuestro con calidad de rehén,0
General Plutarco Elías Calles,2026,Secuestro exprés,0
General Plutarco Elías Calles,2026,Secuestro extorsivo,1
General Plutarco Elías Calles,2026,Secuestro para causar daño,0
General Plutarco Elías Calles,2026,Suplantación y usurpación de identidad,0
General Plutarco Elías Calles,2026,Tentativa de extorsión por otros medios,0
General Plutarco Elías Calles,2026,Tentativa de extorsión presencial,0
General Plutarco Elías Calles,2026,Tentativa de feminicidio,0
General Plutarco Elías Calles,2026,Tentativa de homicidio doloso,0
General Plutarco Elías Calles,2026,Tortura,0
General Plutarco Elías Calles,2026,Trata de personas con fines de explotación sexual,0
General Plutarco Elías Calles,2026,Trata de personas con fines de trabajo o servicios forzados,0
General Plutarco Elías Calles,2026,Trata de personas con fines de tráfico de órganos,0
General Plutarco Elías Calles,2026,Trata de personas con otros fines,0
General Plutarco Elías Calles,2026,Tráfico de menores,0
General Plutarco Elías Calles,2026,Violación a la intimidad sexual,0
General Plutarco Elías Calles,2026,Violación equiparada,0
General Plutarco Elías Calles,2026,Violación simple,0
General Plutarco Elías Calles,2026,Violencia de género en todas sus modalidades distinta a la violencia familiar,0
General Plutarco Elías Calles,2026,Violencia familiar,5
Granados,2026,Aborto,0
Granados,2026,Abuso de confianza,0
Granados,2026,Abuso sexual,0
Granados,2026,Acoso sexual,0
Granados,2026,Allanamiento de morada,0
Granados,2026,Amenazas,0
Granados,2026,Contra el medio ambiente,0
Granados,2026,Corrupción de menores,0
Granados,2026,Daño a la propiedad,0
Granados,2026,Delitos cometidos por servidores públicos,0
Granados,2026,Delitos contra la administración de justicia,0
Granados,2026,Despojo,0
Granados,2026,Discriminación,0
Granados,2026,Electorales,0
Granados,2026,Evasión de presos,0
Granados,2026,Extorsión por otros medios,0
Granados,2026,Extorsión presencial,0
Granados,2026,Falsedad,0
Granados,2026,Falsificación,0
Granados,2026,Feminicidio,0
Granados,2026,Fraude,0
Granados,2026,Homicidio culposo,0
Granados,2026,Homicidio doloso,0
Granados,2026,Hostigamiento sexual,0
Granados,2026,Incesto,0
Granados,2026,Incumplimiento de obligaciones de asistencia familiar,0
Granados,2026,Lesiones culposas,0
Granados,2026,Lesiones dolosas,0
Granados,2026,Narcomenudeo con fines de venta,0
Granados,2026,Narcomenudeo posesión simple,0
Granados,2026,Otros delitos contra el patrimonio,0
Granados,2026,Otros delitos contra la familia,0
Granados,2026,Otros delitos contra la sociedad,0
Granados,2026,Otros delitos del Fuero Común,0
Granados,2026,Otros delitos que atentan contra la libertad personal,0
Granados,2026,Otros delitos que atentan contra la libertad y la seguridad sexual,0
Granados,2026,Otros delitos que atentan contra la vida y la integridad corporal,0
Granados,2026,Otros robos,0
Granados,2026,Pornografía infantil,0
Granados,2026,Privación ilegal de la libertad,0
Granados,2026,Rapto,0
Granados,2026,Retención o sustracción de menores e incapaces,0
Granados,2026,Robo a casa habitación,0
Granados,2026,Robo a institución bancaria,0
Granados,2026,Robo a negocio,0
Granados,2026,Robo a transeúnte en espacio abierto al público,0
Granados,2026,Robo a transeúnte en vía pública,0
Granados,2026,Robo a transportista,0
Granados,2026,Robo de autopartes,0
Granados,2026,Robo de ganado,0
Granados,2026,"Robo de maquinaria - Cables, tubos y otros objetos destinados a servicios públicos",0
Granados,2026,Robo de maquinaria - Herramienta industrial o agrícola,0
Granados,2026,Robo de maquinaria - Tractores y/o montacargas,0
Granados,2026,Robo de vehículo automotor - Coche de 4 ruedas,0
Granados,2026,Robo de vehículo automotor - Embarcaciones,0
Granados,2026,Robo de vehículo automotor - Motocicleta,0
Granados,2026,Robo en transporte individual,0
Granados,2026,Robo en transporte público colectivo,0
Granados,2026,Robo en transporte público individual,0
Granados,2026,Secuestro con calidad de rehén,0
Granados,2026,Secuestro exprés,0
Granados,2026,Secuestro extorsivo,0
Granados,2026,Secuestro para causar daño,0
Granados,2026,Suplantación y usurpación de identidad,0
Granados,2026,Tentativa de extorsión por otros medios,0
Granados,2026,Tentativa de extorsión presencial,0
Granados,2026,Tentativa de feminicidio,0
Granados,2026,Tentativa de homicidio doloso,0
Granados,2026,Tortura,0
Granados,2026,Trata de personas con fines de explotación sexual,0
Granados,2026,Trata de personas con fines de trabajo o servicios forzados,0
Granados,2026,Trata de personas con fines de tráfico de órganos,0
Granados,2026,Trata de personas con otros fines,0
Granados,2026,Tráfico de menores,0
Granados,2026,Violación a la intimidad sexual,0
Granados,2026,Violación equiparada,0
Granados,2026,Violación simple,0
Granados,2026,Violencia de género en todas sus modalidades distinta a la violencia familiar,0
Granados,2026,Violencia familiar,0
Guaymas,2026,Aborto,0
Guaymas,2026,Abuso de confianza,1
Guaymas,2026,Abuso sexual,6
Guaymas,2026,Acoso sexual,3
Guaymas,2026,Allanamiento de morada,7
Guaymas,2026,Amenazas,8
Guaymas,2026,Contra el medio ambiente,1
Guaymas,2026,Corrupción de menores,0
Guaymas,2026,Daño a la propiedad,14
Guaymas,2026,Delitos cometidos por servidores públicos,0
Guaymas,2026,Delitos contra la administración de justicia,0
Guaymas,2026,Despojo,2
Guaymas,2026,Discriminación,0
Guaymas,2026,Electorales,0
Guaymas,2026,Evasión de presos,0
Guaymas,2026,Extorsión por otros medios,0
Guaymas,2026,Extorsión presencial,0
Guaymas,2026,Falsedad,0
Guaymas,2026,Falsificación,0
Guaymas,2026,Feminicidio,0
Guaymas,2026,Fraude,3
Guaymas,2026,Homicidio culposo,2
Guaymas,2026,Homicidio doloso,2
Guaymas,2026,Hostigamiento sexual,0
Guaymas,2026,Incesto,0
Guaymas,2026,Incumplimiento de obligaciones de asistencia familiar,14
Guaymas,2026,Lesiones culposas,11
Guaymas,2026,Lesiones dolosas,10
Guaymas,2026,Narcomenudeo con fines de venta,18
Guaymas,2026,Narcomenudeo posesión simple,1
Guaymas,2026,Otros delitos contra el patrimonio,1
Guaymas,2026,Otros delitos contra la familia,3
Guaymas,2026,Otros delitos contra la sociedad,0
Guaymas,2026,Otros delitos del Fuero Común,20
Guaymas,2026,Otros delitos que atentan contra la libertad personal,0
Guaymas,2026,Otros delitos que atentan contra la libertad y la seguridad sexual,1
Guaymas,2026,Otros delitos que atentan contra la vida y la integridad corporal,0
Guaymas,2026,Otros robos,4
Guaymas,2026,Pornografía infantil,0
Guaymas,2026,Privación ilegal de la libertad,0
Guaymas,2026,Rapto,0
Guaymas,2026,Retención o sustracción de menores e incapaces,0
Guaymas,2026,Robo a casa habitación,3
Guaymas,2026,Robo a institución bancaria,0
Guaymas,2026,Robo a negocio,2
Guaymas,2026,Robo a transeúnte en espacio abierto al público,3
Guaymas,2026,Robo a transeúnte en vía pública,3
Guaymas,2026,Robo a transportista,0
Guaymas,2026,Robo de autopartes,0
Guaymas,2026,Robo de ganado,0
Guaymas,2026,"Robo de maquinaria - Cables, tubos y otros objetos destinados a servicios públicos",0
Guaymas,2026,Robo de maquinaria - Herramienta industrial o agrícola,0
Guaymas,2026,Robo de maquinaria - Tractores y/o montacargas,0
Guaymas,2026,Robo de vehículo automotor - Coche de 4 ruedas,15
Guaymas,2026,Robo de vehículo automotor - Embarcaciones,0
Guaymas,2026,Robo de vehículo automotor - Motocicleta,13
Guaymas,2026,Robo en transporte individual,0
Guaymas,2026,Robo en transporte público colectivo,0
Guaymas,2026,Robo en transporte público individual,0
Guaymas,2026,Secuestro con calidad de rehén,0
Guaymas,2026,Secuestro exprés,0
Guaymas,2026,Secuestro extorsivo,0
Guaymas,2026,Secuestro para causar daño,0
Guaymas,2026,Suplantación y usurpación de identidad,0
Guaymas,2026,Tentativa de extorsión por otros medios,0
Guaymas,2026,Tentativa de extorsión presencial,0
Guaymas,2026,Tentativa de feminicidio,0
Guaymas,2026,Tentativa de homicidio doloso,0
Guaymas,2026,Tortura,0
Guaymas,2026,Trata de personas con fines de explotación sexual,0
Guaymas,2026,Trata de personas con fines de trabajo o servicios forzados,0
Guaymas,2026,Trata de personas con fines de tráfico de órganos,0
Guaymas,2026,Trata de personas con otros fines,0
Guaymas,2026,Tráfico de menores,0
Guaymas,2026,Violación a la intimidad sexual,0
Guaymas,2026,Violación equiparada,0
Guaymas,2026,Violación simple,4
Guaymas,2026,Violencia de género en todas sus modalidades distinta a la violencia familiar,0
Guaymas,2026,Violencia familiar,43
Hermosillo,2026,Aborto,0
Hermosillo,2026,Abuso de confianza,4
Hermosillo,2026,Abuso sexual,28
Hermosillo,2026,Acoso sexual,4
Hermosillo,2026,Allanamiento de morada,31
Hermosillo,2026,Amenazas,83
Hermosillo,2026,Contra el medio ambiente,2
Hermosillo,2026,Corrupción de menores,4
Hermosillo,2026,Daño a la propiedad,90
Hermosillo,2026,Delitos cometidos por servidores públicos,0
Hermosillo,2026,Delitos contra la administración de justicia,0
Hermosillo,2026,Despojo,7
Hermosillo,2026,Discriminación,0
Hermosillo,2026,Electorales,0
Hermosillo,2026,Evasión de presos,0
Hermosillo,2026,Extorsión por otros medios,3
Hermosillo,2026,Extorsión presencial,1
Hermosillo,2026,Falsedad,3
Hermosillo,2026,Falsificación,2
Hermosillo,2026,Feminicidio,2
Hermosillo,2026,Fraude,9
Hermosillo,2026,Homicidio culposo,3
Hermosillo,2026,Homicidio doloso,39
Hermosillo,2026,Hostigamiento sexual,1
Hermosillo,2026,Incesto,0
Hermosillo,2026,Incumplimiento de obligaciones de asistencia familiar,31
Hermosillo,2026,Lesiones culposas,29
Hermosillo,2026,Lesiones dolosas,81
Hermosillo,2026,Narcomenudeo con fines de venta,285
Hermosillo,2026,Narcomenudeo posesión simple,255
Hermosillo,2026,Otros delitos contra el patrimonio,37
Hermosillo,2026,Otros delitos contra la familia,2
Hermosillo,2026,Otros delitos contra la sociedad,7
Hermosillo,2026,Otros delitos del Fuero Común,190
Hermosillo,2026,Otros delitos que atentan contra la libertad personal,2
Hermosillo,2026,Otros delitos que atentan contra la libertad y la seguridad sexual,3
Hermosillo,2026,Otros delitos que atentan contra la vida y la integridad corporal,2
Hermosillo,2026,Otros robos,51
Hermosillo,2026,Pornografía infantil,0
Hermosillo,2026,Privación ilegal de la libertad,18
Hermosillo,2026,Rapto,0
Hermosillo,2026,Retención o sustracción de menores e incapaces,1
Hermosillo,2026,Robo a casa habitación,9
Hermosillo,2026,Robo a institución bancaria,0
Hermosillo,2026,Robo a negocio,14
Hermosillo,2026,Robo a transeúnte en espacio abierto al público,2
Hermosillo,2026,Robo a transeúnte en vía pública,14
Hermosillo,2026,Robo a transportista,2
Hermosillo,2026,Robo de autopartes,8
Hermosillo,2026,Robo de ganado,0
Hermosillo,2026,"Robo de maquinaria - Cables, tubos y otros objetos destinados a servicios públicos",0
Hermosillo,2026,Robo de maquinaria - Herramienta industrial o agrícola,0
Hermosillo,2026,Robo de maquinaria - Tractores y/o montacargas,0
Hermosillo,2026,Robo de vehículo automotor - Coche de 4 ruedas,64
Hermosillo,2026,Robo de vehículo automotor - Embarcaciones,0
Hermosillo,2026,Robo de vehículo automotor - Motocicleta,15
Hermosillo,2026,Robo en transporte individual,1
Hermosillo,2026,Robo en transporte público colectivo,0
Hermosillo,2026,Robo en transporte público individual,0
Hermosillo,2026,Secuestro con calidad de rehén,0
Hermosillo,2026,Secuestro exprés,0
Hermosillo,2026,Secuestro extorsivo,1
Hermosillo,2026,Secuestro para causar daño,1
Hermosillo,2026,Suplantación y usurpación de identidad,0
Hermosillo,2026,Tentativa de extorsión por otros medios,0
Hermosillo,2026,Tentativa de extorsión presencial,0
Hermosillo,2026,Tentativa de feminicidio,1
Hermosillo,2026,Tentativa de homicidio doloso,34
Hermosillo,2026,Tortura,0
Hermosillo,2026,Trata de personas con fines de explotación sexual,0
Hermosillo,2026,Trata de personas con fines de trabajo o servicios forzados,0
Hermosillo,2026,Trata de personas con fines de tráfico de órganos,0
Hermosillo,2026,Trata de personas con otros fines,0
Hermosillo,2026,Tráfico de menores,0
Hermosillo,2026,Violación a la intimidad sexual,6
Hermosillo,2026,Violación equiparada,3
Hermosillo,2026,Violación simple,11
Hermosillo,2026,Violencia de género en todas sus modalidades distinta a la violencia familiar,0
Hermosillo,2026,Violencia familiar,179
Huachinera,2026,Aborto,0
Huachinera,2026,Abuso de confianza,0
Huachinera,2026,Abuso sexual,0
Huachinera,2026,Acoso sexual,0
Huachinera,2026,Allanamiento de morada,0
Huachinera,2026,Amenazas,0
Huachinera,2026,Contra el medio ambiente,0
Huachinera,2026,Corrupción de menores,0
Huachinera,2026,Daño a la propiedad,0
Huachinera,2026,Delitos cometidos por servidores públicos,0
Huachinera,2026,Delitos contra la administración de justicia,0
Huachinera,2026,Despojo,0
Huachinera,2026,Discriminación,0
Huachinera,2026,Electorales,0
Huachinera,2026,Evasión de presos,0
Huachinera,2026,Extorsión por otros medios,0
Huachinera,2026,Extorsión presencial,0
Huachinera,2026,Falsedad,0
Huachinera,2026,Falsificación,0
Huachinera,2026,Feminicidio,0
Huachinera,2026,Fraude,0
Huachinera,2026,Homicidio culposo,0
Huachinera,2026,Homicidio doloso,0
Huachinera,2026,Hostigamiento sexual,0
Huachinera,2026,Incesto,0
Huachinera,2026,Incumplimiento de obligaciones de asistencia familiar,0
Huachinera,2026,Lesiones culposas,0
Huachinera,2026,Lesiones dolosas,0
Huachinera,2026,Narcomenudeo con fines de venta,0
Huachinera,2026,Narcomenudeo posesión simple,0
Huachinera,2026,Otros delitos contra el patrimonio,0
Huachinera,2026,Otros delitos contra la familia,0
Huachinera,2026,Otros delitos contra la sociedad,0
Huachinera,2026,Otros delitos del Fuero Común,0
Huachinera,2026,Otros delitos que atentan contra la libertad personal,0
Huachinera,2026,Otros delitos que atentan contra la libertad y la seguridad sexual,0
Huachinera,2026,Otros delitos que atentan contra la vida y la integridad corporal,0
Huachinera,2026,Otros robos,0
Huachinera,2026,Pornografía infantil,0
Huachinera,2026,Privación ilegal de la libertad,0
Huachinera,2026,Rapto,0
Huachinera,2026,Retención o sustracción de menores e incapaces,0
Huachinera,2026,Robo a casa habitación,0
Huachinera,2026,Robo a institución bancaria,0
Huachinera,2026,Robo a negocio,0
Huachinera,2026,Robo a transeúnte en espacio abierto al público,0
Huachinera,2026,Robo a transeúnte en vía pública,0
Huachinera,2026,Robo a transportista,0
Huachinera,2026,Robo de autopartes,0
Huachinera,2026,Robo de ganado,0
Huachinera,2026,"Robo de maquinaria - Cables, tubos y otros objetos destinados a servicios públicos",0
Huachinera,2026,Robo de maquinaria - Herramienta industrial o agrícola,0
Huachinera,2026,Robo de maquinaria - Tractores y/o montacargas,0
Huachinera,2026,Robo de vehículo automotor - Coche de 4 ruedas,0
Huachinera,2026,Robo de vehículo automotor - Embarcaciones,0
Huachinera,2026,Robo de vehículo automotor - Motocicleta,0
Huachinera,2026,Robo en transporte individual,0
Huachinera,2026,Robo en transporte público colectivo,0
Huachinera,2026,Robo en transporte público individual,0
Huachinera,2026,Secuestro con calidad de rehén,0
Huachinera,2026,Secuestro exprés,0
Huachinera,2026,Secuestro extorsivo,0
Huachinera,2026,Secuestro para causar daño,0
Huachinera,2026,Suplantación y usurpación de identidad,0
Huachinera,2026,Tentativa de extorsión por otros medios,0
Huachinera,2026,Tentativa de extorsión presencial,0
Huachinera,2026,Tentativa de feminicidio,0
Huachinera,2026,Tentativa de homicidio doloso,0
Huachinera,2026,Tortura,0
Huachinera,2026,Trata de personas con fines de explotación sexual,0
Huachinera,2026,Trata de personas con fines de trabajo o servicios forzados,0
Huachinera,2026,Trata de personas con fines de tráfico de órganos,0
Huachinera,2026,Trata de personas con otros fines,0
Huachinera,2026,Tráfico de menores,0
Huachinera,2026,Violación a la intimidad sexual,0
Huachinera,2026,Violación equiparada,0
Huachinera,2026,Violación simple,0
Huachinera,2026,Violencia de género en todas sus modalidades distinta a la violencia familiar,0
Huachinera,2026,Violencia familiar,1
Huatabampo,2026,Aborto,0
Huatabampo,2026,Abuso de confianza,0
Huatabampo,2026,Abuso sexual,6
Huatabampo,2026,Acoso sexual,0
Huatabampo,2026,Allanamiento de morada,0
Huatabampo,2026,Amenazas,2
Huatabampo,2026,Contra el medio ambiente,0
Huatabampo,2026,Corrupción de menores,0
Huatabampo,2026,Daño a la propiedad,1
Huatabampo,2026,Delitos cometidos por servidores públicos,0
Huatabampo,2026,Delitos contra la administración de justicia,0
Huatabampo,2026,Despojo,1
Huatabampo,2026,Discriminación,0
Huatabampo,2026,Electorales,0
Huatabampo,2026,Evasión de presos,0
Huatabampo,2026,Extorsión por otros medios,0
Huatabampo,2026,Extorsión presencial,0
Huatabampo,2026,Falsedad,0
Huatabampo,2026,Falsificación,0
Huatabampo,2026,Feminicidio,0
Huatabampo,2026,Fraude,3
Huatabampo,2026,Homicidio culposo,0
Huatabampo,2026,Homicidio doloso,0
Huatabampo,2026,Hostigamiento sexual,0
Huatabampo,2026,Incesto,0
Huatabampo,2026,Incumplimiento de obligaciones de asistencia familiar,21
Huatabampo,2026,Lesiones culposas,2
Huatabampo,2026,Lesiones dolosas,5
Huatabampo,2026,Narcomenudeo con fines de venta,5
Huatabampo,2026,Narcomenudeo posesión simple,0
Huatabampo,2026,Otros delitos contra el patrimonio,0
Huatabampo,2026,Otros delitos contra la familia,0
Huatabampo,2026,Otros delitos contra la sociedad,1
Huatabampo,2026,Otros delitos del Fuero Común,1
Huatabampo,2026,Otros delitos que atentan contra la libertad personal,0
Huatabampo,2026,Otros delitos que atentan contra la libertad y la seguridad sexual,0
Huatabampo,2026,Otros delitos que atentan contra la vida y la integridad corporal,0
Huatabampo,2026,Otros robos,1
Huatabampo,2026,Pornografía infantil,0
Huatabampo,2026,Privación ilegal de la libertad,0
Huatabampo,2026,Rapto,0
Huatabampo,2026,Retención o sustracción de menores e incapaces,0
Huatabampo,2026,Robo a casa habitación,0
Huatabampo,2026,Robo a institución bancaria,0
Huatabampo,2026,Robo a negocio,0
Huatabampo,2026,Robo a transeúnte en espacio abierto al público,0
Huatabampo,2026,Robo a transeúnte en vía pública,0
Huatabampo,2026,Robo a transportista,0
Huatabampo,2026,Robo de autopartes,0
Huatabampo,2026,Robo de ganado,0
Huatabampo,2026,"Robo de maquinaria - Cables, tubos y otros objetos destinados a servicios públicos",0
Huatabampo,2026,Robo de maquinaria - Herramienta industrial o agrícola,0
Huatabampo,2026,Robo de maquinaria - Tractores y/o montacargas,0
Huatabampo,2026,Robo de vehículo automotor - Coche de 4 ruedas,4
Huatabampo,2026,Robo de vehículo automotor - Embarcaciones,0
Huatabampo,2026,Robo de vehículo automotor - Motocicleta,3
Huatabampo,2026,Robo en transporte individual,0
Huatabampo,2026,Robo en transporte público colectivo,0
Huatabampo,2026,Robo en transporte público individual,0
Huatabampo,2026,Secuestro con calidad de rehén,0
Huatabampo,2026,Secuestro exprés,0
Huatabampo,2026,Secuestro extorsivo,0
Huatabampo,2026,Secuestro para causar daño,0
Huatabampo,2026,Suplantación y usurpación de identidad,0
Huatabampo,2026,Tentativa de extorsión por otros medios,0
Huatabampo,2026,Tentativa de extorsión presencial,0
Huatabampo,2026,Tentativa de feminicidio,0
Huatabampo,2026,Tentativa de homicidio doloso,0
Huatabampo,2026,Tortura,0
Huatabampo,2026,Trata de personas con fines de explotación sexual,0
Huatabampo,2026,Trata de personas con fines de trabajo o servicios forzados,0
Huatabampo,2026,Trata de personas con fines de tráfico de órganos,0
Huatabampo,2026,Trata de personas con otros fines,0
Huatabampo,2026,Tráfico de menores,0
Huatabampo,2026,Violación a la intimidad sexual,0
Huatabampo,2026,Violación equiparada,0
Huatabampo,2026,Violación simple,3
Huatabampo,2026,Violencia de género en todas sus modalidades distinta a la violencia familiar,0
Huatabampo,2026,Violencia familiar,22
Huásabas,2026,Aborto,0
Huásabas,2026,Abuso de confianza,0
Huásabas,2026,Abuso sexual,0
Huásabas,2026,Acoso sexual,0
Huásabas,2026,Allanamiento de morada,0
Huásabas,2026,Amenazas,0
Huásabas,2026,Contra el medio ambiente,0
Huásabas,2026,Corrupción de menores,0
Huásabas,2026,Daño a la propiedad,0
Huásabas,2026,Delitos cometidos por servidores públicos,0
Huásabas,2026,Delitos contra la administración de justicia,0
Huásabas,2026,Despojo,0
Huásabas,2026,Discriminación,0
Huásabas,2026,Electorales,0
Huásabas,2026,Evasión de presos,0
Huásabas,2026,Extorsión por otros medios,0
Huásabas,2026,Extorsión presencial,0
Huásabas,2026,Falsedad,0
Huásabas,2026,Falsificación,0
Huásabas,2026,Feminicidio,0
Huásabas,2026,Fraude,0
Huásabas,2026,Homicidio culposo,0
Huásabas,2026,Homicidio doloso,0
Huásabas,2026,Hostigamiento sexual,0
Huásabas,2026,Incesto,0
Huásabas,2026,Incumplimiento de obligaciones de asistencia familiar,0
Huásabas,2026,Lesiones culposas,0
Huásabas,2026,Lesiones dolosas,0
Huásabas,2026,Narcomenudeo con fines de venta,0
Huásabas,2026,Narcomenudeo posesión simple,0
Huásabas,2026,Otros delitos contra el patrimonio,0
Huásabas,2026,Otros delitos contra la familia,0
Huásabas,2026,Otros delitos contra la sociedad,0
Huásabas,2026,Otros delitos del Fuero Común,0
Huásabas,2026,Otros delitos que atentan contra la libertad personal,0
Huásabas,2026,Otros delitos que atentan contra la libertad y la seguridad sexual,0
Huásabas,2026,Otros delitos que atentan contra la vida y la integridad corporal,0
Huásabas,2026,Otros robos,0
Huásabas,2026,Pornografía infantil,0
Huásabas,2026,Privación ilegal de la libertad,0
Huásabas,2026,Rapto,0
Huásabas,2026,Retención o sustracción de menores e incapaces,0
Huásabas,2026,Robo a casa habitación,0
Huásabas,2026,Robo a institución bancaria,0
Huásabas,2026,Robo a negocio,0
Huásabas,2026,Robo a transeúnte en espacio abierto al público,0
Huásabas,2026,Robo a transeúnte en vía pública,0
Huásabas,2026,Robo a transportista,0
Huásabas,2026,Robo de autopartes,0
Huásabas,2026,Robo de ganado,0
Huásabas,2026,"Robo de maquinaria - Cables, tubos y otros objetos destinados a servicios públicos",0
Huásabas,2026,Robo de maquinaria - Herramienta industrial o agrícola,0
Huásabas,2026,Robo de maquinaria - Tractores y/o montacargas,0
Huásabas,2026,Robo de vehículo automotor - Coche de 4 ruedas,0
Huásabas,2026,Robo de vehículo automotor - Embarcaciones,0
Huásabas,2026,Robo de vehículo automotor - Motocicleta,0
Huásabas,2026,Robo en transporte individual,0
Huásabas,2026,Robo en transporte público colectivo,0
Huásabas,2026,Robo en transporte público individual,0
Huásabas,2026,Secuestro con calidad de rehén,0
Huásabas,2026,Secuestro exprés,0
Huásabas,2026,Secuestro extorsivo,0
Huásabas,2026,Secuestro para causar daño,0
Huásabas,2026,Suplantación y usurpación de identidad,0
Huásabas,2026,Tentativa de extorsión por otros medios,0
Huásabas,2026,Tentativa de extorsión presencial,0
Huásabas,2026,Tentativa de feminicidio,0
Huásabas,2026,Tentativa de homicidio doloso,0
Huásabas,2026,Tortura,0
Huásabas,2026,Trata de personas con fines de explotación sexual,0
Huásabas,2026,Trata de personas con fines de trabajo o servicios forzados,0
Huásabas,2026,Trata de personas con fines de tráfico de órganos,0
Huásabas,2026,Trata de personas con otros fines,0
Huásabas,2026,Tráfico de menores,0
Huásabas,2026,Violación a la intimidad sexual,0
Huásabas,2026,Violación equiparada,0
Huásabas,2026,Violación simple,0
Huásabas,2026,Violencia de género en todas sus modalidades distinta a la violencia familiar,0
Huásabas,2026,Violencia familiar,0
Huépac,2026,Aborto,0
Huépac,2026,Abuso de confianza,0
Huépac,2026,Abuso sexual,0
Huépac,2026,Acoso sexual,0
Huépac,2026,Allanamiento de morada,0
Huépac,2026,Amenazas,0
Huépac,2026,Contra el medio ambiente,0
Huépac,2026,Corrupción de menores,0
Huépac,2026,Daño a la propiedad,0
Huépac,2026,Delitos cometidos por servidores públicos,0
Huépac,2026,Delitos contra la administración de justicia,0
Huépac,2026,Despojo,0
Huépac,2026,Discriminación,0
Huépac,2026,Electorales,0
Huépac,2026,Evasión de presos,0
Huépac,2026,Extorsión por otros medios,0
Huépac,2026,Extorsión presencial,0
Huépac,2026,Falsedad,0
Huépac,2026,Falsificación,0
Huépac,2026,Feminicidio,0
Huépac,2026,Fraude,0
Huépac,2026,Homicidio culposo,0
Huépac,2026,Homicidio doloso,0
Huépac,2026,Hostigamiento sexual,0
Huépac,2026,Incesto,0
Huépac,2026,Incumplimiento de obligaciones de asistencia familiar,0
Huépac,2026,Lesiones culposas,0
Huépac,2026,Lesiones dolosas,0
Huépac,2026,Narcomenudeo con fines de venta,0
Huépac,2026,Narcomenudeo posesión simple,0
Huépac,2026,Otros delitos contra el patrimonio,0
Huépac,2026,Otros delitos contra la familia,0
Huépac,2026,Otros delitos contra la sociedad,0
Huépac,2026,Otros delitos del Fuero Común,0
Huépac,2026,Otros delitos que atentan contra la libertad personal,0
Huépac,2026,Otros delitos que atentan contra la libertad y la seguridad sexual,0
Huépac,2026,Otros delitos que atentan contra la vida y la integridad corporal,0
Huépac,2026,Otros robos,0
Huépac,2026,Pornografía infantil,0
Huépac,2026,Privación ilegal de la libertad,0
Huépac,2026,Rapto,0
Huépac,2026,Retención o sustracción de menores e incapaces,0
Huépac,2026,Robo a casa habitación,0
Huépac,2026,Robo a institución bancaria,0
Huépac,2026,Robo a negocio,0
Huépac,2026,Robo a transeúnte en espacio abierto al público,0
Huépac,2026,Robo a transeúnte en vía pública,0
Huépac,2026,Robo a transportista,0
Huépac,2026,Robo de autopartes,0
Huépac,2026,Robo de ganado,0
Huépac,2026,"Robo de maquinaria - Cables, tubos y otros objetos destinados a servicios públicos",0
Huépac,2026,Robo de maquinaria - Herramienta industrial o agrícola,0
Huépac,2026,Robo de maquinaria - Tractores y/o montacargas,0
Huépac,2026,Robo de vehículo automotor - Coche de 4 ruedas,0
Huépac,2026,Robo de vehículo automotor - Embarcaciones,0
Huépac,2026,Robo de vehículo automotor - Motocicleta,0
Huépac,2026,Robo en transporte individual,0
Huépac,2026,Robo en transporte público colectivo,0
Huépac,2026,Robo en transporte público individual,0
Huépac,2026,Secuestro con calidad de rehén,0
Huépac,2026,Secuestro exprés,0
Huépac,2026,Secuestro extorsivo,0
Huépac,2026,Secuestro para causar daño,0
Huépac,2026,Suplantación y usurpación de identidad,0
Huépac,2026,Tentativa de extorsión por otros medios,0
Huépac,2026,Tentativa de extorsión presencial,0
Huépac,2026,Tentativa de feminicidio,0
Huépac,2026,Tentativa de homicidio doloso,0
Huépac,2026,Tortura,0
Huépac,2026,Trata de personas con fines de explotación sexual,0
Huépac,2026,Trata de personas con fines de trabajo o servicios forzados,0
Huépac,2026,Trata de personas con fines de tráfico de órganos,0
Huépac,2026,Trata de personas con otros fines,0
Huépac,2026,Tráfico de menores,0
Huépac,2026,Violación a la intimidad sexual,0
Huépac,2026,Violación equiparada,0
Huépac,2026,Violación simple,0
Huépac,2026,Violencia de género en todas sus modalidades distinta a la violencia familiar,0
Huépac,2026,Violencia familiar,0
Imuris,2026,Aborto,0
Imuris,2026,Abuso de confianza,0
Imuris,2026,Abuso sexual,0
Imuris,2026,Acoso sexual,0
Imuris,2026,Allanamiento de morada,0
Imuris,2026,Amenazas,0
Imuris,2026,Contra el medio ambiente,0
Imuris,2026,Corrupción de menores,0
Imuris,2026,Daño a la propiedad,2
Imuris,2026,Delitos cometidos por servidores públicos,0
Imuris,2026,Delitos contra la administración de justicia,0
Imuris,2026,Despojo,1
Imuris,2026,Discriminación,0
Imuris,2026,Electorales,0
Imuris,2026,Evasión de presos,0
Imuris,2026,Extorsión por otros medios,0
Imuris,2026,Extorsión presencial,0
Imuris,2026,Falsedad,0
Imuris,2026,Falsificación,0
Imuris,2026,Feminicidio,0
Imuris,2026,Fraude,1
Imuris,2026,Homicidio culposo,0
Imuris,2026,Homicidio doloso,0
Imuris,2026,Hostigamiento sexual,0
Imuris,2026,Incesto,0
Imuris,2026,Incumplimiento de obligaciones de asistencia familiar,0
Imuris,2026,Lesiones culposas,0
Imuris,2026,Lesiones dolosas,1
Imuris,2026,Narcomenudeo con fines de venta,2
Imuris,2026,Narcomenudeo posesión simple,1
Imuris,2026,Otros delitos contra el patrimonio,2
Imuris,2026,Otros delitos contra la familia,0
Imuris,2026,Otros delitos contra la sociedad,1
Imuris,2026,Otros delitos del Fuero Común,2
Imuris,2026,Otros delitos que atentan contra la libertad personal,0
Imuris,2026,Otros delitos que atentan contra la libertad y la seguridad sexual,0
Imuris,2026,Otros delitos que atentan contra la vida y la integridad corporal,0
Imuris,2026,Otros robos,1
Imuris,2026,Pornografía infantil,0
Imuris,2026,Privación ilegal de la libertad,0
Imuris,2026,Rapto,0
Imuris,2026,Retención o sustracción de menores e incapaces,0
Imuris,2026,Robo a casa habitación,0
Imuris,2026,Robo a institución bancaria,0
Imuris,2026,Robo a negocio,0
Imuris,2026,Robo a transeúnte en espacio abierto al público,0
Imuris,2026,Robo a transeúnte en vía pública,0
Imuris,2026,Robo a transportista,0
Imuris,2026,Robo de autopartes,0
Imuris,2026,Robo de ganado,0
Imuris,2026,"Robo de maquinaria - Cables, tubos y otros objetos destinados a servicios públicos",0
Imuris,2026,Robo de maquinaria - Herramienta industrial o agrícola,0
Imuris,2026,Robo de maquinaria - Tractores y/o montacargas,0
Imuris,2026,Robo de vehículo automotor - Coche de 4 ruedas,0
Imuris,2026,Robo de vehículo automotor - Embarcaciones,0
Imuris,2026,Robo de vehículo automotor - Motocicleta,1
Imuris,2026,Robo en transporte individual,0
Imuris,2026,Robo en transporte público colectivo,0
Imuris,2026,Robo en transporte público individual,0
Imuris,2026,Secuestro con calidad de rehén,0
Imuris,2026,Secuestro exprés,0
Imuris,2026,Secuestro extorsivo,0
Imuris,2026,Secuestro para causar daño,0
Imuris,2026,Suplantación y usurpación de identidad,0
Imuris,2026,Tentativa de extorsión por otros medios,0
Imuris,2026,Tentativa de extorsión presencial,0
Imuris,2026,Tentativa de feminicidio,2
Imuris,2026,Tentativa de homicidio doloso,1
Imuris,2026,Tortura,0
Imuris,2026,Trata de personas con fines de explotación sexual,0
Imuris,2026,Trata de personas con fines de trabajo o servicios forzados,0
Imuris,2026,Trata de personas con fines de tráfico de órganos,0
Imuris,2026,Trata de personas con otros fines,0
Imuris,2026,Tráfico de menores,0
Imuris,2026,Violación a la intimidad sexual,0
Imuris,2026,Violación equiparada,0
Imuris,2026,Violación simple,0
Imuris,2026,Violencia de género en todas sus modalidades distinta a la violencia familiar,0
Imuris,2026,Violencia familiar,4
La Colorada,2026,Aborto,0
La Colorada,2026,Abuso de confianza,0
La Colorada,2026,Abuso sexual,0
La Colorada,2026,Acoso sexual,0
La Colorada,2026,Allanamiento de morada,0
La Colorada,2026,Amenazas,1
La Colorada,2026,Contra el medio ambiente,0
La Colorada,2026,Corrupción de menores,0
La Colorada,2026,Daño a la propiedad,0
La Colorada,2026,Delitos cometidos por servidores públicos,0
La Colorada,2026,Delitos contra la administración de justicia,0
La Colorada,2026,Despojo,0
La Colorada,2026,Discriminación,0
La Colorada,2026,Electorales,0
La Colorada,2026,Evasión de presos,0
La Colorada,2026,Extorsión por otros medios,0
La Colorada,2026,Extorsión presencial,0
La Colorada,2026,Falsedad,0
La Colorada,2026,Falsificación,0
La Colorada,2026,Feminicidio,0
La Colorada,2026,Fraude,0
La Colorada,2026,Homicidio culposo,0
La Colorada,2026,Homicidio doloso,0
La Colorada,2026,Hostigamiento sexual,0
La Colorada,2026,Incesto,0
La Colorada,2026,Incumplimiento de obligaciones de asistencia familiar,0
La Colorada,2026,Lesiones culposas,0
La Colorada,2026,Lesiones dolosas,1
La Colorada,2026,Narcomenudeo con fines de venta,0
La Colorada,2026,Narcomenudeo posesión simple,0
La Colorada,2026,Otros delitos contra el patrimonio,0
La Colorada,2026,Otros delitos contra la familia,0
La Colorada,2026,Otros delitos contra la sociedad,0
La Colorada,2026,Otros delitos del Fuero Común,0
La Colorada,2026,Otros delitos que atentan contra la libertad personal,0
La Colorada,2026,Otros delitos que atentan contra la libertad y la seguridad sexual,0
La Colorada,2026,Otros delitos que atentan contra la vida y la integridad corporal,0
La Colorada,2026,Otros robos,0
La Colorada,2026,Pornografía infantil,0
La Colorada,2026,Privación ilegal de la libertad,0
La Colorada,2026,Rapto,0
La Colorada,2026,Retención o sustracción de menores e incapaces,0
La Colorada,2026,Robo a casa habitación,0
La Colorada,2026,Robo a institución bancaria,0
La Colorada,2026,Robo a negocio,0
La Colorada,2026,Robo a transeúnte en espacio abierto al público,0
La Colorada,2026,Robo a transeúnte en vía pública,0
La Colorada,2026,Robo a transportista,0
La Colorada,2026,Robo de autopartes,0
La Colorada,2026,Robo de ganado,0
La Colorada,2026,"Robo de maquinaria - Cables, tubos y otros objetos destinados a servicios públicos",0
La Colorada,2026,Robo de maquinaria - Herramienta industrial o agrícola,0
La Colorada,2026,Robo de maquinaria - Tractores y/o montacargas,0
La Colorada,2026,Robo de vehículo automotor - Coche de 4 ruedas,0
La Colorada,2026,Robo de vehículo automotor - Embarcaciones,0
La Colorada,2026,Robo de vehículo automotor - Motocicleta,0
La Colorada,2026,Robo en transporte individual,0
La Colorada,2026,Robo en transporte público colectivo,0
La Colorada,2026,Robo en transporte público individual,0
La Colorada,2026,Secuestro con calidad de rehén,0
La Colorada,2026,Secuestro exprés,0
La Colorada,2026,Secuestro extorsivo,0
La Colorada,2026,Secuestro para causar daño,0
La Colorada,2026,Suplantación y usurpación de identidad,0
La Colorada,2026,Tentativa de extorsión por otros medios,0
La Colorada,2026,Tentativa de extorsión presencial,0
La Colorada,2026,Tentativa de feminicidio,0
La Colorada,2026,Tentativa de homicidio doloso,0
La Colorada,2026,Tortura,0
La Colorada,2026,Trata de personas con fines de explotación sexual,0
La Colorada,2026,Trata de personas con fines de trabajo o servicios forzados,0
La Colorada,2026,Trata de personas con fines de tráfico de órganos,0
La Colorada,2026,Trata de personas con otros fines,0
La Colorada,2026,Tráfico de menores,0
La Colorada,2026,Violación a la intimidad sexual,0
La Colorada,2026,Violación equiparada,0
La Colorada,2026,Violación simple,0
La Colorada,2026,Violencia de género en todas sus modalidades distinta a la violencia familiar,0
La Colorada,2026,Violencia familiar,0
Magdalena,2026,Aborto,1
Magdalena,2026,Abuso de confianza,0
Magdalena,2026,Abuso sexual,0
Magdalena,2026,Acoso sexual,0
Magdalena,2026,Allanamiento de morada,0
Magdalena,2026,Amenazas,4
Magdalena,2026,Contra el medio ambiente,0
Magdalena,2026,Corrupción de menores,0
Magdalena,2026,Daño a la propiedad,2
Magdalena,2026,Delitos cometidos por servidores públicos,0
Magdalena,2026,Delitos contra la administración de justicia,0
Magdalena,2026,Despojo,0
Magdalena,2026,Discriminación,0
Magdalena,2026,Electorales,0
Magdalena,2026,Evasión de presos,0
Magdalena,2026,Extorsión por otros medios,0
Magdalena,2026,Extorsión presencial,0
Magdalena,2026,Falsedad,0
Magdalena,2026,Falsificación,0
Magdalena,2026,Feminicidio,0
Magdalena,2026,Fraude,0
Magdalena,2026,Homicidio culposo,0
Magdalena,2026,Homicidio doloso,1
Magdalena,2026,Hostigamiento sexual,0
Magdalena,2026,Incesto,0
Magdalena,2026,Incumplimiento de obligaciones de asistencia familiar,5
Magdalena,2026,Lesiones culposas,0
Magdalena,2026,Lesiones dolosas,3
Magdalena,2026,Narcomenudeo con fines de venta,7
Magdalena,2026,Narcomenudeo posesión simple,2
Magdalena,2026,Otros delitos contra el patrimonio,3
Magdalena,2026,Otros delitos contra la familia,1
Magdalena,2026,Otros delitos contra la sociedad,1
Magdalena,2026,Otros delitos del Fuero Común,5
Magdalena,2026,Otros delitos que atentan contra la libertad personal,0
Magdalena,2026,Otros delitos que atentan contra la libertad y la seguridad sexual,0
Magdalena,2026,Otros delitos que atentan contra la vida y la integridad corporal,0
Magdalena,2026,Otros robos,11
Magdalena,2026,Pornografía infantil,0
Magdalena,2026,Privación ilegal de la libertad,0
Magdalena,2026,Rapto,0
Magdalena,2026,Retención o sustracción de menores e incapaces,0
Magdalena,2026,Robo a casa habitación,2
Magdalena,2026,Robo a institución bancaria,0
Magdalena,2026,Robo a negocio,1
Magdalena,2026,Robo a transeúnte en espacio abierto al público,0
Magdalena,2026,Robo a transeúnte en vía pública,0
Magdalena,2026,Robo a transportista,0
Magdalena,2026,Robo de autopartes,0
Magdalena,2026,Robo de ganado,0
Magdalena,2026,"Robo de maquinaria - Cables, tubos y otros objetos destinados a servicios públicos",0
Magdalena,2026,Robo de maquinaria - Herramienta industrial o agrícola,0
Magdalena,2026,Robo de maquinaria - Tractores y/o montacargas,0
Magdalena,2026,Robo de vehículo automotor - Coche de 4 ruedas,5
Magdalena,2026,Robo de vehículo automotor - Embarcaciones,0
Magdalena,2026,Robo de vehículo automotor - Motocicleta,2
Magdalena,2026,Robo en transporte individual,0
Magdalena,2026,Robo en transporte público colectivo,0
Magdalena,2026,Robo en transporte público individual,0
Magdalena,2026,Secuestro con calidad de rehén,0
Magdalena,2026,Secuestro exprés,0
Magdalena,2026,Secuestro extorsivo,0
Magdalena,2026,Secuestro para causar daño,0
Magdalena,2026,Suplantación y usurpación de identidad,0
Magdalena,2026,Tentativa de extorsión por otros medios,0
Magdalena,2026,Tentativa de extorsión presencial,0
Magdalena,2026,Tentativa de feminicidio,0
Magdalena,2026,Tentativa de homicidio doloso,3
Magdalena,2026,Tortura,0
Magdalena,2026,Trata de personas con fines de explotación sexual,0
Magdalena,2026,Trata de personas con fines de trabajo o servicios forzados,0
Magdalena,2026,Trata de personas con fines de tráfico de órganos,0
Magdalena,2026,Trata de personas con otros fines,0
Magdalena,2026,Tráfico de menores,0
Magdalena,2026,Violación a la intimidad sexual,0
Magdalena,2026,Violación equiparada,0
Magdalena,2026,Violación simple,0
Magdalena,2026,Violencia de género en todas sus modalidades distinta a la violencia familiar,0
Magdalena,2026,Violencia familiar,12
Mazatán,2026,Aborto,0
Mazatán,2026,Abuso de confianza,0
Mazatán,2026,Abuso sexual,0
Mazatán,2026,Acoso sexual,0
Mazatán,2026,Allanamiento de morada,0
Mazatán,2026,Amenazas,0
Mazatán,2026,Contra el medio ambiente,0
Mazatán,2026,Corrupción de menores,0
Mazatán,2026,Daño a la propiedad,0
Mazatán,2026,Delitos cometidos por servidores públicos,0
Mazatán,2026,Delitos contra la administración de justicia,0
Mazatán,2026,Despojo,0
Mazatán,2026,Discriminación,0
Mazatán,2026,Electorales,0
Mazatán,2026,Evasión de presos,0
Mazatán,2026,Extorsión por otros medios,0
Mazatán,2026,Extorsión presencial,0
Mazatán,2026,Falsedad,0
Mazatán,2026,Falsificación,0
Mazatán,2026,Feminicidio,0
Mazatán,2026,Fraude,0
Mazatán,2026,Homicidio culposo,0
Mazatán,2026,Homicidio doloso,1
Mazatán,2026,Hostigamiento sexual,0
Mazatán,2026,Incesto,0
Mazatán,2026,Incumplimiento de obligaciones de asistencia familiar,0
Mazatán,2026,Lesiones culposas,0
Mazatán,2026,Lesiones dolosas,0
Mazatán,2026,Narcomenudeo con fines de venta,0
Mazatán,2026,Narcomenudeo posesión simple,0
Mazatán,2026,Otros delitos contra el patrimonio,0
Mazatán,2026,Otros delitos contra la familia,0
Mazatán,2026,Otros delitos contra la sociedad,0
Mazatán,2026,Otros delitos del Fuero Común,0
Mazatán,2026,Otros delitos que atentan contra la libertad personal,0
Mazatán,2026,Otros delitos que atentan contra la libertad y la seguridad sexual,0
Mazatán,2026,Otros delitos que atentan contra la vida y la integridad corporal,0
Mazatán,2026,Otros robos,0
Mazatán,2026,Pornografía infantil,0
Mazatán,2026,Privación ilegal de la libertad,0
Mazatán,2026,Rapto,0
Mazatán,2026,Retención o sustracción de menores e incapaces,0
Mazatán,2026,Robo a casa habitación,0
Mazatán,2026,Robo a institución bancaria,0
Mazatán,2026,Robo a negocio,0
Mazatán,2026,Robo a transeúnte en espacio abierto al público,0
Mazatán,2026,Robo a transeúnte en vía pública,0
Mazatán,2026,Robo a transportista,0
Mazatán,2026,Robo de autopartes,0
Mazatán,2026,Robo de ganado,0
Mazatán,2026,"Robo de maquinaria - Cables, tubos y otros objetos destinados a servicios públicos",0
Mazatán,2026,Robo de maquinaria - Herramienta industrial o agrícola,0
Mazatán,2026,Robo de maquinaria - Tractores y/o montacargas,0
Mazatán,2026,Robo de vehículo automotor - Coche de 4 ruedas,0
Mazatán,2026,Robo de vehículo automotor - Embarcaciones,0
Mazatán,2026,Robo de vehículo automotor - Motocicleta,0
Mazatán,2026,Robo en transporte individual,0
Mazatán,2026,Robo en transporte público colectivo,0
Mazatán,2026,Robo en transporte público individual,0
Mazatán,2026,Secuestro con calidad de rehén,0
Mazatán,2026,Secuestro exprés,0
Mazatán,2026,Secuestro extorsivo,0
Mazatán,2026,Secuestro para causar daño,0
Mazatán,2026,Suplantación y usurpación de identidad,0
Mazatán,2026,Tentativa de extorsión por otros medios,0
Mazatán,2026,Tentativa de extorsión presencial,0
Mazatán,2026,Tentativa de feminicidio,0
Mazatán,2026,Tentativa de homicidio doloso,0
Mazatán,2026,Tortura,0
Mazatán,2026,Trata de personas con fines de explotación sexual,0
Mazatán,2026,Trata de personas con fines de trabajo o servicios forzados,0
Mazatán,2026,Trata de personas con fines de tráfico de órganos,0
Mazatán,2026,Trata de personas con otros fines,0
Mazatán,2026,Tráfico de menores,0
Mazatán,2026,Violación a la intimidad sexual,0
Mazatán,2026,Violación equiparada,0
Mazatán,2026,Violación simple,0
Mazatán,2026,Violencia de género en todas sus modalidades distinta a la violencia familiar,0
Mazatán,2026,Violencia familiar,0
Moctezuma,2026,Aborto,0
Moctezuma,2026,Abuso de confianza,0
Moctezuma,2026,Abuso sexual,0
Moctezuma,2026,Acoso sexual,0
Moctezuma,2026,Allanamiento de morada,0
Moctezuma,2026,Amenazas,1
Moctezuma,2026,Contra el medio ambiente,0
Moctezuma,2026,Corrupción de menores,0
Moctezuma,2026,Daño a la propiedad,1
Moctezuma,2026,Delitos cometidos por servidores públicos,0
Moctezuma,2026,Delitos contra la administración de justicia,0
Moctezuma,2026,Despojo,0
Moctezuma,2026,Discriminación,0
Moctezuma,2026,Electorales,0
Moctezuma,2026,Evasión de presos,0
Moctezuma,2026,Extorsión por otros medios,0
Moctezuma,2026,Extorsión presencial,0
Moctezuma,2026,Falsedad,0
Moctezuma,2026,Falsificación,0
Moctezuma,2026,Feminicidio,0
Moctezuma,2026,Fraude,0
Moctezuma,2026,Homicidio culposo,0
Moctezuma,2026,Homicidio doloso,0
Moctezuma,2026,Hostigamiento sexual,0
Moctezuma,2026,Incesto,0
Moctezuma,2026,Incumplimiento de obligaciones de asistencia familiar,3
Moctezuma,2026,Lesiones culposas,0
Moctezuma,2026,Lesiones dolosas,2
Moctezuma,2026,Narcomenudeo con fines de venta,1
Moctezuma,2026,Narcomenudeo posesión simple,0
Moctezuma,2026,Otros delitos contra el patrimonio,0
Moctezuma,2026,Otros delitos contra la familia,1
Moctezuma,2026,Otros delitos contra la sociedad,0
Moctezuma,2026,Otros delitos del Fuero Común,2
Moctezuma,2026,Otros delitos que atentan contra la libertad personal,0
Moctezuma,2026,Otros delitos que atentan contra la libertad y la seguridad sexual,0
Moctezuma,2026,Otros delitos que atentan contra la vida y la integridad corporal,0
Moctezuma,2026,Otros robos,0
Moctezuma,2026,Pornografía infantil,0
Moctezuma,2026,Privación ilegal de la libertad,0
Moctezuma,2026,Rapto,0
Moctezuma,2026,Retención o sustracción de menores e incapaces,0
Moctezuma,2026,Robo a casa habitación,0
Moctezuma,2026,Robo a institución bancaria,0
Moctezuma,2026,Robo a negocio,0
Moctezuma,2026,Robo a transeúnte en espacio abierto al público,0
Moctezuma,2026,Robo a transeúnte en vía pública,0
Moctezuma,2026,Robo a transportista,0
Moctezuma,2026,Robo de autopartes,0
Moctezuma,2026,Robo de ganado,0
Moctezuma,2026,"Robo de maquinaria - Cables, tubos y otros objetos destinados a servicios públicos",0
Moctezuma,2026,Robo de maquinaria - Herramienta industrial o agrícola,0
Moctezuma,2026,Robo de maquinaria - Tractores y/o montacargas,0
Moctezuma,2026,Robo de vehículo automotor - Coche de 4 ruedas,0
Moctezuma,2026,Robo de vehículo automotor - Embarcaciones,0
Moctezuma,2026,Robo de vehículo automotor - Motocicleta,0
Moctezuma,2026,Robo en transporte individual,0
Moctezuma,2026,Robo en transporte público colectivo,0
Moctezuma,2026,Robo en transporte público individual,0
Moctezuma,2026,Secuestro con calidad de rehén,0
Moctezuma,2026,Secuestro exprés,0
Moctezuma,2026,Secuestro extorsivo,0
Moctezuma,2026,Secuestro para causar daño,0
Moctezuma,2026,Suplantación y usurpación de identidad,0
Moctezuma,2026,Tentativa de extorsión por otros medios,0
Moctezuma,2026,Tentativa de extorsión presencial,0
Moctezuma,2026,Tentativa de feminicidio,0
Moctezuma,2026,Tentativa de homicidio doloso,0
Moctezuma,2026,Tortura,0
Moctezuma,2026,Trata de personas con fines de explotación sexual,0
Moctezuma,2026,Trata de personas con fines de trabajo o servicios forzados,0
Moctezuma,2026,Trata de personas con fines de tráfico de órganos,0
Moctezuma,2026,Trata de personas con otros fines,0
Moctezuma,2026,Tráfico de menores,0
Moctezuma,2026,Violación a la intimidad sexual,0
Moctezuma,2026,Violación equiparada,0
Moctezuma,2026,Violación simple,0
Moctezuma,2026,Violencia de género en todas sus modalidades distinta a la violencia familiar,0
Moctezuma,2026,Violencia familiar,4
Naco,2026,Aborto,0
Naco,2026,Abuso de confianza,0
Naco,2026,Abuso sexual,0
Naco,2026,Acoso sexual,0
Naco,2026,Allanamiento de morada,0
Naco,2026,Amenazas,0
Naco,2026,Contra el medio ambiente,0
Naco,2026,Corrupción de menores,0
Naco,2026,Daño a la propiedad,0
Naco,2026,Delitos cometidos por servidores públicos,0
Naco,2026,Delitos contra la administración de justicia,0
Naco,2026,Despojo,0
Naco,2026,Discriminación,0
Naco,2026,Electorales,0
Naco,2026,Evasión de presos,0
Naco,2026,Extorsión por otros medios,0
Naco,2026,Extorsión presencial,0
Naco,2026,Falsedad,0
Naco,2026,Falsificación,0
Naco,2026,Feminicidio,1
Naco,2026,Fraude,0
Naco,2026,Homicidio culposo,0
Naco,2026,Homicidio doloso,0
Naco,2026,Hostigamiento sexual,0
Naco,2026,Incesto,0
Naco,2026,Incumplimiento de obligaciones de asistencia familiar,1
Naco,2026,Lesiones culposas,0
Naco,2026,Lesiones dolosas,1
Naco,2026,Narcomenudeo con fines de venta,0
Naco,2026,Narcomenudeo posesión simple,0
Naco,2026,Otros delitos contra el patrimonio,0
Naco,2026,Otros delitos contra la familia,0
Naco,2026,Otros delitos contra la sociedad,0
Naco,2026,Otros delitos del Fuero Común,0
Naco,2026,Otros delitos que atentan contra la libertad personal,0
Naco,2026,Otros delitos que atentan contra la libertad y la seguridad sexual,0
Naco,2026,Otros delitos que atentan contra la vida y la integridad corporal,0
Naco,2026,Otros robos,0
Naco,2026,Pornografía infantil,0
Naco,2026,Privación ilegal de la libertad,0
Naco,2026,Rapto,0
Naco,2026,Retención o sustracción de menores e incapaces,0
Naco,2026,Robo a casa habitación,0
Naco,2026,Robo a institución bancaria,0
Naco,2026,Robo a negocio,0
Naco,2026,Robo a transeúnte en espacio abierto al público,0
Naco,2026,Robo a transeúnte en vía pública,0
Naco,2026,Robo a transportista,0
Naco,2026,Robo de autopartes,0
Naco,2026,Robo de ganado,0
Naco,2026,"Robo de maquinaria - Cables, tubos y otros objetos destinados a servicios públicos",0
Naco,2026,Robo de maquinaria - Herramienta industrial o agrícola,0
Naco,2026,Robo de maquinaria - Tractores y/o montacargas,0
Naco,2026,Robo de vehículo automotor - Coche de 4 ruedas,1
Naco,2026,Robo de vehículo automotor - Embarcaciones,0
Naco,2026,Robo de vehículo automotor - Motocicleta,0
Naco,2026,Robo en transporte individual,0
Naco,2026,Robo en transporte público colectivo,0
Naco,2026,Robo en transporte público individual,0
Naco,2026,Secuestro con calidad de rehén,0
Naco,2026,Secuestro exprés,0
Naco,2026,Secuestro extorsivo,0
Naco,2026,Secuestro para causar daño,0
Naco,2026,Suplantación y usurpación de identidad,0
Naco,2026,Tentativa de extorsión por otros medios,0
Naco,2026,Tentativa de extorsión presencial,0
Naco,2026,Tentativa de feminicidio,0
Naco,2026,Tentativa de homicidio doloso,0
Naco,2026,Tortura,0
Naco,2026,Trata de personas con fines de explotación sexual,0
Naco,2026,Trata de personas con fines de trabajo o servicios forzados,0
Naco,2026,Trata de personas con fines de tráfico de órganos,0
Naco,2026,Trata de personas con otros fines,0
Naco,2026,Tráfico de menores,0
Naco,2026,Violación a la intimidad sexual,0
Naco,2026,Violación equiparada,0
Naco,2026,Violación simple,0
Naco,2026,Violencia de género en todas sus modalidades distinta a la violencia familiar,0
Naco,2026,Violencia familiar,3
Nacozari de García,2026,Aborto,0
Nacozari de García,2026,Abuso de confianza,0
Nacozari de García,2026,Abuso sexual,1
Nacozari de García,2026,Acoso sexual,0
Nacozari de García,2026,Allanamiento de morada,0
Nacozari de García,2026,Amenazas,3
Nacozari de García,2026,Contra el medio ambiente,0
Nacozari de García,2026,Corrupción de menores,0
Nacozari de García,2026,Daño a la propiedad,3
Nacozari de García,2026,Delitos cometidos por servidores públicos,0
Nacozari de García,2026,Delitos contra la administración de justicia,0
Nacozari de García,2026,Despojo,0
Nacozari de García,2026,Discriminación,0
Nacozari de García,2026,Electorales,0
Nacozari de García,2026,Evasión de presos,0
Nacozari de García,2026,Extorsión por otros medios,0
Nacozari de García,2026,Extorsión presencial,0
Nacozari de García,2026,Falsedad,0
Nacozari de García,2026,Falsificación,0
Nacozari de García,2026,Feminicidio,0
Nacozari de García,2026,Fraude,0
Nacozari de García,2026,Homicidio culposo,0
Nacozari de García,2026,Homicidio doloso,0
Nacozari de García,2026,Hostigamiento sexual,0
Nacozari de García,2026,Incesto,0
Nacozari de García,2026,Incumplimiento de obligaciones de asistencia familiar,2
Nacozari de García,2026,Lesiones culposas,0
Nacozari de García,2026,Lesiones dolosas,2
Nacozari de García,2026,Narcomenudeo con fines de venta,0
Nacozari de García,2026,Narcomenudeo posesión simple,0
Nacozari de García,2026,Otros delitos contra el patrimonio,0
Nacozari de García,2026,Otros delitos contra la familia,0
Nacozari de García,2026,Otros delitos contra la sociedad,0
Nacozari de García,2026,Otros delitos del Fuero Común,1
Nacozari de García,2026,Otros delitos que atentan contra la libertad personal,0
Nacozari de García,2026,Otros delitos que atentan contra la libertad y la seguridad sexual,0
Nacozari de García,2026,Otros delitos que atentan contra la vida y la integridad corporal,0
Nacozari de García,2026,Otros robos,0
Nacozari de García,2026,Pornografía infantil,0
Nacozari de García,2026,Privación ilegal de la libertad,0
Nacozari de García,2026,Rapto,0
Nacozari de García,2026,Retención o sustracción de menores e incapaces,0
Nacozari de García,2026,Robo a casa habitación,0
Nacozari de García,2026,Robo a institución bancaria,0
Nacozari de García,2026,Robo a negocio,0
Nacozari de García,2026,Robo a transeúnte en espacio abierto al público,0
Nacozari de García,2026,Robo a transeúnte en vía pública,0
Nacozari de García,2026,Robo a transportista,0
Nacozari de García,2026,Robo de autopartes,0
Nacozari de García,2026,Robo de ganado,0
Nacozari de García,2026,"Robo de maquinaria - Cables, tubos y otros objetos destinados a servicios públicos",0
Nacozari de García,2026,Robo de maquinaria - Herramienta industrial o agrícola,0
Nacozari de García,2026,Robo de maquinaria - Tractores y/o montacargas,0
Nacozari de García,2026,Robo de vehículo automotor - Coche de 4 ruedas,1
Nacozari de García,2026,Robo de vehículo automotor - Embarcaciones,0
Nacozari de García,2026,Robo de vehículo automotor - Motocicleta,0
Nacozari de García,2026,Robo en transporte individual,0
Nacozari de García,2026,Robo en transporte público colectivo,0
Nacozari de García,2026,Robo en transporte público individual,0
Nacozari de García,2026,Secuestro con calidad de rehén,0
Nacozari de García,2026,Secuestro exprés,0
Nacozari de García,2026,Secuestro extorsivo,0
Nacozari de García,2026,Secuestro para causar daño,0
Nacozari de García,2026,Suplantación y usurpación de identidad,0
Nacozari de García,2026,Tentativa de extorsión por otros medios,0
Nacozari de García,2026,Tentativa de extorsión presencial,0
Nacozari de García,2026,Tentativa de feminicidio,1
Nacozari de García,2026,Tentativa de homicidio doloso,0
Nacozari de García,2026,Tortura,0
Nacozari de García,2026,Trata de personas con fines de explotación sexual,0
Nacozari de García,2026,Trata de personas con fines de trabajo o servicios forzados,0
Nacozari de García,2026,Trata de personas con fines de tráfico de órganos,0
Nacozari de García,2026,Trata de personas con otros fines,0
Nacozari de García,2026,Tráfico de menores,0
Nacozari de García,2026,Violación a la intimidad sexual,0
Nacozari de García,2026,Violación equiparada,0
Nacozari de García,2026,Violación simple,0
Nacozari de García,2026,Violencia de género en todas sus modalidades distinta a la violencia familiar,0
Nacozari de García,2026,Violencia familiar,3
Navojoa,2026,Aborto,0
Navojoa,2026,Abuso de confianza,0
Navojoa,2026,Abuso sexual,3
Navojoa,2026,Acoso sexual,0
Navojoa,2026,Allanamiento de morada,6
Navojoa,2026,Amenazas,5
Navojoa,2026,Contra el medio ambiente,1
Navojoa,2026,Corrupción de menores,0
Navojoa,2026,Daño a la propiedad,2
Navojoa,2026,Delitos cometidos por servidores públicos,1
Navojoa,2026,Delitos contra la administración de justicia,0
Navojoa,2026,Despojo,2
Navojoa,2026,Discriminación,0
Navojoa,2026,Electorales,0
Navojoa,2026,Evasión de presos,0
Navojoa,2026,Extorsión por otros medios,0
Navojoa,2026,Extorsión presencial,0
Navojoa,2026,Falsedad,0
Navojoa,2026,Falsificación,0
Navojoa,2026,Feminicidio,0
Navojoa,2026,Fraude,0
Navojoa,2026,Homicidio culposo,2
Navojoa,2026,Homicidio doloso,0
Navojoa,2026,Hostigamiento sexual,0
Navojoa,2026,Incesto,0
Navojoa,2026,Incumplimiento de obligaciones de asistencia familiar,16
Navojoa,2026,Lesiones culposas,2
Navojoa,2026,Lesiones dolosas,5
Navojoa,2026,Narcomenudeo con fines de venta,25
Navojoa,2026,Narcomenudeo posesión simple,1
Navojoa,2026,Otros delitos contra el patrimonio,1
Navojoa,2026,Otros delitos contra la familia,1
Navojoa,2026,Otros delitos contra la sociedad,0
Navojoa,2026,Otros delitos del Fuero Común,4
Navojoa,2026,Otros delitos que atentan contra la libertad personal,0
Navojoa,2026,Otros delitos que atentan contra la libertad y la seguridad sexual,0
Navojoa,2026,Otros delitos que atentan contra la vida y la integridad corporal,0
Navojoa,2026,Otros robos,6
Navojoa,2026,Pornografía infantil,0
Navojoa,2026,Privación ilegal de la libertad,0
Navojoa,2026,Rapto,0
Navojoa,2026,Retención o sustracción de menores e incapaces,0
Navojoa,2026,Robo a casa habitación,3
Navojoa,2026,Robo a institución bancaria,0
Navojoa,2026,Robo a negocio,1
Navojoa,2026,Robo a transeúnte en espacio abierto al público,0
Navojoa,2026,Robo a transeúnte en vía pública,3
Navojoa,2026,Robo a transportista,0
Navojoa,2026,Robo de autopartes,0
Navojoa,2026,Robo de ganado,0
Navojoa,2026,"Robo de maquinaria - Cables, tubos y otros objetos destinados a servicios públicos",0
Navojoa,2026,Robo de maquinaria - Herramienta industrial o agrícola,0
Navojoa,2026,Robo de maquinaria - Tractores y/o montacargas,0
Navojoa,2026,Robo de vehículo automotor - Coche de 4 ruedas,7
Navojoa,2026,Robo de vehículo automotor - Embarcaciones,0
Navojoa,2026,Robo de vehículo automotor - Motocicleta,9
Navojoa,2026,Robo en transporte individual,0
Navojoa,2026,Robo en transporte público colectivo,0
Navojoa,2026,Robo en transporte público individual,0
Navojoa,2026,Secuestro con calidad de rehén,0
Navojoa,2026,Secuestro exprés,0
Navojoa,2026,Secuestro extorsivo,0
Navojoa,2026,Secuestro para causar daño,0
Navojoa,2026,Suplantación y usurpación de identidad,0
Navojoa,2026,Tentativa de extorsión por otros medios,0
Navojoa,2026,Tentativa de extorsión presencial,0
Navojoa,2026,Tentativa de feminicidio,0
Navojoa,2026,Tentativa de homicidio doloso,0
Navojoa,2026,Tortura,0
Navojoa,2026,Trata de personas con fines de explotación sexual,0
Navojoa,2026,Trata de personas con fines de trabajo o servicios forzados,0
Navojoa,2026,Trata de personas con fines de tráfico de órganos,0
Navojoa,2026,Trata de personas con otros fines,0
Navojoa,2026,Tráfico de menores,0
Navojoa,2026,Violación a la intimidad sexual,0
Navojoa,2026,Violación equiparada,1
Navojoa,2026,Violación simple,0
Navojoa,2026,Violencia de género en todas sus modalidades distinta a la violencia familiar,0
Navojoa,2026,Violencia familiar,26
No especificado,2026,Aborto,0
No especificado,2026,Abuso de confianza,0
No especificado,2026,Abuso sexual,0
No especificado,2026,Acoso sexual,0
No especificado,2026,Allanamiento de morada,0
No especificado,2026,Amenazas,0
No especificado,2026,Contra el medio ambiente,0
No especificado,2026,Corrupción de menores,0
No especificado,2026,Daño a la propiedad,0
No especificado,2026,Delitos cometidos por servidores públicos,0
No especificado,2026,Delitos contra la administración de justicia,0
No especificado,2026,Despojo,0
No especificado,2026,Discriminación,0
No especificado,2026,Electorales,0
No especificado,2026,Evasión de presos,0
No especificado,2026,Extorsión por otros medios,0
No especificado,2026,Extorsión presencial,0
No especificado,2026,Falsedad,0
No especificado,2026,Falsificación,0
No especificado,2026,Feminicidio,0
No especificado,2026,Fraude,0
No especificado,2026,Homicidio culposo,0
No especificado,2026,Homicidio doloso,0
No especificado,2026,Hostigamiento sexual,0
No especificado,2026,Incesto,0
No especificado,2026,Incumplimiento de obligaciones de asistencia familiar,0
No especificado,2026,Lesiones culposas,0
No especificado,2026,Lesiones dolosas,0
No especificado,2026,Narcomenudeo con fines de venta,0
No especificado,2026,Narcomenudeo posesión simple,0
No especificado,2026,Otros delitos contra el patrimonio,0
No especificado,2026,Otros delitos contra la familia,0
No especificado,2026,Otros delitos contra la sociedad,0
No especificado,2026,Otros delitos del Fuero Común,0
No especificado,2026,Otros delitos que atentan contra la libertad personal,0
No especificado,2026,Otros delitos que atentan contra la libertad y la seguridad sexual,0
No especificado,2026,Otros delitos que atentan contra la vida y la integridad corporal,0
No especificado,2026,Otros robos,0
No especificado,2026,Pornografía infantil,0
No especificado,2026,Privación ilegal de la libertad,0
No especificado,2026,Rapto,0
No especificado,2026,Retención o sustracción de menores e incapaces,0
No especificado,2026,Robo a casa habitación,0
No especificado,2026,Robo a institución bancaria,0
No especificado,2026,Robo a negocio,0
No especificado,2026,Robo a transeúnte en espacio abierto al público,0
No especificado,2026,Robo a transeúnte en vía pública,0
No especificado,2026,Robo a transportista,0
No especificado,2026,Robo de autopartes,0
No especificado,2026,Robo de ganado,0
No especificado,2026,"Robo de maquinaria - Cables, tubos y otros objetos destinados a servicios públicos",0
No especificado,2026,Robo de maquinaria - Herramienta industrial o agrícola,0
No especificado,2026,Robo de maquinaria - Tractores y/o montacargas,0
No especificado,2026,Robo de vehículo automotor - Coche de 4 ruedas,0
No especificado,2026,Robo de vehículo automotor - Embarcaciones,0
No especificado,2026,Robo de vehículo automotor - Motocicleta,0
No especificado,2026,Robo en transporte individual,0
No especificado,2026,Robo en transporte público colectivo,0
No especificado,2026,Robo en transporte público individual,0
No especificado,2026,Secuestro con calidad de rehén,0
No especificado,2026,Secuestro exprés,0
No especificado,2026,Secuestro extorsivo,0
No especificado,2026,Secuestro para causar daño,0
No especificado,2026,Suplantación y usurpación de identidad,0
No especificado,2026,Tentativa de extorsión por otros medios,0
No especificado,2026,Tentativa de extorsión presencial,0
No especificado,2026,Tentativa de feminicidio,0
No especificado,2026,Tentativa de homicidio doloso,0
No especificado,2026,Tortura,0
No especificado,2026,Trata de personas con fines de explotación sexual,0
No especificado,2026,Trata de personas con fines de trabajo o servicios forzados,0
No especificado,2026,Trata de personas con fines de tráfico de órganos,0
No especificado,2026,Trata de personas con otros fines,0
No especificado,2026,Tráfico de menores,0
No especificado,2026,Violación a la intimidad sexual,0
No especificado,2026,Violación equiparada,0
No especificado,2026,Violación simple,0
No especificado,2026,Violencia de género en todas sus modalidades distinta a la violencia familiar,0
No especificado,2026,Violencia familiar,0
Nogales,2026,Aborto,0
Nogales,2026,Abuso de confianza,1
Nogales,2026,Abuso sexual,4
Nogales,2026,Acoso sexual,1
Nogales,2026,Allanamiento de morada,2
Nogales,2026,Amenazas,10
Nogales,2026,Contra el medio ambiente,1
Nogales,2026,Corrupción de menores,4
Nogales,2026,Daño a la propiedad,28
Nogales,2026,Delitos cometidos por servidores públicos,0
Nogales,2026,Delitos contra la administración de justicia,0
Nogales,2026,Despojo,3
Nogales,2026,Discriminación,0
Nogales,2026,Electorales,0
Nogales,2026,Evasión de presos,0
Nogales,2026,Extorsión por otros medios,0
Nogales,2026,Extorsión presencial,0
Nogales,2026,Falsedad,0
Nogales,2026,Falsificación,0
Nogales,2026,Feminicidio,0
Nogales,2026,Fraude,1
Nogales,2026,Homicidio culposo,1
Nogales,2026,Homicidio doloso,3
Nogales,2026,Hostigamiento sexual,0
Nogales,2026,Incesto,0
Nogales,2026,Incumplimiento de obligaciones de asistencia familiar,27
Nogales,2026,Lesiones culposas,4
Nogales,2026,Lesiones dolosas,19
Nogales,2026,Narcomenudeo con fines de venta,16
Nogales,2026,Narcomenudeo posesión simple,25
Nogales,2026,Otros delitos contra el patrimonio,6
Nogales,2026,Otros delitos contra la familia,2
Nogales,2026,Otros delitos contra la sociedad,2
Nogales,2026,Otros delitos del Fuero Común,17
Nogales,2026,Otros delitos que atentan contra la libertad personal,2
Nogales,2026,Otros delitos que atentan contra la libertad y la seguridad sexual,0
Nogales,2026,Otros delitos que atentan contra la vida y la integridad corporal,1
Nogales,2026,Otros robos,7
Nogales,2026,Pornografía infantil,1
Nogales,2026,Privación ilegal de la libertad,7
Nogales,2026,Rapto,0
Nogales,2026,Retención o sustracción de menores e incapaces,1
Nogales,2026,Robo a casa habitación,0
Nogales,2026,Robo a institución bancaria,0
Nogales,2026,Robo a negocio,7
Nogales,2026,Robo a transeúnte en espacio abierto al público,0
Nogales,2026,Robo a transeúnte en vía pública,2
Nogales,2026,Robo a transportista,0
Nogales,2026,Robo de autopartes,0
Nogales,2026,Robo de ganado,0
Nogales,2026,"Robo de maquinaria - Cables, tubos y otros objetos destinados a servicios públicos",0
Nogales,2026,Robo de maquinaria - Herramienta industrial o agrícola,0
Nogales,2026,Robo de maquinaria - Tractores y/o montacargas,0
Nogales,2026,Robo de vehículo automotor - Coche de 4 ruedas,34
Nogales,2026,Robo de vehículo automotor - Embarcaciones,0
Nogales,2026,Robo de vehículo automotor - Motocicleta,7
Nogales,2026,Robo en transporte individual,0
Nogales,2026,Robo en transporte público colectivo,0
Nogales,2026,Robo en transporte público individual,0
Nogales,2026,Secuestro con calidad de rehén,0
Nogales,2026,Secuestro exprés,0
Nogales,2026,Secuestro extorsivo,1
Nogales,2026,Secuestro para causar daño,0
Nogales,2026,Suplantación y usurpación de identidad,0
Nogales,2026,Tentativa de extorsión por otros medios,0
Nogales,2026,Tentativa de extorsión presencial,0
Nogales,2026,Tentativa de feminicidio,1
Nogales,2026,Tentativa de homicidio doloso,4
Nogales,2026,Tortura,0
Nogales,2026,Trata de personas con fines de explotación sexual,0
Nogales,2026,Trata de personas con fines de trabajo o servicios forzados,0
Nogales,2026,Trata de personas con fines de tráfico de órganos,0
Nogales,2026,Trata de personas con otros fines,0
Nogales,2026,Tráfico de menores,0
Nogales,2026,Violación a la intimidad sexual,0
Nogales,2026,Violación equiparada,0
Nogales,2026,Violación simple,2
Nogales,2026,Violencia de género en todas sus modalidades distinta a la violencia familiar,0
Nogales,2026,Violencia familiar,30
Nácori Chico,2026,Aborto,0
Nácori Chico,2026,Abuso de confianza,0
Nácori Chico,2026,Abuso sexual,0
Nácori Chico,2026,Acoso sexual,0
Nácori Chico,2026,Allanamiento de morada,0
Nácori Chico,2026,Amenazas,0
Nácori Chico,2026,Contra el medio ambiente,0
Nácori Chico,2026,Corrupción de menores,0
Nácori Chico,2026,Daño a la propiedad,0
Nácori Chico,2026,Delitos cometidos por servidores públicos,0
Nácori Chico,2026,Delitos contra la administración de justicia,0
Nácori Chico,2026,Despojo,0
Nácori Chico,2026,Discriminación,0
Nácori Chico,2026,Electorales,0
Nácori Chico,2026,Evasión de presos,0
Nácori Chico,2026,Extorsión por otros medios,0
Nácori Chico,2026,Extorsión presencial,0
Nácori Chico,2026,Falsedad,0
Nácori Chico,2026,Falsificación,0
Nácori Chico,2026,Feminicidio,0
Nácori Chico,2026,Fraude,0
Nácori Chico,2026,Homicidio culposo,0
Nácori Chico,2026,Homicidio doloso,0
Nácori Chico,2026,Hostigamiento sexual,0
Nácori Chico,2026,Incesto,0
Nácori Chico,2026,Incumplimiento de obligaciones de asistencia familiar,0
Nácori Chico,2026,Lesiones culposas,0
Nácori Chico,2026,Lesiones dolosas,0
Nácori Chico,2026,Narcomenudeo con fines de venta,0
Nácori Chico,2026,Narcomenudeo posesión simple,0
Nácori Chico,2026,Otros delitos contra el patrimonio,0
Nácori Chico,2026,Otros delitos contra la familia,0
Nácori Chico,2026,Otros delitos contra la sociedad,0
Nácori Chico,2026,Otros delitos del Fuero Común,0
Nácori Chico,2026,Otros delitos que atentan contra la libertad personal,0
Nácori Chico,2026,Otros delitos que atentan contra la libertad y la seguridad sexual,0
Nácori Chico,2026,Otros delitos que atentan contra la vida y la integridad corporal,0
Nácori Chico,2026,Otros robos,0
Nácori Chico,2026,Pornografía infantil,0
Nácori Chico,2026,Privación ilegal de la libertad,0
Nácori Chico,2026,Rapto,0
Nácori Chico,2026,Retención o sustracción de menores e incapaces,0
Nácori Chico,2026,Robo a casa habitación,0
Nácori Chico,2026,Robo a institución bancaria,0
Nácori Chico,2026,Robo a negocio,0
Nácori Chico,2026,Robo a transeúnte en espacio abierto al público,0
Nácori Chico,2026,Robo a transeúnte en vía pública,0
Nácori Chico,2026,Robo a transportista,0
Nácori Chico,2026,Robo de autopartes,0
Nácori Chico,2026,Robo de ganado,0
Nácori Chico,2026,"Robo de maquinaria - Cables, tubos y otros objetos destinados a servicios públicos",0
Nácori Chico,2026,Robo de maquinaria - Herramienta industrial o agrícola,0
Nácori Chico,2026,Robo de maquinaria - Tractores y/o montacargas,0
Nácori Chico,2026,Robo de vehículo automotor - Coche de 4 ruedas,0
Nácori Chico,2026,Robo de vehículo automotor - Embarcaciones,0
Nácori Chico,2026,Robo de vehículo automotor - Motocicleta,0
Nácori Chico,2026,Robo en transporte individual,0
Nácori Chico,2026,Robo en transporte público colectivo,0
Nácori Chico,2026,Robo en transporte público individual,0
Nácori Chico,2026,Secuestro con calidad de rehén,0
Nácori Chico,2026,Secuestro exprés,0
Nácori Chico,2026,Secuestro extorsivo,0
Nácori Chico,2026,Secuestro para causar daño,0
Nácori Chico,2026,Suplantación y usurpación de identidad,0
Nácori Chico,2026,Tentativa de extorsión por otros medios,0
Nácori Chico,2026,Tentativa de extorsión presencial,0
Nácori Chico,2026,Tentativa de feminicidio,0
Nácori Chico,2026,Tentativa de homicidio doloso,0
Nácori Chico,2026,Tortura,0
Nácori Chico,2026,Trata de personas con fines de explotación sexual,0
Nácori Chico,2026,Trata de personas con fines de trabajo o servicios forzados,0
Nácori Chico,2026,Trata de personas con fines de tráfico de órganos,0
Nácori Chico,2026,Trata de personas con otros fines,0
Nácori Chico,2026,Tráfico de menores,0
Nácori Chico,2026,Violación a la intimidad sexual,0
Nácori Chico,2026,Violación equiparada,0
Nácori Chico,2026,Violación simple,0
Nácori Chico,2026,Violencia de género en todas sus modalidades distinta a la violencia familiar,0
Nácori Chico,2026,Violencia familiar,0
Opodepe,2026,Aborto,0
Opodepe,2026,Abuso de confianza,0
Opodepe,2026,Abuso sexual,0
Opodepe,2026,Acoso sexual,0
Opodepe,2026,Allanamiento de morada,0
Opodepe,2026,Amenazas,0
Opodepe,2026,Contra el medio ambiente,0
Opodepe,2026,Corrupción de menores,0
Opodepe,2026,Daño a la propiedad,1
Opodepe,2026,Delitos cometidos por servidores públicos,0
Opodepe,2026,Delitos contra la administración de justicia,0
Opodepe,2026,Despojo,0
Opodepe,2026,Discriminación,0
Opodepe,2026,Electorales,0
Opodepe,2026,Evasión de presos,0
Opodepe,2026,Extorsión por otros medios,0
Opodepe,2026,Extorsión presencial,0
Opodepe,2026,Falsedad,0
Opodepe,2026,Falsificación,0
Opodepe,2026,Feminicidio,0
Opodepe,2026,Fraude,0
Opodepe,2026,Homicidio culposo,0
Opodepe,2026,Homicidio doloso,0
Opodepe,2026,Hostigamiento sexual,0
Opodepe,2026,Incesto,0
Opodepe,2026,Incumplimiento de obligaciones de asistencia familiar,0
Opodepe,2026,Lesiones culposas,0
Opodepe,2026,Lesiones dolosas,0
Opodepe,2026,Narcomenudeo con fines de venta,0
Opodepe,2026,Narcomenudeo posesión simple,0
Opodepe,2026,Otros delitos contra el patrimonio,0
Opodepe,2026,Otros delitos contra la familia,0
Opodepe,2026,Otros delitos contra la sociedad,0
Opodepe,2026,Otros delitos del Fuero Común,0
Opodepe,2026,Otros delitos que atentan contra la libertad personal,0
Opodepe,2026,Otros delitos que atentan contra la libertad y la seguridad sexual,0
Opodepe,2026,Otros delitos que atentan contra la vida y la integridad corporal,0
Opodepe,2026,Otros robos,2
Opodepe,2026,Pornografía infantil,0
Opodepe,2026,Privación ilegal de la libertad,0
Opodepe,2026,Rapto,0
Opodepe,2026,Retención o sustracción de menores e incapaces,0
Opodepe,2026,Robo a casa habitación,1
Opodepe,2026,Robo a institución bancaria,0
Opodepe,2026,Robo a negocio,0
Opodepe,2026,Robo a transeúnte en espacio abierto al público,0
Opodepe,2026,Robo a transeúnte en vía pública,0
Opodepe,2026,Robo a transportista,0
Opodepe,2026,Robo de autopartes,0
Opodepe,2026,Robo de ganado,0
Opodepe,2026,"Robo de maquinaria - Cables, tubos y otros objetos destinados a servicios públicos",0
Opodepe,2026,Robo de maquinaria - Herramienta industrial o agrícola,0
Opodepe,2026,Robo de maquinaria - Tractores y/o montacargas,0
Opodepe,2026,Robo de vehículo automotor - Coche de 4 ruedas,0
Opodepe,2026,Robo de vehículo automotor - Embarcaciones,0
Opodepe,2026,Robo de vehículo automotor - Motocicleta,0
Opodepe,2026,Robo en transporte individual,0
Opodepe,2026,Robo en transporte público colectivo,0
Opodepe,2026,Robo en transporte público individual,0
Opodepe,2026,Secuestro con calidad de rehén,0
Opodepe,2026,Secuestro exprés,0
Opodepe,2026,Secuestro extorsivo,0
Opodepe,2026,Secuestro para causar daño,0
Opodepe,2026,Suplantación y usurpación de identidad,0
Opodepe,2026,Tentativa de extorsión por otros medios,0
Opodepe,2026,Tentativa de extorsión presencial,0
Opodepe,2026,Tentativa de feminicidio,0
Opodepe,2026,Tentativa de homicidio doloso,0
Opodepe,2026,Tortura,0
Opodepe,2026,Trata de personas con fines de explotación sexual,0
Opodepe,2026,Trata de personas con fines de trabajo o servicios forzados,0
Opodepe,2026,Trata de personas con fines de tráfico de órganos,0
Opodepe,2026,Trata de personas con otros fines,0
Opodepe,2026,Tráfico de menores,0
Opodepe,2026,Violación a la intimidad sexual,0
Opodepe,2026,Violación equiparada,0
Opodepe,2026,Violación simple,0
Opodepe,2026,Violencia de género en todas sus modalidades distinta a la violencia familiar,0
Opodepe,2026,Violencia familiar,1
Oquitoa,2026,Aborto,0
Oquitoa,2026,Abuso de confianza,0
Oquitoa,2026,Abuso sexual,0
Oquitoa,2026,Acoso sexual,0
Oquitoa,2026,Allanamiento de morada,0
Oquitoa,2026,Amenazas,0
Oquitoa,2026,Contra el medio ambiente,0
Oquitoa,2026,Corrupción de menores,0
Oquitoa,2026,Daño a la propiedad,0
Oquitoa,2026,Delitos cometidos por servidores públicos,0
Oquitoa,2026,Delitos contra la administración de justicia,0
Oquitoa,2026,Despojo,0
Oquitoa,2026,Discriminación,0
Oquitoa,2026,Electorales,0
Oquitoa,2026,Evasión de presos,0
Oquitoa,2026,Extorsión por otros medios,0
Oquitoa,2026,Extorsión presencial,0
Oquitoa,2026,Falsedad,0
Oquitoa,2026,Falsificación,0
Oquitoa,2026,Feminicidio,0
Oquitoa,2026,Fraude,0
Oquitoa,2026,Homicidio culposo,0
Oquitoa,2026,Homicidio doloso,0
Oquitoa,2026,Hostigamiento sexual,0
Oquitoa,2026,Incesto,0
Oquitoa,2026,Incumplimiento de obligaciones de asistencia familiar,0
Oquitoa,2026,Lesiones culposas,0
Oquitoa,2026,Lesiones dolosas,0
Oquitoa,2026,Narcomenudeo con fines de venta,0
Oquitoa,2026,Narcomenudeo posesión simple,0
Oquitoa,2026,Otros delitos contra el patrimonio,0
Oquitoa,2026,Otros delitos contra la familia,0
Oquitoa,2026,Otros delitos contra la sociedad,0
Oquitoa,2026,Otros delitos del Fuero Común,0
Oquitoa,2026,Otros delitos que atentan contra la libertad personal,0
Oquitoa,2026,Otros delitos que atentan contra la libertad y la seguridad sexual,0
Oquitoa,2026,Otros delitos que atentan contra la vida y la integridad corporal,0
Oquitoa,2026,Otros robos,0
Oquitoa,2026,Pornografía infantil,0
Oquitoa,2026,Privación ilegal de la libertad,0
Oquitoa,2026,Rapto,0
Oquitoa,2026,Retención o sustracción de menores e incapaces,0
Oquitoa,2026,Robo a casa habitación,0
Oquitoa,2026,Robo a institución bancaria,0
Oquitoa,2026,Robo a negocio,0
Oquitoa,2026,Robo a transeúnte en espacio abierto al público,0
Oquitoa,2026,Robo a transeúnte en vía pública,0
Oquitoa,2026,Robo a transportista,0
Oquitoa,2026,Robo de autopartes,0
Oquitoa,2026,Robo de ganado,0
Oquitoa,2026,"Robo de maquinaria - Cables, tubos y otros objetos destinados a servicios públicos",0
Oquitoa,2026,Robo de maquinaria - Herramienta industrial o agrícola,0
Oquitoa,2026,Robo de maquinaria - Tractores y/o montacargas,0
Oquitoa,2026,Robo de vehículo automotor - Coche de 4 ruedas,0
Oquitoa,2026,Robo de vehículo automotor - Embarcaciones,0
Oquitoa,2026,Robo de vehículo automotor - Motocicleta,0
Oquitoa,2026,Robo en transporte individual,0
Oquitoa,2026,Robo en transporte público colectivo,0
Oquitoa,2026,Robo en transporte público individual,0
Oquitoa,2026,Secuestro con calidad de rehén,0
Oquitoa,2026,Secuestro exprés,0
Oquitoa,2026,Secuestro extorsivo,0
Oquitoa,2026,Secuestro para causar daño,0
Oquitoa,2026,Suplantación y usurpación de identidad,0
Oquitoa,2026,Tentativa de extorsión por otros medios,0
Oquitoa,2026,Tentativa de extorsión presencial,0
Oquitoa,2026,Tentativa de feminicidio,0
Oquitoa,2026,Tentativa de homicidio doloso,0
Oquitoa,2026,Tortura,0
Oquitoa,2026,Trata de personas con fines de explotación sexual,0
Oquitoa,2026,Trata de personas con fines de trabajo o servicios forzados,0
Oquitoa,2026,Trata de personas con fines de tráfico de órganos,0
Oquitoa,2026,Trata de personas con otros fines,0
Oquitoa,2026,Tráfico de menores,0
Oquitoa,2026,Violación a la intimidad sexual,0
Oquitoa,2026,Violación equiparada,0
Oquitoa,2026,Violación simple,0
Oquitoa,2026,Violencia de género en todas sus modalidades distinta a la violencia familiar,0
Oquitoa,2026,Violencia familiar,0
Pitiquito,2026,Aborto,0
Pitiquito,2026,Abuso de confianza,0
Pitiquito,2026,Abuso sexual,1
Pitiquito,2026,Acoso sexual,0
Pitiquito,2026,Allanamiento de morada,1
Pitiquito,2026,Amenazas,1
Pitiquito,2026,Contra el medio ambiente,0
Pitiquito,2026,Corrupción de menores,0
Pitiquito,2026,Daño a la propiedad,0
Pitiquito,2026,Delitos cometidos por servidores públicos,0
Pitiquito,2026,Delitos contra la administración de justicia,0
Pitiquito,2026,Despojo,0
Pitiquito,2026,Discriminación,0
Pitiquito,2026,Electorales,0
Pitiquito,2026,Evasión de presos,0
Pitiquito,2026,Extorsión por otros medios,0
Pitiquito,2026,Extorsión presencial,0
Pitiquito,2026,Falsedad,0
Pitiquito,2026,Falsificación,0
Pitiquito,2026,Feminicidio,0
Pitiquito,2026,Fraude,0
Pitiquito,2026,Homicidio culposo,1
Pitiquito,2026,Homicidio doloso,0
Pitiquito,2026,Hostigamiento sexual,0
Pitiquito,2026,Incesto,0
Pitiquito,2026,Incumplimiento de obligaciones de asistencia familiar,1
Pitiquito,2026,Lesiones culposas,1
Pitiquito,2026,Lesiones dolosas,0
Pitiquito,2026,Narcomenudeo con fines de venta,1
Pitiquito,2026,Narcomenudeo posesión simple,0
Pitiquito,2026,Otros delitos contra el patrimonio,2
Pitiquito,2026,Otros delitos contra la familia,0
Pitiquito,2026,Otros delitos contra la sociedad,0
Pitiquito,2026,Otros delitos del Fuero Común,0
Pitiquito,2026,Otros delitos que atentan contra la libertad personal,0
Pitiquito,2026,Otros delitos que atentan contra la libertad y la seguridad sexual,0
Pitiquito,2026,Otros delitos que atentan contra la vida y la integridad corporal,0
Pitiquito,2026,Otros robos,1
Pitiquito,2026,Pornografía infantil,0
Pitiquito,2026,Privación ilegal de la libertad,0
Pitiquito,2026,Rapto,0
Pitiquito,2026,Retención o sustracción de menores e incapaces,0
Pitiquito,2026,Robo a casa habitación,0
Pitiquito,2026,Robo a institución bancaria,0
Pitiquito,2026,Robo a negocio,0
Pitiquito,2026,Robo a transeúnte en espacio abierto al público,0
Pitiquito,2026,Robo a transeúnte en vía pública,0
Pitiquito,2026,Robo a transportista,0
Pitiquito,2026,Robo de autopartes,0
Pitiquito,2026,Robo de ganado,0
Pitiquito,2026,"Robo de maquinaria - Cables, tubos y otros objetos destinados a servicios públicos",0
Pitiquito,2026,Robo de maquinaria - Herramienta industrial o agrícola,0
Pitiquito,2026,Robo de maquinaria - Tractores y/o montacargas,0
Pitiquito,2026,Robo de vehículo automotor - Coche de 4 ruedas,2
Pitiquito,2026,Robo de vehículo automotor - Embarcaciones,0
Pitiquito,2026,Robo de vehículo automotor - Motocicleta,0
Pitiquito,2026,Robo en transporte individual,0
Pitiquito,2026,Robo en transporte público colectivo,0
Pitiquito,2026,Robo en transporte público individual,0
Pitiquito,2026,Secuestro con calidad de rehén,0
Pitiquito,2026,Secuestro exprés,0
Pitiquito,2026,Secuestro extorsivo,0
Pitiquito,2026,Secuestro para causar daño,0
Pitiquito,2026,Suplantación y usurpación de identidad,0
Pitiquito,2026,Tentativa de extorsión por otros medios,0
Pitiquito,2026,Tentativa de extorsión presencial,0
Pitiquito,2026,Tentativa de feminicidio,0
Pitiquito,2026,Tentativa de homicidio doloso,0
Pitiquito,2026,Tortura,0
Pitiquito,2026,Trata de personas con fines de explotación sexual,0
Pitiquito,2026,Trata de personas con fines de trabajo o servicios forzados,0
Pitiquito,2026,Trata de personas con fines de tráfico de órganos,0
Pitiquito,2026,Trata de personas con otros fines,0
Pitiquito,2026,Tráfico de menores,0
Pitiquito,2026,Violación a la intimidad sexual,0
Pitiquito,2026,Violación equiparada,0
Pitiquito,2026,Violación simple,0
Pitiquito,2026,Violencia de género en todas sus modalidades distinta a la violencia familiar,0
Pitiquito,2026,Violencia familiar,0
Puerto Peñasco,2026,Aborto,0
Puerto Peñasco,2026,Abuso de confianza,0
Puerto Peñasco,2026,Abuso sexual,0
Puerto Peñasco,2026,Acoso sexual,0
Puerto Peñasco,2026,Allanamiento de morada,0
Puerto Peñasco,2026,Amenazas,1
Puerto Peñasco,2026,Contra el medio ambiente,0
Puerto Peñasco,2026,Corrupción de menores,0
Puerto Peñasco,2026,Daño a la propiedad,6
Puerto Peñasco,2026,Delitos cometidos por servidores públicos,0
Puerto Peñasco,2026,Delitos contra la administración de justicia,0
Puerto Peñasco,2026,Despojo,4
Puerto Peñasco,2026,Discriminación,0
Puerto Peñasco,2026,Electorales,0
Puerto Peñasco,2026,Evasión de presos,0
Puerto Peñasco,2026,Extorsión por otros medios,0
Puerto Peñasco,2026,Extorsión presencial,0
Puerto Peñasco,2026,Falsedad,0
Puerto Peñasco,2026,Falsificación,0
Puerto Peñasco,2026,Feminicidio,1
Puerto Peñasco,2026,Fraude,0
Puerto Peñasco,2026,Homicidio culposo,2
Puerto Peñasco,2026,Homicidio doloso,1
Puerto Peñasco,2026,Hostigamiento sexual,0
Puerto Peñasco,2026,Incesto,0
Puerto Peñasco,2026,Incumplimiento de obligaciones de asistencia familiar,5
Puerto Peñasco,2026,Lesiones culposas,1
Puerto Peñasco,2026,Lesiones dolosas,1
Puerto Peñasco,2026,Narcomenudeo con fines de venta,2
Puerto Peñasco,2026,Narcomenudeo posesión simple,7
Puerto Peñasco,2026,Otros delitos contra el patrimonio,2
Puerto Peñasco,2026,Otros delitos contra la familia,0
Puerto Peñasco,2026,Otros delitos contra la sociedad,1
Puerto Peñasco,2026,Otros delitos del Fuero Común,10
Puerto Peñasco,2026,Otros delitos que atentan contra la libertad personal,0
Puerto Peñasco,2026,Otros delitos que atentan contra la libertad y la seguridad sexual,0
Puerto Peñasco,2026,Otros delitos que atentan contra la vida y la integridad corporal,0
Puerto Peñasco,2026,Otros robos,1
Puerto Peñasco,2026,Pornografía infantil,0
Puerto Peñasco,2026,Privación ilegal de la libertad,0
Puerto Peñasco,2026,Rapto,0
Puerto Peñasco,2026,Retención o sustracción de menores e incapaces,0
Puerto Peñasco,2026,Robo a casa habitación,0
Puerto Peñasco,2026,Robo a institución bancaria,0
Puerto Peñasco,2026,Robo a negocio,0
Puerto Peñasco,2026,Robo a transeúnte en espacio abierto al público,0
Puerto Peñasco,2026,Robo a transeúnte en vía pública,0
Puerto Peñasco,2026,Robo a transportista,0
Puerto Peñasco,2026,Robo de autopartes,0
Puerto Peñasco,2026,Robo de ganado,0
Puerto Peñasco,2026,"Robo de maquinaria - Cables, tubos y otros objetos destinados a servicios públicos",0
Puerto Peñasco,2026,Robo de maquinaria - Herramienta industrial o agrícola,0
Puerto Peñasco,2026,Robo de maquinaria - Tractores y/o montacargas,0
Puerto Peñasco,2026,Robo de vehículo automotor - Coche de 4 ruedas,4
Puerto Peñasco,2026,Robo de vehículo automotor - Embarcaciones,0
Puerto Peñasco,2026,Robo de vehículo automotor - Motocicleta,2
Puerto Peñasco,2026,Robo en transporte individual,0
Puerto Peñasco,2026,Robo en transporte público colectivo,0
Puerto Peñasco,2026,Robo en transporte público individual,0
Puerto Peñasco,2026,Secuestro con calidad de rehén,0
Puerto Peñasco,2026,Secuestro exprés,0
Puerto Peñasco,2026,Secuestro extorsivo,0
Puerto Peñasco,2026,Secuestro para causar daño,0
Puerto Peñasco,2026,Suplantación y usurpación de identidad,0
Puerto Peñasco,2026,Tentativa de extorsión por otros medios,0
Puerto Peñasco,2026,Tentativa de extorsión presencial,0
Puerto Peñasco,2026,Tentativa de feminicidio,0
Puerto Peñasco,2026,Tentativa de homicidio doloso,0
Puerto Peñasco,2026,Tortura,0
Puerto Peñasco,2026,Trata de personas con fines de explotación sexual,0
Puerto Peñasco,2026,Trata de personas con fines de trabajo o servicios forzados,0
Puerto Peñasco,2026,Trata de personas con fines de tráfico de órganos,0
Puerto Peñasco,2026,Trata de personas con otros fines,0
Puerto Peñasco,2026,Tráfico de menores,0
Puerto Peñasco,2026,Violación a la intimidad sexual,1
Puerto Peñasco,2026,Violación equiparada,0
Puerto Peñasco,2026,Violación simple,1
Puerto Peñasco,2026,Violencia de género en todas sus modalidades distinta a la violencia familiar,0
Puerto Peñasco,2026,Violencia familiar,14
Quiriego,2026,Aborto,0
Quiriego,2026,Abuso de confianza,0
Quiriego,2026,Abuso sexual,0
Quiriego,2026,Acoso sexual,0
Quiriego,2026,Allanamiento de morada,0
Quiriego,2026,Amenazas,0
Quiriego,2026,Contra el medio ambiente,0
Quiriego,2026,Corrupción de menores,0
Quiriego,2026,Daño a la propiedad,0
Quiriego,2026,Delitos cometidos por servidores públicos,0
Quiriego,2026,Delitos contra la administración de justicia,0
Quiriego,2026,Despojo,0
Quiriego,2026,Discriminación,0
Quiriego,2026,Electorales,0
Quiriego,2026,Evasión de presos,0
Quiriego,2026,Extorsión por otros medios,0
Quiriego,2026,Extorsión presencial,0
Quiriego,2026,Falsedad,0
Quiriego,2026,Falsificación,0
Quiriego,2026,Feminicidio,0
Quiriego,2026,Fraude,0
Quiriego,2026,Homicidio culposo,0
Quiriego,2026,Homicidio doloso,0
Quiriego,2026,Hostigamiento sexual,0
Quiriego,2026,Incesto,0
Quiriego,2026,Incumplimiento de obligaciones de asistencia familiar,0
Quiriego,2026,Lesiones culposas,0
Quiriego,2026,Lesiones dolosas,0
Quiriego,2026,Narcomenudeo con fines de venta,0
Quiriego,2026,Narcomenudeo posesión simple,0
Quiriego,2026,Otros delitos contra el patrimonio,0
Quiriego,2026,Otros delitos contra la familia,0
Quiriego,2026,Otros delitos contra la sociedad,0
Quiriego,2026,Otros delitos del Fuero Común,0
Quiriego,2026,Otros delitos que atentan contra la libertad personal,0
Quiriego,2026,Otros delitos que atentan contra la libertad y la seguridad sexual,0
Quiriego,2026,Otros delitos que atentan contra la vida y la integridad corporal,0
Quiriego,2026,Otros robos,0
Quiriego,2026,Pornografía infantil,0
Quiriego,2026,Privación ilegal de la libertad,0
Quiriego,2026,Rapto,0
Quiriego,2026,Retención o sustracción de menores e incapaces,0
Quiriego,2026,Robo a casa habitación,0
Quiriego,2026,Robo a institución bancaria,0
Quiriego,2026,Robo a negocio,0
Quiriego,2026,Robo a transeúnte en espacio abierto al público,0
Quiriego,2026,Robo a transeúnte en vía pública,0
Quiriego,2026,Robo a transportista,0
Quiriego,2026,Robo de autopartes,0
Quiriego,2026,Robo de ganado,0
Quiriego,2026,"Robo de maquinaria - Cables, tubos y otros objetos destinados a servicios públicos",0
Quiriego,2026,Robo de maquinaria - Herramienta industrial o agrícola,0
Quiriego,2026,Robo de maquinaria - Tractores y/o montacargas,0
Quiriego,2026,Robo de vehículo automotor - Coche de 4 ruedas,0
Quiriego,2026,Robo de vehículo automotor - Embarcaciones,0
Quiriego,2026,Robo de vehículo automotor - Motocicleta,0
Quiriego,2026,Robo en transporte individual,0
Quiriego,2026,Robo en transporte público colectivo,0
Quiriego,2026,Robo en transporte público individual,0
Quiriego,2026,Secuestro con calidad de rehén,0
Quiriego,2026,Secuestro exprés,0
Quiriego,2026,Secuestro extorsivo,0
Quiriego,2026,Secuestro para causar daño,0
Quiriego,2026,Suplantación y usurpación de identidad,0
Quiriego,2026,Tentativa de extorsión por otros medios,0
Quiriego,2026,Tentativa de extorsión presencial,0
Quiriego,2026,Tentativa de feminicidio,0
Quiriego,2026,Tentativa de homicidio doloso,0
Quiriego,2026,Tortura,0
Quiriego,2026,Trata de personas con fines de explotación sexual,0
Quiriego,2026,Trata de personas con fines de trabajo o servicios forzados,0
Quiriego,2026,Trata de personas con fines de tráfico de órganos,0
Quiriego,2026,Trata de personas con otros fines,0
Quiriego,2026,Tráfico de menores,0
Quiriego,2026,Violación a la intimidad sexual,0
Quiriego,2026,Violación equiparada,0
Quiriego,2026,Violación simple,0
Quiriego,2026,Violencia de género en todas sus modalidades distinta a la violencia familiar,0
Quiriego,2026,Violencia familiar,1
Rayón,2026,Aborto,0
Rayón,2026,Abuso de confianza,0
Rayón,2026,Abuso sexual,0
Rayón,2026,Acoso sexual,0
Rayón,2026,Allanamiento de morada,1
Rayón,2026,Amenazas,0
Rayón,2026,Contra el medio ambiente,0
Rayón,2026,Corrupción de menores,0
Rayón,2026,Daño a la propiedad,0
Rayón,2026,Delitos cometidos por servidores públicos,0
Rayón,2026,Delitos contra la administración de justicia,0
Rayón,2026,Despojo,0
Rayón,2026,Discriminación,0
Rayón,2026,Electorales,0
Rayón,2026,Evasión de presos,0
Rayón,2026,Extorsión por otros medios,0
Rayón,2026,Extorsión presencial,0
Rayón,2026,Falsedad,0
Rayón,2026,Falsificación,0
Rayón,2026,Feminicidio,0
Rayón,2026,Fraude,0
Rayón,2026,Homicidio culposo,0
Rayón,2026,Homicidio doloso,0
Rayón,2026,Hostigamiento sexual,0
Rayón,2026,Incesto,0
Rayón,2026,Incumplimiento de obligaciones de asistencia familiar,0
Rayón,2026,Lesiones culposas,0
Rayón,2026,Lesiones dolosas,0
Rayón,2026,Narcomenudeo con fines de venta,0
Rayón,2026,Narcomenudeo posesión simple,0
Rayón,2026,Otros delitos contra el patrimonio,0
Rayón,2026,Otros delitos contra la familia,0
Rayón,2026,Otros delitos contra la sociedad,0
Rayón,2026,Otros delitos del Fuero Común,0
Rayón,2026,Otros delitos que atentan contra la libertad personal,0
Rayón,2026,Otros delitos que atentan contra la libertad y la seguridad sexual,0
Rayón,2026,Otros delitos que atentan contra la vida y la integridad corporal,0
Rayón,2026,Otros robos,0
Rayón,2026,Pornografía infantil,0
Rayón,2026,Privación ilegal de la libertad,0
Rayón,2026,Rapto,0
Rayón,2026,Retención o sustracción de menores e incapaces,0
Rayón,2026,Robo a casa habitación,0
Rayón,2026,Robo a institución bancaria,0
Rayón,2026,Robo a negocio,0
Rayón,2026,Robo a transeúnte en espacio abierto al público,0
Rayón,2026,Robo a transeúnte en vía pública,0
Rayón,2026,Robo a transportista,0
Rayón,2026,Robo de autopartes,0
Rayón,2026,Robo de ganado,0
Rayón,2026,"Robo de maquinaria - Cables, tubos y otros objetos destinados a servicios públicos",0
Rayón,2026,Robo de maquinaria - Herramienta industrial o agrícola,0
Rayón,2026,Robo de maquinaria - Tractores y/o montacargas,0
Rayón,2026,Robo de vehículo automotor - Coche de 4 ruedas,0
Rayón,2026,Robo de vehículo automotor - Embarcaciones,0
Rayón,2026,Robo de vehículo automotor - Motocicleta,0
Rayón,2026,Robo en transporte individual,0
Rayón,2026,Robo en transporte público colectivo,0
Rayón,2026,Robo en transporte público individual,0
Rayón,2026,Secuestro con calidad de rehén,0
Rayón,2026,Secuestro exprés,0
Rayón,2026,Secuestro extorsivo,0
Rayón,2026,Secuestro para causar daño,0
Rayón,2026,Suplantación y usurpación de identidad,0
Rayón,2026,Tentativa de extorsión por otros medios,0
Rayón,2026,Tentativa de extorsión presencial,0
Rayón,2026,Tentativa de feminicidio,0
Rayón,2026,Tentativa de homicidio doloso,0
Rayón,2026,Tortura,0
Rayón,2026,Trata de personas con fines de explotación sexual,0
Rayón,2026,Trata de personas con fines de trabajo o servicios forzados,0
Rayón,2026,Trata de personas con fines de tráfico de órganos,0
Rayón,2026,Trata de personas con otros fines,0
Rayón,2026,Tráfico de menores,0
Rayón,2026,Violación a la intimidad sexual,0
Rayón,2026,Violación equiparada,0
Rayón,2026,Violación simple,0
Rayón,2026,Violencia de género en todas sus modalidades distinta a la violencia familiar,0
Rayón,2026,Violencia familiar,0
Rosario,2026,Aborto,0
Rosario,2026,Abuso de confianza,0
Rosario,2026,Abuso sexual,2
Rosario,2026,Acoso sexual,0
Rosario,2026,Allanamiento de morada,1
Rosario,2026,Amenazas,2
Rosario,2026,Contra el medio ambiente,0
Rosario,2026,Corrupción de menores,0
Rosario,2026,Daño a la propiedad,0
Rosario,2026,Delitos cometidos por servidores públicos,0
Rosario,2026,Delitos contra la administración de justicia,0
Rosario,2026,Despojo,0
Rosario,2026,Discriminación,0
Rosario,2026,Electorales,0
Rosario,2026,Evasión de presos,0
Rosario,2026,Extorsión por otros medios,0
Rosario,2026,Extorsión presencial,0
Rosario,2026,Falsedad,0
Rosario,2026,Falsificación,0
Rosario,2026,Feminicidio,0
Rosario,2026,Fraude,0
Rosario,2026,Homicidio culposo,0
Rosario,2026,Homicidio doloso,0
Rosario,2026,Hostigamiento sexual,0
Rosario,2026,Incesto,0
Rosario,2026,Incumplimiento de obligaciones de asistencia familiar,1
Rosario,2026,Lesiones culposas,0
Rosario,2026,Lesiones dolosas,1
Rosario,2026,Narcomenudeo con fines de venta,0
Rosario,2026,Narcomenudeo posesión simple,0
Rosario,2026,Otros delitos contra el patrimonio,1
Rosario,2026,Otros delitos contra la familia,0
Rosario,2026,Otros delitos contra la sociedad,0
Rosario,2026,Otros delitos del Fuero Común,0
Rosario,2026,Otros delitos que atentan contra la libertad personal,0
Rosario,2026,Otros delitos que atentan contra la libertad y la seguridad sexual,0
Rosario,2026,Otros delitos que atentan contra la vida y la integridad corporal,0
Rosario,2026,Otros robos,0
Rosario,2026,Pornografía infantil,0
Rosario,2026,Privación ilegal de la libertad,0
Rosario,2026,Rapto,0
Rosario,2026,Retención o sustracción de menores e incapaces,0
Rosario,2026,Robo a casa habitación,0
Rosario,2026,Robo a institución bancaria,0
Rosario,2026,Robo a negocio,0
Rosario,2026,Robo a transeúnte en espacio abierto al público,0
Rosario,2026,Robo a transeúnte en vía pública,0
Rosario,2026,Robo a transportista,0
Rosario,2026,Robo de autopartes,0
Rosario,2026,Robo de ganado,0
Rosario,2026,"Robo de maquinaria - Cables, tubos y otros objetos destinados a servicios públicos",0
Rosario,2026,Robo de maquinaria - Herramienta industrial o agrícola,0
Rosario,2026,Robo de maquinaria - Tractores y/o montacargas,0
Rosario,2026,Robo de vehículo automotor - Coche de 4 ruedas,0
Rosario,2026,Robo de vehículo automotor - Embarcaciones,0
Rosario,2026,Robo de vehículo automotor - Motocicleta,0
Rosario,2026,Robo en transporte individual,0
Rosario,2026,Robo en transporte público colectivo,0
Rosario,2026,Robo en transporte público individual,0
Rosario,2026,Secuestro con calidad de rehén,0
Rosario,2026,Secuestro exprés,0
Rosario,2026,Secuestro extorsivo,0
Rosario,2026,Secuestro para causar daño,0
Rosario,2026,Suplantación y usurpación de identidad,0
Rosario,2026,Tentativa de extorsión por otros medios,0
Rosario,2026,Tentativa de extorsión presencial,0
Rosario,2026,Tentativa de feminicidio,0
Rosario,2026,Tentativa de homicidio doloso,0
Rosario,2026,Tortura,0
Rosario,2026,Trata de personas con fines de explotación sexual,0
Rosario,2026,Trata de personas con fines de trabajo o servicios forzados,0
Rosario,2026,Trata de personas con fines de tráfico de órganos,0
Rosario,2026,Trata de personas con otros fines,0
Rosario,2026,Tráfico de menores,0
Rosario,2026,Violación a la intimidad sexual,0
Rosario,2026,Violación equiparada,0
Rosario,2026,Violación simple,0
Rosario,2026,Violencia de género en todas sus modalidades distinta a la violencia familiar,0
Rosario,2026,Violencia familiar,0
Sahuaripa,2026,Aborto,0
Sahuaripa,2026,Abuso de confianza,0
Sahuaripa,2026,Abuso sexual,0
Sahuaripa,2026,Acoso sexual,0
Sahuaripa,2026,Allanamiento de morada,0
Sahuaripa,2026,Amenazas,0
Sahuaripa,2026,Contra el medio ambiente,0
Sahuaripa,2026,Corrupción de menores,0
Sahuaripa,2026,Daño a la propiedad,0
Sahuaripa,2026,Delitos cometidos por servidores públicos,0
Sahuaripa,2026,Delitos contra la administración de justicia,0
Sahuaripa,2026,Despojo,1
Sahuaripa,2026,Discriminación,0
Sahuaripa,2026,Electorales,0
Sahuaripa,2026,Evasión de presos,0
Sahuaripa,2026,Extorsión por otros medios,0
Sahuaripa,2026,Extorsión presencial,0
Sahuaripa,2026,Falsedad,0
Sahuaripa,2026,Falsificación,0
Sahuaripa,2026,Feminicidio,0
Sahuaripa,2026,Fraude,3
Sahuaripa,2026,Homicidio culposo,0
Sahuaripa,2026,Homicidio doloso,0
Sahuaripa,2026,Hostigamiento sexual,0
Sahuaripa,2026,Incesto,0
Sahuaripa,2026,Incumplimiento de obligaciones de asistencia familiar,0
Sahuaripa,2026,Lesiones culposas,0
Sahuaripa,2026,Lesiones dolosas,0
Sahuaripa,2026,Narcomenudeo con fines de venta,1
Sahuaripa,2026,Narcomenudeo posesión simple,0
Sahuaripa,2026,Otros delitos contra el patrimonio,0
Sahuaripa,2026,Otros delitos contra la familia,0
Sahuaripa,2026,Otros delitos contra la sociedad,0
Sahuaripa,2026,Otros delitos del Fuero Común,0
Sahuaripa,2026,Otros delitos que atentan contra la libertad personal,0
Sahuaripa,2026,Otros delitos que atentan contra la libertad y la seguridad sexual,0
Sahuaripa,2026,Otros delitos que atentan contra la vida y la integridad corporal,0
Sahuaripa,2026,Otros robos,1
Sahuaripa,2026,Pornografía infantil,0
Sahuaripa,2026,Privación ilegal de la libertad,0
Sahuaripa,2026,Rapto,0
Sahuaripa,2026,Retención o sustracción de menores e incapaces,0
Sahuaripa,2026,Robo a casa habitación,0
Sahuaripa,2026,Robo a institución bancaria,0
Sahuaripa,2026,Robo a negocio,0
Sahuaripa,2026,Robo a transeúnte en espacio abierto al público,0
Sahuaripa,2026,Robo a transeúnte en vía pública,0
Sahuaripa,2026,Robo a transportista,0
Sahuaripa,2026,Robo de autopartes,0
Sahuaripa,2026,Robo de ganado,0
Sahuaripa,2026,"Robo de maquinaria - Cables, tubos y otros objetos destinados a servicios públicos",0
Sahuaripa,2026,Robo de maquinaria - Herramienta industrial o agrícola,0
Sahuaripa,2026,Robo de maquinaria - Tractores y/o montacargas,0
Sahuaripa,2026,Robo de vehículo automotor - Coche de 4 ruedas,0
Sahuaripa,2026,Robo de vehículo automotor - Embarcaciones,0
Sahuaripa,2026,Robo de vehículo automotor - Motocicleta,0
Sahuaripa,2026,Robo en transporte individual,0
Sahuaripa,2026,Robo en transporte público colectivo,0
Sahuaripa,2026,Robo en transporte público individual,0
Sahuaripa,2026,Secuestro con calidad de rehén,0
Sahuaripa,2026,Secuestro exprés,0
Sahuaripa,2026,Secuestro extorsivo,0
Sahuaripa,2026,Secuestro para causar daño,0
Sahuaripa,2026,Suplantación y usurpación de identidad,0
Sahuaripa,2026,Tentativa de extorsión por otros medios,0
Sahuaripa,2026,Tentativa de extorsión presencial,0
Sahuaripa,2026,Tentativa de feminicidio,0
Sahuaripa,2026,Tentativa de homicidio doloso,0
Sahuaripa,2026,Tortura,0
Sahuaripa,2026,Trata de personas con fines de explotación sexual,0
Sahuaripa,2026,Trata de personas con fines de trabajo o servicios forzados,0
Sahuaripa,2026,Trata de personas con fines de tráfico de órganos,0
Sahuaripa,2026,Trata de personas con otros fines,0
Sahuaripa,2026,Tráfico de menores,0
Sahuaripa,2026,Violación a la intimidad sexual,0
Sahuaripa,2026,Violación equiparada,1
Sahuaripa,2026,Violación simple,0
Sahuaripa,2026,Violencia de género en todas sus modalidades distinta a la violencia familiar,0
Sahuaripa,2026,Violencia familiar,2
San Felipe de Jesús,2026,Aborto,0
San Felipe de Jesús,2026,Abuso de confianza,0
San Felipe de Jesús,2026,Abuso sexual,0
San Felipe de Jesús,2026,Acoso sexual,0
San Felipe de Jesús,2026,Allanamiento de morada,0
San Felipe de Jesús,2026,Amenazas,0
San Felipe de Jesús,2026,Contra el medio ambiente,0
San Felipe de Jesús,2026,Corrupción de menores,0
San Felipe de Jesús,2026,Daño a la propiedad,0
San Felipe de Jesús,2026,Delitos cometidos por servidores públicos,0
San Felipe de Jesús,2026,Delitos contra la administración de justicia,0
San Felipe de Jesús,2026,Despojo,0
San Felipe de Jesús,2026,Discriminación,0
San Felipe de Jesús,2026,Electorales,0
San Felipe de Jesús,2026,Evasión de presos,0
San Felipe de Jesús,2026,Extorsión por otros medios,0
San Felipe de Jesús,2026,Extorsión presencial,0
San Felipe de Jesús,2026,Falsedad,0
San Felipe de Jesús,2026,Falsificación,0
San Felipe de Jesús,2026,Feminicidio,0
San Felipe de Jesús,2026,Fraude,0
San Felipe de Jesús,2026,Homicidio culposo,0
San Felipe de Jesús,2026,Homicidio doloso,0
San Felipe de Jesús,2026,Hostigamiento sexual,0
San Felipe de Jesús,2026,Incesto,0
San Felipe de Jesús,2026,Incumplimiento de obligaciones de asistencia familiar,0
San Felipe de Jesús,2026,Lesiones culposas,0
San Felipe de Jesús,2026,Lesiones dolosas,0
San Felipe de Jesús,2026,Narcomenudeo con fines de venta,0
San Felipe de Jesús,2026,Narcomenudeo posesión simple,0
San Felipe de Jesús,2026,Otros delitos contra el patrimonio,0
San Felipe de Jesús,2026,Otros delitos contra la familia,0
San Felipe de Jesús,2026,Otros delitos contra la sociedad,0
San Felipe de Jesús,2026,Otros delitos del Fuero Común,0
San Felipe de Jesús,2026,Otros delitos que atentan contra la libertad personal,0
San Felipe de Jesús,2026,Otros delitos que atentan contra la libertad y la seguridad sexual,0
San Felipe de Jesús,2026,Otros delitos que atentan contra la vida y la integridad corporal,0
San Felipe de Jesús,2026,Otros robos,0
San Felipe de Jesús,2026,Pornografía infantil,0
San Felipe de Jesús,2026,Privación ilegal de la libertad,0
San Felipe de Jesús,2026,Rapto,0
San Felipe de Jesús,2026,Retención o sustracción de menores e incapaces,0
San Felipe de Jesús,2026,Robo a casa habitación,0
San Felipe de Jesús,2026,Robo a institución bancaria,0
San Felipe de Jesús,2026,Robo a negocio,0
San Felipe de Jesús,2026,Robo a transeúnte en espacio abierto al público,0
San Felipe de Jesús,2026,Robo a transeúnte en vía pública,0
San Felipe de Jesús,2026,Robo a transportista,0
San Felipe de Jesús,2026,Robo de autopartes,0
San Felipe de Jesús,2026,Robo de ganado,0
San Felipe de Jesús,2026,"Robo de maquinaria - Cables, tubos y otros objetos destinados a servicios públicos",0
San Felipe de Jesús,2026,Robo de maquinaria - Herramienta industrial o agrícola,0
San Felipe de Jesús,2026,Robo de maquinaria - Tractores y/o montacargas,0
San Felipe de Jesús,2026,Robo de vehículo automotor - Coche de 4 ruedas,0
San Felipe de Jesús,2026,Robo de vehículo automotor - Embarcaciones,0
San Felipe de Jesús,2026,Robo de vehículo automotor - Motocicleta,0
San Felipe de Jesús,2026,Robo en transporte individual,0
San Felipe de Jesús,2026,Robo en transporte público colectivo,0
San Felipe de Jesús,2026,Robo en transporte público individual,0
San Felipe de Jesús,2026,Secuestro con calidad de rehén,0
San Felipe de Jesús,2026,Secuestro exprés,0
San Felipe de Jesús,2026,Secuestro extorsivo,0
San Felipe de Jesús,2026,Secuestro para causar daño,0
San Felipe de Jesús,2026,Suplantación y usurpación de identidad,0
San Felipe de Jesús,2026,Tentativa de extorsión por otros medios,0
San Felipe de Jesús,2026,Tentativa de extorsión presencial,0
San Felipe de Jesús,2026,Tentativa de feminicidio,0
San Felipe de Jesús,2026,Tentativa de homicidio doloso,0
San Felipe de Jesús,2026,Tortura,0
San Felipe de Jesús,2026,Trata de personas con fines de explotación sexual,0
San Felipe de Jesús,2026,Trata de personas con fines de trabajo o servicios forzados,0
San Felipe de Jesús,2026,Trata de personas con fines de tráfico de órganos,0
San Felipe de Jesús,2026,Trata de personas con otros fines,0
San Felipe de Jesús,2026,Tráfico de menores,0
San Felipe de Jesús,2026,Violación a la intimidad sexual,0
San Felipe de Jesús,2026,Violación equiparada,0
San Felipe de Jesús,2026,Violación simple,0
San Felipe de Jesús,2026,Violencia de género en todas sus modalidades distinta a la violencia familiar,0
San Felipe de Jesús,2026,Violencia familiar,0
San Ignacio Río Muerto,2026,Aborto,0
San Ignacio Río Muerto,2026,Abuso de confianza,0
San Ignacio Río Muerto,2026,Abuso sexual,0
San Ignacio Río Muerto,2026,Acoso sexual,0
San Ignacio Río Muerto,2026,Allanamiento de morada,0
San Ignacio Río Muerto,2026,Amenazas,1
San Ignacio Río Muerto,2026,Contra el medio ambiente,0
San Ignacio Río Muerto,2026,Corrupción de menores,0
San Ignacio Río Muerto,2026,Daño a la propiedad,1
San Ignacio Río Muerto,2026,Delitos cometidos por servidores públicos,0
San Ignacio Río Muerto,2026,Delitos contra la administración de justicia,0
San Ignacio Río Muerto,2026,Despojo,1
San Ignacio Río Muerto,2026,Discriminación,0
San Ignacio Río Muerto,2026,Electorales,0
San Ignacio Río Muerto,2026,Evasión de presos,0
San Ignacio Río Muerto,2026,Extorsión por otros medios,0
San Ignacio Río Muerto,2026,Extorsión presencial,0
San Ignacio Río Muerto,2026,Falsedad,0
San Ignacio Río Muerto,2026,Falsificación,1
San Ignacio Río Muerto,2026,Feminicidio,0
San Ignacio Río Muerto,2026,Fraude,0
San Ignacio Río Muerto,2026,Homicidio culposo,0
San Ignacio Río Muerto,2026,Homicidio doloso,0
San Ignacio Río Muerto,2026,Hostigamiento sexual,0
San Ignacio Río Muerto,2026,Incesto,0
San Ignacio Río Muerto,2026,Incumplimiento de obligaciones de asistencia familiar,1
San Ignacio Río Muerto,2026,Lesiones culposas,1
San Ignacio Río Muerto,2026,Lesiones dolosas,2
San Ignacio Río Muerto,2026,Narcomenudeo con fines de venta,0
San Ignacio Río Muerto,2026,Narcomenudeo posesión simple,0
San Ignacio Río Muerto,2026,Otros delitos contra el patrimonio,0
San Ignacio Río Muerto,2026,Otros delitos contra la familia,0
San Ignacio Río Muerto,2026,Otros delitos contra la sociedad,0
San Ignacio Río Muerto,2026,Otros delitos del Fuero Común,2
San Ignacio Río Muerto,2026,Otros delitos que atentan contra la libertad personal,1
San Ignacio Río Muerto,2026,Otros delitos que atentan contra la libertad y la seguridad sexual,0
San Ignacio Río Muerto,2026,Otros delitos que atentan contra la vida y la integridad corporal,0
San Ignacio Río Muerto,2026,Otros robos,2
San Ignacio Río Muerto,2026,Pornografía infantil,0
San Ignacio Río Muerto,2026,Privación ilegal de la libertad,1
San Ignacio Río Muerto,2026,Rapto,0
San Ignacio Río Muerto,2026,Retención o sustracción de menores e incapaces,0
San Ignacio Río Muerto,2026,Robo a casa habitación,0
San Ignacio Río Muerto,2026,Robo a institución bancaria,0
San Ignacio Río Muerto,2026,Robo a negocio,0
San Ignacio Río Muerto,2026,Robo a transeúnte en espacio abierto al público,0
San Ignacio Río Muerto,2026,Robo a transeúnte en vía pública,0
San Ignacio Río Muerto,2026,Robo a transportista,0
San Ignacio Río Muerto,2026,Robo de autopartes,0
San Ignacio Río Muerto,2026,Robo de ganado,0
San Ignacio Río Muerto,2026,"Robo de maquinaria - Cables, tubos y otros objetos destinados a servicios públicos",0
San Ignacio Río Muerto,2026,Robo de maquinaria - Herramienta industrial o agrícola,0
San Ignacio Río Muerto,2026,Robo de maquinaria - Tractores y/o montacargas,0
San Ignacio Río Muerto,2026,Robo de vehículo automotor - Coche de 4 ruedas,0
San Ignacio Río Muerto,2026,Robo de vehículo automotor - Embarcaciones,0
San Ignacio Río Muerto,2026,Robo de vehículo automotor - Motocicleta,0
San Ignacio Río Muerto,2026,Robo en transporte individual,0
San Ignacio Río Muerto,2026,Robo en transporte público colectivo,0
San Ignacio Río Muerto,2026,Robo en transporte público individual,0
San Ignacio Río Muerto,2026,Secuestro con calidad de rehén,0
San Ignacio Río Muerto,2026,Secuestro exprés,0
San Ignacio Río Muerto,2026,Secuestro extorsivo,0
San Ignacio Río Muerto,2026,Secuestro para causar daño,0
San Ignacio Río Muerto,2026,Suplantación y usurpación de identidad,0
San Ignacio Río Muerto,2026,Tentativa de extorsión por otros medios,0
San Ignacio Río Muerto,2026,Tentativa de extorsión presencial,0
San Ignacio Río Muerto,2026,Tentativa de feminicidio,0
San Ignacio Río Muerto,2026,Tentativa de homicidio doloso,0
San Ignacio Río Muerto,2026,Tortura,0
San Ignacio Río Muerto,2026,Trata de personas con fines de explotación sexual,0
San Ignacio Río Muerto,2026,Trata de personas con fines de trabajo o servicios forzados,0
San Ignacio Río Muerto,2026,Trata de personas con fines de tráfico de órganos,0
San Ignacio Río Muerto,2026,Trata de personas con otros fines,0
San Ignacio Río Muerto,2026,Tráfico de menores,0
San Ignacio Río Muerto,2026,Violación a la intimidad sexual,0
San Ignacio Río Muerto,2026,Violación equiparada,0
San Ignacio Río Muerto,2026,Violación simple,0
San Ignacio Río Muerto,2026,Violencia de género en todas sus modalidades distinta a la violencia familiar,0
San Ignacio Río Muerto,2026,Violencia familiar,4
San Javier,2026,Aborto,0
San Javier,2026,Abuso de confianza,0
San Javier,2026,Abuso sexual,0
San Javier,2026,Acoso sexual,0
San Javier,2026,Allanamiento de morada,0
San Javier,2026,Amenazas,0
San Javier,2026,Contra el medio ambiente,0
San Javier,2026,Corrupción de menores,0
San Javier,2026,Daño a la propiedad,0
San Javier,2026,Delitos cometidos por servidores públicos,0
San Javier,2026,Delitos contra la administración de justicia,0
San Javier,2026,Despojo,0
San Javier,2026,Discriminación,0
San Javier,2026,Electorales,0
San Javier,2026,Evasión de presos,0
San Javier,2026,Extorsión por otros medios,0
San Javier,2026,Extorsión presencial,0
San Javier,2026,Falsedad,0
San Javier,2026,Falsificación,0
San Javier,2026,Feminicidio,0
San Javier,2026,Fraude,0
San Javier,2026,Homicidio culposo,0
San Javier,2026,Homicidio doloso,0
San Javier,2026,Hostigamiento sexual,0
San Javier,2026,Incesto,0
San Javier,2026,Incumplimiento de obligaciones de asistencia familiar,0
San Javier,2026,Lesiones culposas,0
San Javier,2026,Lesiones dolosas,0
San Javier,2026,Narcomenudeo con fines de venta,0
San Javier,2026,Narcomenudeo posesión simple,0
San Javier,2026,Otros delitos contra el patrimonio,0
San Javier,2026,Otros delitos contra la familia,0
San Javier,2026,Otros delitos contra la sociedad,0
San Javier,2026,Otros delitos del Fuero Común,0
San Javier,2026,Otros delitos que atentan contra la libertad personal,0
San Javier,2026,Otros delitos que atentan contra la libertad y la seguridad sexual,0
San Javier,2026,Otros delitos que atentan contra la vida y la integridad corporal,0
San Javier,2026,Otros robos,0
San Javier,2026,Pornografía infantil,0
San Javier,2026,Privación ilegal de la libertad,0
San Javier,2026,Rapto,0
San Javier,2026,Retención o sustracción de menores e incapaces,0
San Javier,2026,Robo a casa habitación,0
San Javier,2026,Robo a institución bancaria,0
San Javier,2026,Robo a negocio,0
San Javier,2026,Robo a transeúnte en espacio abierto al público,0
San Javier,2026,Robo a transeúnte en vía pública,0
San Javier,2026,Robo a transportista,0
San Javier,2026,Robo de autopartes,0
San Javier,2026,Robo de ganado,0
San Javier,2026,"Robo de maquinaria - Cables, tubos y otros objetos destinados a servicios públicos",0
San Javier,2026,Robo de maquinaria - Herramienta industrial o agrícola,0
San Javier,2026,Robo de maquinaria - Tractores y/o montacargas,0
San Javier,2026,Robo de vehículo automotor - Coche de 4 ruedas,0
San Javier,2026,Robo de vehículo automotor - Embarcaciones,0
San Javier,2026,Robo de vehículo automotor - Motocicleta,0
San Javier,2026,Robo en transporte individual,0
San Javier,2026,Robo en transporte público colectivo,0
San Javier,2026,Robo en transporte público individual,0
San Javier,2026,Secuestro con calidad de rehén,0
San Javier,2026,Secuestro exprés,0
San Javier,2026,Secuestro extorsivo,0
San Javier,2026,Secuestro para causar daño,0
San Javier,2026,Suplantación y usurpación de identidad,0
San Javier,2026,Tentativa de extorsión por otros medios,0
San Javier,2026,Tentativa de extorsión presencial,0
San Javier,2026,Tentativa de feminicidio,0
San Javier,2026,Tentativa de homicidio doloso,0
San Javier,2026,Tortura,0
San Javier,2026,Trata de personas con fines de explotación sexual,0
San Javier,2026,Trata de personas con fines de trabajo o servicios forzados,0
San Javier,2026,Trata de personas con fines de tráfico de órganos,0
San Javier,2026,Trata de personas con otros fines,0
San Javier,2026,Tráfico de menores,0
San Javier,2026,Violación a la intimidad sexual,0
San Javier,2026,Violación equiparada,0
San Javier,2026,Violación simple,0
San Javier,2026,Violencia de género en todas sus modalidades distinta a la violencia familiar,0
San Javier,2026,Violencia familiar,0
San Luis Río Colorado,2026,Aborto,0
San Luis Río Colorado,2026,Abuso de confianza,0
San Luis Río Colorado,2026,Abuso sexual,12
San Luis Río Colorado,2026,Acoso sexual,3
San Luis Río Colorado,2026,Allanamiento de morada,2
San Luis Río Colorado,2026,Amenazas,1
San Luis Río Colorado,2026,Contra el medio ambiente,0
San Luis Río Colorado,2026,Corrupción de menores,0
San Luis Río Colorado,2026,Daño a la propiedad,13
San Luis Río Colorado,2026,Delitos cometidos por servidores públicos,1
San Luis Río Colorado,2026,Delitos contra la administración de justicia,0
San Luis Río Colorado,2026,Despojo,0
San Luis Río Colorado,2026,Discriminación,0
San Luis Río Colorado,2026,Electorales,0
San Luis Río Colorado,2026,Evasión de presos,0
San Luis Río Colorado,2026,Extorsión por otros medios,1
San Luis Río Colorado,2026,Extorsión presencial,1
San Luis Río Colorado,2026,Falsedad,0
San Luis Río Colorado,2026,Falsificación,0
San Luis Río Colorado,2026,Feminicidio,0
San Luis Río Colorado,2026,Fraude,0
San Luis Río Colorado,2026,Homicidio culposo,1
San Luis Río Colorado,2026,Homicidio doloso,8
San Luis Río Colorado,2026,Hostigamiento sexual,0
San Luis Río Colorado,2026,Incesto,0
San Luis Río Colorado,2026,Incumplimiento de obligaciones de asistencia familiar,9
San Luis Río Colorado,2026,Lesiones culposas,2
San Luis Río Colorado,2026,Lesiones dolosas,6
San Luis Río Colorado,2026,Narcomenudeo con fines de venta,13
San Luis Río Colorado,2026,Narcomenudeo posesión simple,10
San Luis Río Colorado,2026,Otros delitos contra el patrimonio,3
San Luis Río Colorado,2026,Otros delitos contra la familia,2
San Luis Río Colorado,2026,Otros delitos contra la sociedad,0
San Luis Río Colorado,2026,Otros delitos del Fuero Común,7
San Luis Río Colorado,2026,Otros delitos que atentan contra la libertad personal,1
San Luis Río Colorado,2026,Otros delitos que atentan contra la libertad y la seguridad sexual,3
San Luis Río Colorado,2026,Otros delitos que atentan contra la vida y la integridad corporal,3
San Luis Río Colorado,2026,Otros robos,4
San Luis Río Colorado,2026,Pornografía infantil,0
San Luis Río Colorado,2026,Privación ilegal de la libertad,12
San Luis Río Colorado,2026,Rapto,0
San Luis Río Colorado,2026,Retención o sustracción de menores e incapaces,1
San Luis Río Colorado,2026,Robo a casa habitación,2
San Luis Río Colorado,2026,Robo a institución bancaria,0
San Luis Río Colorado,2026,Robo a negocio,1
San Luis Río Colorado,2026,Robo a transeúnte en espacio abierto al público,0
San Luis Río Colorado,2026,Robo a transeúnte en vía pública,0
San Luis Río Colorado,2026,Robo a transportista,0
San Luis Río Colorado,2026,Robo de autopartes,0
San Luis Río Colorado,2026,Robo de ganado,0
San Luis Río Colorado,2026,"Robo de maquinaria - Cables, tubos y otros objetos destinados a servicios públicos",0
San Luis Río Colorado,2026,Robo de maquinaria - Herramienta industrial o agrícola,0
San Luis Río Colorado,2026,Robo de maquinaria - Tractores y/o montacargas,0
San Luis Río Colorado,2026,Robo de vehículo automotor - Coche de 4 ruedas,30
San Luis Río Colorado,2026,Robo de vehículo automotor - Embarcaciones,0
San Luis Río Colorado,2026,Robo de vehículo automotor - Motocicleta,3
San Luis Río Colorado,2026,Robo en transporte individual,0
San Luis Río Colorado,2026,Robo en transporte público colectivo,0
San Luis Río Colorado,2026,Robo en transporte público individual,0
San Luis Río Colorado,2026,Secuestro con calidad de rehén,0
San Luis Río Colorado,2026,Secuestro exprés,0
San Luis Río Colorado,2026,Secuestro extorsivo,0
San Luis Río Colorado,2026,Secuestro para causar daño,0
San Luis Río Colorado,2026,Suplantación y usurpación de identidad,0
San Luis Río Colorado,2026,Tentativa de extorsión por otros medios,0
San Luis Río Colorado,2026,Tentativa de extorsión presencial,0
San Luis Río Colorado,2026,Tentativa de feminicidio,2
San Luis Río Colorado,2026,Tentativa de homicidio doloso,4
San Luis Río Colorado,2026,Tortura,0
San Luis Río Colorado,2026,Trata de personas con fines de explotación sexual,0
San Luis Río Colorado,2026,Trata de personas con fines de trabajo o servicios forzados,0
San Luis Río Colorado,2026,Trata de personas con fines de tráfico de órganos,0
San Luis Río Colorado,2026,Trata de personas con otros fines,0
San Luis Río Colorado,2026,Tráfico de menores,0
San Luis Río Colorado,2026,Violación a la intimidad sexual,1
San Luis Río Colorado,2026,Violación equiparada,0
San Luis Río Colorado,2026,Violación simple,2
San Luis Río Colorado,2026,Violencia de género en todas sus modalidades distinta a la violencia familiar,0
San Luis Río Colorado,2026,Violencia familiar,150
San Miguel de Horcasitas,2026,Aborto,0
San Miguel de Horcasitas,2026,Abuso de confianza,0
San Miguel de Horcasitas,2026,Abuso sexual,1
San Miguel de Horcasitas,2026,Acoso sexual,0
San Miguel de Horcasitas,2026,Allanamiento de morada,0
San Miguel de Horcasitas,2026,Amenazas,2
San Miguel de Horcasitas,2026,Contra el medio ambiente,0
San Miguel de Horcasitas,2026,Corrupción de menores,0
San Miguel de Horcasitas,2026,Daño a la propiedad,0
San Miguel de Horcasitas,2026,Delitos cometidos por servidores públicos,0
San Miguel de Horcasitas,2026,Delitos contra la administración de justicia,0
San Miguel de Horcasitas,2026,Despojo,0
San Miguel de Horcasitas,2026,Discriminación,0
San Miguel de Horcasitas,2026,Electorales,0
San Miguel de Horcasitas,2026,Evasión de presos,0
San Miguel de Horcasitas,2026,Extorsión por otros medios,0
San Miguel de Horcasitas,2026,Extorsión presencial,0
San Miguel de Horcasitas,2026,Falsedad,0
San Miguel de Horcasitas,2026,Falsificación,0
San Miguel de Horcasitas,2026,Feminicidio,0
San Miguel de Horcasitas,2026,Fraude,0
San Miguel de Horcasitas,2026,Homicidio culposo,0
San Miguel de Horcasitas,2026,Homicidio doloso,0
San Miguel de Horcasitas,2026,Hostigamiento sexual,0
San Miguel de Horcasitas,2026,Incesto,0
San Miguel de Horcasitas,2026,Incumplimiento de obligaciones de asistencia familiar,0
San Miguel de Horcasitas,2026,Lesiones culposas,0
San Miguel de Horcasitas,2026,Lesiones dolosas,1
San Miguel de Horcasitas,2026,Narcomenudeo con fines de venta,0
San Miguel de Horcasitas,2026,Narcomenudeo posesión simple,0
San Miguel de Horcasitas,2026,Otros delitos contra el patrimonio,0
San Miguel de Horcasitas,2026,Otros delitos contra la familia,0
San Miguel de Horcasitas,2026,Otros delitos contra la sociedad,0
San Miguel de Horcasitas,2026,Otros delitos del Fuero Común,0
San Miguel de Horcasitas,2026,Otros delitos que atentan contra la libertad personal,0
San Miguel de Horcasitas,2026,Otros delitos que atentan contra la libertad y la seguridad sexual,0
San Miguel de Horcasitas,2026,Otros delitos que atentan contra la vida y la integridad corporal,0
San Miguel de Horcasitas,2026,Otros robos,0
San Miguel de Horcasitas,2026,Pornografía infantil,0
San Miguel de Horcasitas,2026,Privación ilegal de la libertad,0
San Miguel de Horcasitas,2026,Rapto,0
San Miguel de Horcasitas,2026,Retención o sustracción de menores e incapaces,0
San Miguel de Horcasitas,2026,Robo a casa habitación,0
San Miguel de Horcasitas,2026,Robo a institución bancaria,0
San Miguel de Horcasitas,2026,Robo a negocio,0
San Miguel de Horcasitas,2026,Robo a transeúnte en espacio abierto al público,0
San Miguel de Horcasitas,2026,Robo a transeúnte en vía pública,0
San Miguel de Horcasitas,2026,Robo a transportista,0
San Miguel de Horcasitas,2026,Robo de autopartes,0
San Miguel de Horcasitas,2026,Robo de ganado,0
San Miguel de Horcasitas,2026,"Robo de maquinaria - Cables, tubos y otros objetos destinados a servicios públicos",0
San Miguel de Horcasitas,2026,Robo de maquinaria - Herramienta industrial o agrícola,0
San Miguel de Horcasitas,2026,Robo de maquinaria - Tractores y/o montacargas,0
San Miguel de Horcasitas,2026,Robo de vehículo automotor - Coche de 4 ruedas,0
San Miguel de Horcasitas,2026,Robo de vehículo automotor - Embarcaciones,0
San Miguel de Horcasitas,2026,Robo de vehículo automotor - Motocicleta,0
San Miguel de Horcasitas,2026,Robo en transporte individual,0
San Miguel de Horcasitas,2026,Robo en transporte público colectivo,0
San Miguel de Horcasitas,2026,Robo en transporte público individual,0
San Miguel de Horcasitas,2026,Secuestro con calidad de rehén,0
San Miguel de Horcasitas,2026,Secuestro exprés,0
San Miguel de Horcasitas,2026,Secuestro extorsivo,0
San Miguel de Horcasitas,2026,Secuestro para causar daño,0
San Miguel de Horcasitas,2026,Suplantación y usurpación de identidad,0
San Miguel de Horcasitas,2026,Tentativa de extorsión por otros medios,0
San Miguel de Horcasitas,2026,Tentativa de extorsión presencial,0
San Miguel de Horcasitas,2026,Tentativa de feminicidio,0
San Miguel de Horcasitas,2026,Tentativa de homicidio doloso,0
San Miguel de Horcasitas,2026,Tortura,0
San Miguel de Horcasitas,2026,Trata de personas con fines de explotación sexual,0
San Miguel de Horcasitas,2026,Trata de personas con fines de trabajo o servicios forzados,0
San Miguel de Horcasitas,2026,Trata de personas con fines de tráfico de órganos,0
San Miguel de Horcasitas,2026,Trata de personas con otros fines,0
San Miguel de Horcasitas,2026,Tráfico de menores,0
San Miguel de Horcasitas,2026,Violación a la intimidad sexual,0
San Miguel de Horcasitas,2026,Violación equiparada,0
San Miguel de Horcasitas,2026,Violación simple,0
San Miguel de Horcasitas,2026,Violencia de género en todas sus modalidades distinta a la violencia familiar,0
San Miguel de Horcasitas,2026,Violencia familiar,1
San Pedro de la Cueva,2026,Aborto,0
San Pedro de la Cueva,2026,Abuso de confianza,0
San Pedro de la Cueva,2026,Abuso sexual,0
San Pedro de la Cueva,2026,Acoso sexual,1
San Pedro de la Cueva,2026,Allanamiento de morada,1
San Pedro de la Cueva,2026,Amenazas,0
San Pedro de la Cueva,2026,Contra el medio ambiente,0
San Pedro de la Cueva,2026,Corrupción de menores,0
San Pedro de la Cueva,2026,Daño a la propiedad,0
San Pedro de la Cueva,2026,Delitos cometidos por servidores públicos,0
San Pedro de la Cueva,2026,Delitos contra la administración de justicia,0
San Pedro de la Cueva,2026,Despojo,0
San Pedro de la Cueva,2026,Discriminación,0
San Pedro de la Cueva,2026,Electorales,0
San Pedro de la Cueva,2026,Evasión de presos,0
San Pedro de la Cueva,2026,Extorsión por otros medios,0
San Pedro de la Cueva,2026,Extorsión presencial,0
San Pedro de la Cueva,2026,Falsedad,0
San Pedro de la Cueva,2026,Falsificación,0
San Pedro de la Cueva,2026,Feminicidio,0
San Pedro de la Cueva,2026,Fraude,0
San Pedro de la Cueva,2026,Homicidio culposo,0
San Pedro de la Cueva,2026,Homicidio doloso,0
San Pedro de la Cueva,2026,Hostigamiento sexual,0
San Pedro de la Cueva,2026,Incesto,0
San Pedro de la Cueva,2026,Incumplimiento de obligaciones de asistencia familiar,0
San Pedro de la Cueva,2026,Lesiones culposas,0
San Pedro de la Cueva,2026,Lesiones dolosas,0
San Pedro de la Cueva,2026,Narcomenudeo con fines de venta,0
San Pedro de la Cueva,2026,Narcomenudeo posesión simple,0
San Pedro de la Cueva,2026,Otros delitos contra el patrimonio,0
San Pedro de la Cueva,2026,Otros delitos contra la familia,0
San Pedro de la Cueva,2026,Otros delitos contra la sociedad,0
San Pedro de la Cueva,2026,Otros delitos del Fuero Común,0
San Pedro de la Cueva,2026,Otros delitos que atentan contra la libertad personal,0
San Pedro de la Cueva,2026,Otros delitos que atentan contra la libertad y la seguridad sexual,0
San Pedro de la Cueva,2026,Otros delitos que atentan contra la vida y la integridad corporal,0
San Pedro de la Cueva,2026,Otros robos,0
San Pedro de la Cueva,2026,Pornografía infantil,0
San Pedro de la Cueva,2026,Privación ilegal de la libertad,0
San Pedro de la Cueva,2026,Rapto,0
San Pedro de la Cueva,2026,Retención o sustracción de menores e incapaces,0
San Pedro de la Cueva,2026,Robo a casa habitación,0
San Pedro de la Cueva,2026,Robo a institución bancaria,0
San Pedro de la Cueva,2026,Robo a negocio,0
San Pedro de la Cueva,2026,Robo a transeúnte en espacio abierto al público,0
San Pedro de la Cueva,2026,Robo a transeúnte en vía pública,0
San Pedro de la Cueva,2026,Robo a transportista,0
San Pedro de la Cueva,2026,Robo de autopartes,0
San Pedro de la Cueva,2026,Robo de ganado,0
San Pedro de la Cueva,2026,"Robo de maquinaria - Cables, tubos y otros objetos destinados a servicios públicos",0
San Pedro de la Cueva,2026,Robo de maquinaria - Herramienta industrial o agrícola,0
San Pedro de la Cueva,2026,Robo de maquinaria - Tractores y/o montacargas,0
San Pedro de la Cueva,2026,Robo de vehículo automotor - Coche de 4 ruedas,0
San Pedro de la Cueva,2026,Robo de vehículo automotor - Embarcaciones,0
San Pedro de la Cueva,2026,Robo de vehículo automotor - Motocicleta,1
San Pedro de la Cueva,2026,Robo en transporte individual,0
San Pedro de la Cueva,2026,Robo en transporte público colectivo,0
San Pedro de la Cueva,2026,Robo en transporte público individual,0
San Pedro de la Cueva,2026,Secuestro con calidad de rehén,0
San Pedro de la Cueva,2026,Secuestro exprés,0
San Pedro de la Cueva,2026,Secuestro extorsivo,0
San Pedro de la Cueva,2026,Secuestro para causar daño,0
San Pedro de la Cueva,2026,Suplantación y usurpación de identidad,0
San Pedro de la Cueva,2026,Tentativa de extorsión por otros medios,0
San Pedro de la Cueva,2026,Tentativa de extorsión presencial,0
San Pedro de la Cueva,2026,Tentativa de feminicidio,0
San Pedro de la Cueva,2026,Tentativa de homicidio doloso,0
San Pedro de la Cueva,2026,Tortura,0
San Pedro de la Cueva,2026,Trata de personas con fines de explotación sexual,0
San Pedro de la Cueva,2026,Trata de personas con fines de trabajo o servicios forzados,0
San Pedro de la Cueva,2026,Trata de personas con fines de tráfico de órganos,0
San Pedro de la Cueva,2026,Trata de personas con otros fines,0
San Pedro de la Cueva,2026,Tráfico de menores,0
San Pedro de la Cueva,2026,Violación a la intimidad sexual,0
San Pedro de la Cueva,2026,Violación equiparada,0
San Pedro de la Cueva,2026,Violación simple,0
San Pedro de la Cueva,2026,Violencia de género en todas sus modalidades distinta a la violencia familiar,0
San Pedro de la Cueva,2026,Violencia familiar,0
Santa Ana,2026,Aborto,0
Santa Ana,2026,Abuso de confianza,0
Santa Ana,2026,Abuso sexual,0
Santa Ana,2026,Acoso sexual,0
Santa Ana,2026,Allanamiento de morada,0
Santa Ana,2026,Amenazas,1
Santa Ana,2026,Contra el medio ambiente,0
Santa Ana,2026,Corrupción de menores,0
Santa Ana,2026,Daño a la propiedad,3
Santa Ana,2026,Delitos cometidos por servidores públicos,0
Santa Ana,2026,Delitos contra la administración de justicia,0
Santa Ana,2026,Despojo,1
Santa Ana,2026,Discriminación,0
Santa Ana,2026,Electorales,0
Santa Ana,2026,Evasión de presos,0
Santa Ana,2026,Extorsión por otros medios,0
Santa Ana,2026,Extorsión presencial,0
Santa Ana,2026,Falsedad,0
Santa Ana,2026,Falsificación,0
Santa Ana,2026,Feminicidio,0
Santa Ana,2026,Fraude,0
Santa Ana,2026,Homicidio culposo,1
Santa Ana,2026,Homicidio doloso,0
Santa Ana,2026,Hostigamiento sexual,0
Santa Ana,2026,Incesto,0
Santa Ana,2026,Incumplimiento de obligaciones de asistencia familiar,5
Santa Ana,2026,Lesiones culposas,2
Santa Ana,2026,Lesiones dolosas,0
Santa Ana,2026,Narcomenudeo con fines de venta,3
Santa Ana,2026,Narcomenudeo posesión simple,0
Santa Ana,2026,Otros delitos contra el patrimonio,0
Santa Ana,2026,Otros delitos contra la familia,0
Santa Ana,2026,Otros delitos contra la sociedad,0
Santa Ana,2026,Otros delitos del Fuero Común,3
Santa Ana,2026,Otros delitos que atentan contra la libertad personal,0
Santa Ana,2026,Otros delitos que atentan contra la libertad y la seguridad sexual,0
Santa Ana,2026,Otros delitos que atentan contra la vida y la integridad corporal,0
Santa Ana,2026,Otros robos,1
Santa Ana,2026,Pornografía infantil,0
Santa Ana,2026,Privación ilegal de la libertad,0
Santa Ana,2026,Rapto,0
Santa Ana,2026,Retención o sustracción de menores e incapaces,0
Santa Ana,2026,Robo a casa habitación,1
Santa Ana,2026,Robo a institución bancaria,0
Santa Ana,2026,Robo a negocio,0
Santa Ana,2026,Robo a transeúnte en espacio abierto al público,0
Santa Ana,2026,Robo a transeúnte en vía pública,0
Santa Ana,2026,Robo a transportista,0
Santa Ana,2026,Robo de autopartes,0
Santa Ana,2026,Robo de ganado,0
Santa Ana,2026,"Robo de maquinaria - Cables, tubos y otros objetos destinados a servicios públicos",0
Santa Ana,2026,Robo de maquinaria - Herramienta industrial o agrícola,0
Santa Ana,2026,Robo de maquinaria - Tractores y/o montacargas,0
Santa Ana,2026,Robo de vehículo automotor - Coche de 4 ruedas,2
Santa Ana,2026,Robo de vehículo automotor - Embarcaciones,0
Santa Ana,2026,Robo de vehículo automotor - Motocicleta,0
Santa Ana,2026,Robo en transporte individual,0
Santa Ana,2026,Robo en transporte público colectivo,0
Santa Ana,2026,Robo en transporte público individual,0
Santa Ana,2026,Secuestro con calidad de rehén,0
Santa Ana,2026,Secuestro exprés,0
Santa Ana,2026,Secuestro extorsivo,0
Santa Ana,2026,Secuestro para causar daño,0
Santa Ana,2026,Suplantación y usurpación de identidad,0
Santa Ana,2026,Tentativa de extorsión por otros medios,0
Santa Ana,2026,Tentativa de extorsión presencial,0
Santa Ana,2026,Tentativa de feminicidio,0
Santa Ana,2026,Tentativa de homicidio doloso,0
Santa Ana,2026,Tortura,0
Santa Ana,2026,Trata de personas con fines de explotación sexual,0
Santa Ana,2026,Trata de personas con fines de trabajo o servicios forzados,0
Santa Ana,2026,Trata de personas con fines de tráfico de órganos,0
Santa Ana,2026,Trata de personas con otros fines,0
Santa Ana,2026,Tráfico de menores,0
Santa Ana,2026,Violación a la intimidad sexual,0
Santa Ana,2026,Violación equiparada,0
Santa Ana,2026,Violación simple,0
Santa Ana,2026,Violencia de género en todas sus modalidades distinta a la violencia familiar,0
Santa Ana,2026,Violencia familiar,3
Santa Cruz,2026,Aborto,0
Santa Cruz,2026,Abuso de confianza,0
Santa Cruz,2026,Abuso sexual,0
Santa Cruz,2026,Acoso sexual,0
Santa Cruz,2026,Allanamiento de morada,0
Santa Cruz,2026,Amenazas,0
Santa Cruz,2026,Contra el medio ambiente,0
Santa Cruz,2026,Corrupción de menores,0
Santa Cruz,2026,Daño a la propiedad,0
Santa Cruz,2026,Delitos cometidos por servidores públicos,0
Santa Cruz,2026,Delitos contra la administración de justicia,0
Santa Cruz,2026,Despojo,0
Santa Cruz,2026,Discriminación,0
Santa Cruz,2026,Electorales,0
Santa Cruz,2026,Evasión de presos,0
Santa Cruz,2026,Extorsión por otros medios,0
Santa Cruz,2026,Extorsión presencial,0
Santa Cruz,2026,Falsedad,0
Santa Cruz,2026,Falsificación,0
Santa Cruz,2026,Feminicidio,0
Santa Cruz,2026,Fraude,0
Santa Cruz,2026,Homicidio culposo,0
Santa Cruz,2026,Homicidio doloso,0
Santa Cruz,2026,Hostigamiento sexual,0
Santa Cruz,2026,Incesto,0
Santa Cruz,2026,Incumplimiento de obligaciones de asistencia familiar,0
Santa Cruz,2026,Lesiones culposas,0
Santa Cruz,2026,Lesiones dolosas,0
Santa Cruz,2026,Narcomenudeo con fines de venta,0
Santa Cruz,2026,Narcomenudeo posesión simple,0
Santa Cruz,2026,Otros delitos contra el patrimonio,0
Santa Cruz,2026,Otros delitos contra la familia,0
Santa Cruz,2026,Otros delitos contra la sociedad,0
Santa Cruz,2026,Otros delitos del Fuero Común,0
Santa Cruz,2026,Otros delitos que atentan contra la libertad personal,0
Santa Cruz,2026,Otros delitos que atentan contra la libertad y la seguridad sexual,0
Santa Cruz,2026,Otros delitos que atentan contra la vida y la integridad corporal,0
Santa Cruz,2026,Otros robos,0
Santa Cruz,2026,Pornografía infantil,0
Santa Cruz,2026,Privación ilegal de la libertad,0
Santa Cruz,2026,Rapto,0
Santa Cruz,2026,Retención o sustracción de menores e incapaces,0
Santa Cruz,2026,Robo a casa habitación,0
Santa Cruz,2026,Robo a institución bancaria,0
Santa Cruz,2026,Robo a negocio,0
Santa Cruz,2026,Robo a transeúnte en espacio abierto al público,0
Santa Cruz,2026,Robo a transeúnte en vía pública,0
Santa Cruz,2026,Robo a transportista,0
Santa Cruz,2026,Robo de autopartes,0
Santa Cruz,2026,Robo de ganado,0
Santa Cruz,2026,"Robo de maquinaria - Cables, tubos y otros objetos destinados a servicios públicos",0
Santa Cruz,2026,Robo de maquinaria - Herramienta industrial o agrícola,0
Santa Cruz,2026,Robo de maquinaria - Tractores y/o montacargas,0
Santa Cruz,2026,Robo de vehículo automotor - Coche de 4 ruedas,0
Santa Cruz,2026,Robo de vehículo automotor - Embarcaciones,0
Santa Cruz,2026,Robo de vehículo automotor - Motocicleta,0
Santa Cruz,2026,Robo en transporte individual,0
Santa Cruz,2026,Robo en transporte público colectivo,0
Santa Cruz,2026,Robo en transporte público individual,0
Santa Cruz,2026,Secuestro con calidad de rehén,0
Santa Cruz,2026,Secuestro exprés,0
Santa Cruz,2026,Secuestro extorsivo,0
Santa Cruz,2026,Secuestro para causar daño,0
Santa Cruz,2026,Suplantación y usurpación de identidad,0
Santa Cruz,2026,Tentativa de extorsión por otros medios,0
Santa Cruz,2026,Tentativa de extorsión presencial,0
Santa Cruz,2026,Tentativa de feminicidio,0
Santa Cruz,2026,Tentativa de homicidio doloso,0
Santa Cruz,2026,Tortura,0
Santa Cruz,2026,Trata de personas con fines de explotación sexual,0
Santa Cruz,2026,Trata de personas con fines de trabajo o servicios forzados,0
Santa Cruz,2026,Trata de personas con fines de tráfico de órganos,0
Santa Cruz,2026,Trata de personas con otros fines,0
Santa Cruz,2026,Tráfico de menores,0
Santa Cruz,2026,Violación a la intimidad sexual,0
Santa Cruz,2026,Violación equiparada,0
Santa Cruz,2026,Violación simple,0
Santa Cruz,2026,Violencia de género en todas sus modalidades distinta a la violencia familiar,0
Santa Cruz,2026,Violencia familiar,0
Soyopa,2026,Aborto,0
Soyopa,2026,Abuso de confianza,0
Soyopa,2026,Abuso sexual,0
Soyopa,2026,Acoso sexual,0
Soyopa,2026,Allanamiento de morada,0
Soyopa,2026,Amenazas,0
Soyopa,2026,Contra el medio ambiente,0
Soyopa,2026,Corrupción de menores,0
Soyopa,2026,Daño a la propiedad,0
Soyopa,2026,Delitos cometidos por servidores públicos,0
Soyopa,2026,Delitos contra la administración de justicia,0
Soyopa,2026,Despojo,0
Soyopa,2026,Discriminación,0
Soyopa,2026,Electorales,0
Soyopa,2026,Evasión de presos,0
Soyopa,2026,Extorsión por otros medios,0
Soyopa,2026,Extorsión presencial,0
Soyopa,2026,Falsedad,0
Soyopa,2026,Falsificación,0
Soyopa,2026,Feminicidio,0
Soyopa,2026,Fraude,0
Soyopa,2026,Homicidio culposo,0
Soyopa,2026,Homicidio doloso,0
Soyopa,2026,Hostigamiento sexual,0
Soyopa,2026,Incesto,0
Soyopa,2026,Incumplimiento de obligaciones de asistencia familiar,0
Soyopa,2026,Lesiones culposas,0
Soyopa,2026,Lesiones dolosas,0
Soyopa,2026,Narcomenudeo con fines de venta,0
Soyopa,2026,Narcomenudeo posesión simple,0
Soyopa,2026,Otros delitos contra el patrimonio,1
Soyopa,2026,Otros delitos contra la familia,0
Soyopa,2026,Otros delitos contra la sociedad,0
Soyopa,2026,Otros delitos del Fuero Común,0
Soyopa,2026,Otros delitos que atentan contra la libertad personal,0
Soyopa,2026,Otros delitos que atentan contra la libertad y la seguridad sexual,0
Soyopa,2026,Otros delitos que atentan contra la vida y la integridad corporal,0
Soyopa,2026,Otros robos,0
Soyopa,2026,Pornografía infantil,0
Soyopa,2026,Privación ilegal de la libertad,0
Soyopa,2026,Rapto,0
Soyopa,2026,Retención o sustracción de menores e incapaces,0
Soyopa,2026,Robo a casa habitación,0
Soyopa,2026,Robo a institución bancaria,0
Soyopa,2026,Robo a negocio,0
Soyopa,2026,Robo a transeúnte en espacio abierto al público,0
Soyopa,2026,Robo a transeúnte en vía pública,0
Soyopa,2026,Robo a transportista,0
Soyopa,2026,Robo de autopartes,0
Soyopa,2026,Robo de ganado,0
Soyopa,2026,"Robo de maquinaria - Cables, tubos y otros objetos destinados a servicios públicos",0
Soyopa,2026,Robo de maquinaria - Herramienta industrial o agrícola,0
Soyopa,2026,Robo de maquinaria - Tractores y/o montacargas,0
Soyopa,2026,Robo de vehículo automotor - Coche de 4 ruedas,0
Soyopa,2026,Robo de vehículo automotor - Embarcaciones,0
Soyopa,2026,Robo de vehículo automotor - Motocicleta,0
Soyopa,2026,Robo en transporte individual,0
Soyopa,2026,Robo en transporte público colectivo,0
Soyopa,2026,Robo en transporte público individual,0
Soyopa,2026,Secuestro con calidad de rehén,0
Soyopa,2026,Secuestro exprés,0
Soyopa,2026,Secuestro extorsivo,0
Soyopa,2026,Secuestro para causar daño,0
Soyopa,2026,Suplantación y usurpación de identidad,0
Soyopa,2026,Tentativa de extorsión por otros medios,0
Soyopa,2026,Tentativa de extorsión presencial,0
Soyopa,2026,Tentativa de feminicidio,0
Soyopa,2026,Tentativa de homicidio doloso,0
Soyopa,2026,Tortura,0
Soyopa,2026,Trata de personas con fines de explotación sexual,0
Soyopa,2026,Trata de personas con fines de trabajo o servicios forzados,0
Soyopa,2026,Trata de personas con fines de tráfico de órganos,0
Soyopa,2026,Trata de personas con otros fines,0
Soyopa,2026,Tráfico de menores,0
Soyopa,2026,Violación a la intimidad sexual,0
Soyopa,2026,Violación equiparada,0
Soyopa,2026,Violación simple,0
Soyopa,2026,Violencia de género en todas sus modalidades distinta a la violencia familiar,0
Soyopa,2026,Violencia familiar,0
Suaqui Grande,2026,Aborto,0
Suaqui Grande,2026,Abuso de confianza,0
Suaqui Grande,2026,Abuso sexual,0
Suaqui Grande,2026,Acoso sexual,0
Suaqui Grande,2026,Allanamiento de morada,0
Suaqui Grande,2026,Amenazas,0
Suaqui Grande,2026,Contra el medio ambiente,0
Suaqui Grande,2026,Corrupción de menores,0
Suaqui Grande,2026,Daño a la propiedad,0
Suaqui Grande,2026,Delitos cometidos por servidores públicos,0
Suaqui Grande,2026,Delitos contra la administración de justicia,0
Suaqui Grande,2026,Despojo,0
Suaqui Grande,2026,Discriminación,0
Suaqui Grande,2026,Electorales,0
Suaqui Grande,2026,Evasión de presos,0
Suaqui Grande,2026,Extorsión por otros medios,0
Suaqui Grande,2026,Extorsión presencial,0
Suaqui Grande,2026,Falsedad,0
Suaqui Grande,2026,Falsificación,0
Suaqui Grande,2026,Feminicidio,0
Suaqui Grande,2026,Fraude,0
Suaqui Grande,2026,Homicidio culposo,0
Suaqui Grande,2026,Homicidio doloso,0
Suaqui Grande,2026,Hostigamiento sexual,0
Suaqui Grande,2026,Incesto,0
Suaqui Grande,2026,Incumplimiento de obligaciones de asistencia familiar,0
Suaqui Grande,2026,Lesiones culposas,0
Suaqui Grande,2026,Lesiones dolosas,0
Suaqui Grande,2026,Narcomenudeo con fines de venta,0
Suaqui Grande,2026,Narcomenudeo posesión simple,0
Suaqui Grande,2026,Otros delitos contra el patrimonio,0
Suaqui Grande,2026,Otros delitos contra la familia,0
Suaqui Grande,2026,Otros delitos contra la sociedad,0
Suaqui Grande,2026,Otros delitos del Fuero Común,0
Suaqui Grande,2026,Otros delitos que atentan contra la libertad personal,0
Suaqui Grande,2026,Otros delitos que atentan contra la libertad y la seguridad sexual,0
Suaqui Grande,2026,Otros delitos que atentan contra la vida y la integridad corporal,0
Suaqui Grande,2026,Otros robos,0
Suaqui Grande,2026,Pornografía infantil,0
Suaqui Grande,2026,Privación ilegal de la libertad,0
Suaqui Grande,2026,Rapto,0
Suaqui Grande,2026,Retención o sustracción de menores e incapaces,0
Suaqui Grande,2026,Robo a casa habitación,0
Suaqui Grande,2026,Robo a institución bancaria,0
Suaqui Grande,2026,Robo a negocio,0
Suaqui Grande,2026,Robo a transeúnte en espacio abierto al público,0
Suaqui Grande,2026,Robo a transeúnte en vía pública,0
Suaqui Grande,2026,Robo a transportista,0
Suaqui Grande,2026,Robo de autopartes,0
Suaqui Grande,2026,Robo de ganado,0
Suaqui Grande,2026,"Robo de maquinaria - Cables, tubos y otros objetos destinados a servicios públicos",0
Suaqui Grande,2026,Robo de maquinaria - Herramienta industrial o agrícola,0
Suaqui Grande,2026,Robo de maquinaria - Tractores y/o montacargas,0
Suaqui Grande,2026,Robo de vehículo automotor - Coche de 4 ruedas,0
Suaqui Grande,2026,Robo de vehículo automotor - Embarcaciones,0
Suaqui Grande,2026,Robo de vehículo automotor - Motocicleta,0
Suaqui Grande,2026,Robo en transporte individual,0
Suaqui Grande,2026,Robo en transporte público colectivo,0
Suaqui Grande,2026,Robo en transporte público individual,0
Suaqui Grande,2026,Secuestro con calidad de rehén,0
Suaqui Grande,2026,Secuestro exprés,0
Suaqui Grande,2026,Secuestro extorsivo,0
Suaqui Grande,2026,Secuestro para causar daño,0
Suaqui Grande,2026,Suplantación y usurpación de identidad,0
Suaqui Grande,2026,Tentativa de extorsión por otros medios,0
Suaqui Grande,2026,Tentativa de extorsión presencial,0
Suaqui Grande,2026,Tentativa de feminicidio,0
Suaqui Grande,2026,Tentativa de homicidio doloso,0
Suaqui Grande,2026,Tortura,0
Suaqui Grande,2026,Trata de personas con fines de explotación sexual,0
Suaqui Grande,2026,Trata de personas con fines de trabajo o servicios forzados,0
Suaqui Grande,2026,Trata de personas con fines de tráfico de órganos,0
Suaqui Grande,2026,Trata de personas con otros fines,0
Suaqui Grande,2026,Tráfico de menores,0
Suaqui Grande,2026,Violación a la intimidad sexual,0
Suaqui Grande,2026,Violación equiparada,0
Suaqui Grande,2026,Violación simple,0
Suaqui Grande,2026,Violencia de género en todas sus modalidades distinta a la violencia familiar,0
Suaqui Grande,2026,Violencia familiar,0
Sáric,2026,Aborto,0
Sáric,2026,Abuso de confianza,0
Sáric,2026,Abuso sexual,0
Sáric,2026,Acoso sexual,0
Sáric,2026,Allanamiento de morada,0
Sáric,2026,Amenazas,0
Sáric,2026,Contra el medio ambiente,0
Sáric,2026,Corrupción de menores,0
Sáric,2026,Daño a la propiedad,0
Sáric,2026,Delitos cometidos por servidores públicos,0
Sáric,2026,Delitos contra la administración de justicia,0
Sáric,2026,Despojo,0
Sáric,2026,Discriminación,0
Sáric,2026,Electorales,0
Sáric,2026,Evasión de presos,0
Sáric,2026,Extorsión por otros medios,0
Sáric,2026,Extorsión presencial,0
Sáric,2026,Falsedad,0
Sáric,2026,Falsificación,0
Sáric,2026,Feminicidio,0
Sáric,2026,Fraude,0
Sáric,2026,Homicidio culposo,0
Sáric,2026,Homicidio doloso,0
Sáric,2026,Hostigamiento sexual,0
Sáric,2026,Incesto,0
Sáric,2026,Incumplimiento de obligaciones de asistencia familiar,0
Sáric,2026,Lesiones culposas,0
Sáric,2026,Lesiones dolosas,0
Sáric,2026,Narcomenudeo con fines de venta,1
Sáric,2026,Narcomenudeo posesión simple,0
Sáric,2026,Otros delitos contra el patrimonio,0
Sáric,2026,Otros delitos contra la familia,0
Sáric,2026,Otros delitos contra la sociedad,0
Sáric,2026,Otros delitos del Fuero Común,5
Sáric,2026,Otros delitos que atentan contra la libertad personal,0
Sáric,2026,Otros delitos que atentan contra la libertad y la seguridad sexual,0
Sáric,2026,Otros delitos que atentan contra la vida y la integridad corporal,0
Sáric,2026,Otros robos,0
Sáric,2026,Pornografía infantil,0
Sáric,2026,Privación ilegal de la libertad,0
Sáric,2026,Rapto,0
Sáric,2026,Retención o sustracción de menores e incapaces,0
Sáric,2026,Robo a casa habitación,0
Sáric,2026,Robo a institución bancaria,0
Sáric,2026,Robo a negocio,0
Sáric,2026,Robo a transeúnte en espacio abierto al público,0
Sáric,2026,Robo a transeúnte en vía pública,0
Sáric,2026,Robo a transportista,0
Sáric,2026,Robo de autopartes,0
Sáric,2026,Robo de ganado,0
Sáric,2026,"Robo de maquinaria - Cables, tubos y otros objetos destinados a servicios públicos",0
Sáric,2026,Robo de maquinaria - Herramienta industrial o agrícola,0
Sáric,2026,Robo de maquinaria - Tractores y/o montacargas,0
Sáric,2026,Robo de vehículo automotor - Coche de 4 ruedas,0
Sáric,2026,Robo de vehículo automotor - Embarcaciones,0
Sáric,2026,Robo de vehículo automotor - Motocicleta,0
Sáric,2026,Robo en transporte individual,0
Sáric,2026,Robo en transporte público colectivo,0
Sáric,2026,Robo en transporte público individual,0
Sáric,2026,Secuestro con calidad de rehén,0
Sáric,2026,Secuestro exprés,0
Sáric,2026,Secuestro extorsivo,0
Sáric,2026,Secuestro para causar daño,0
Sáric,2026,Suplantación y usurpación de identidad,0
Sáric,2026,Tentativa de extorsión por otros medios,0
Sáric,2026,Tentativa de extorsión presencial,0
Sáric,2026,Tentativa de feminicidio,0
Sáric,2026,Tentativa de homicidio doloso,0
Sáric,2026,Tortura,0
Sáric,2026,Trata de personas con fines de explotación sexual,0
Sáric,2026,Trata de personas con fines de trabajo o servicios forzados,0
Sáric,2026,Trata de personas con fines de tráfico de órganos,0
Sáric,2026,Trata de personas con otros fines,0
Sáric,2026,Tráfico de menores,0
Sáric,2026,Violación a la intimidad sexual,0
Sáric,2026,Violación equiparada,0
Sáric,2026,Violación simple,0
Sáric,2026,Violencia de género en todas sus modalidades distinta a la violencia familiar,0
Sáric,2026,Violencia familiar,0
Tepache,2026,Aborto,0
Tepache,2026,Abuso de confianza,0
Tepache,2026,Abuso sexual,0
Tepache,2026,Acoso sexual,0
Tepache,2026,Allanamiento de morada,0
Tepache,2026,Amenazas,0
Tepache,2026,Contra el medio ambiente,0
Tepache,2026,Corrupción de menores,0
Tepache,2026,Daño a la propiedad,0
Tepache,2026,Delitos cometidos por servidores públicos,0
Tepache,2026,Delitos contra la administración de justicia,0
Tepache,2026,Despojo,0
Tepache,2026,Discriminación,0
Tepache,2026,Electorales,0
Tepache,2026,Evasión de presos,0
Tepache,2026,Extorsión por otros medios,0
Tepache,2026,Extorsión presencial,0
Tepache,2026,Falsedad,0
Tepache,2026,Falsificación,0
Tepache,2026,Feminicidio,0
Tepache,2026,Fraude,0
Tepache,2026,Homicidio culposo,0
Tepache,2026,Homicidio doloso,0
Tepache,2026,Hostigamiento sexual,0
Tepache,2026,Incesto,0
Tepache,2026,Incumplimiento de obligaciones de asistencia familiar,0
Tepache,2026,Lesiones culposas,0
Tepache,2026,Lesiones dolosas,1
Tepache,2026,Narcomenudeo con fines de venta,3
Tepache,2026,Narcomenudeo posesión simple,0
Tepache,2026,Otros delitos contra el patrimonio,0
Tepache,2026,Otros delitos contra la familia,0
Tepache,2026,Otros delitos contra la sociedad,0
Tepache,2026,Otros delitos del Fuero Común,0
Tepache,2026,Otros delitos que atentan contra la libertad personal,0
Tepache,2026,Otros delitos que atentan contra la libertad y la seguridad sexual,0
Tepache,2026,Otros delitos que atentan contra la vida y la integridad corporal,0
Tepache,2026,Otros robos,0
Tepache,2026,Pornografía infantil,0
Tepache,2026,Privación ilegal de la libertad,0
Tepache,2026,Rapto,0
Tepache,2026,Retención o sustracción de menores e incapaces,0
Tepache,2026,Robo a casa habitación,0
Tepache,2026,Robo a institución bancaria,0
Tepache,2026,Robo a negocio,0
Tepache,2026,Robo a transeúnte en espacio abierto al público,0
Tepache,2026,Robo a transeúnte en vía pública,0
Tepache,2026,Robo a transportista,0
Tepache,2026,Robo de autopartes,0
Tepache,2026,Robo de ganado,0
Tepache,2026,"Robo de maquinaria - Cables, tubos y otros objetos destinados a servicios públicos",0
Tepache,2026,Robo de maquinaria - Herramienta industrial o agrícola,0
Tepache,2026,Robo de maquinaria - Tractores y/o montacargas,0
Tepache,2026,Robo de vehículo automotor - Coche de 4 ruedas,0
Tepache,2026,Robo de vehículo automotor - Embarcaciones,0
Tepache,2026,Robo de vehículo automotor - Motocicleta,0
Tepache,2026,Robo en transporte individual,0
Tepache,2026,Robo en transporte público colectivo,0
Tepache,2026,Robo en transporte público individual,0
Tepache,2026,Secuestro con calidad de rehén,0
Tepache,2026,Secuestro exprés,0
Tepache,2026,Secuestro extorsivo,0
Tepache,2026,Secuestro para causar daño,0
Tepache,2026,Suplantación y usurpación de identidad,0
Tepache,2026,Tentativa de extorsión por otros medios,0
Tepache,2026,Tentativa de extorsión presencial,0
Tepache,2026,Tentativa de feminicidio,0
Tepache,2026,Tentativa de homicidio doloso,0
Tepache,2026,Tortura,0
Tepache,2026,Trata de personas con fines de explotación sexual,0
Tepache,2026,Trata de personas con fines de trabajo o servicios forzados,0
Tepache,2026,Trata de personas con fines de tráfico de órganos,0
Tepache,2026,Trata de personas con otros fines,0
Tepache,2026,Tráfico de menores,0
Tepache,2026,Violación a la intimidad sexual,0
Tepache,2026,Violación equiparada,0
Tepache,2026,Violación simple,0
Tepache,2026,Violencia de género en todas sus modalidades distinta a la violencia familiar,0
Tepache,2026,Violencia familiar,0
Trincheras,2026,Aborto,0
Trincheras,2026,Abuso de confianza,0
Trincheras,2026,Abuso sexual,0
Trincheras,2026,Acoso sexual,0
Trincheras,2026,Allanamiento de morada,0
Trincheras,2026,Amenazas,0
Trincheras,2026,Contra el medio ambiente,0
Trincheras,2026,Corrupción de menores,0
Trincheras,2026,Daño a la propiedad,0
Trincheras,2026,Delitos cometidos por servidores públicos,0
Trincheras,2026,Delitos contra la administración de justicia,0
Trincheras,2026,Despojo,1
Trincheras,2026,Discriminación,0
Trincheras,2026,Electorales,0
Trincheras,2026,Evasión de presos,0
Trincheras,2026,Extorsión por otros medios,0
Trincheras,2026,Extorsión presencial,0
Trincheras,2026,Falsedad,0
Trincheras,2026,Falsificación,0
Trincheras,2026,Feminicidio,0
Trincheras,2026,Fraude,0
Trincheras,2026,Homicidio culposo,0
Trincheras,2026,Homicidio doloso,0
Trincheras,2026,Hostigamiento sexual,0
Trincheras,2026,Incesto,0
Trincheras,2026,Incumplimiento de obligaciones de asistencia familiar,0
Trincheras,2026,Lesiones culposas,0
Trincheras,2026,Lesiones dolosas,0
Trincheras,2026,Narcomenudeo con fines de venta,0
Trincheras,2026,Narcomenudeo posesión simple,0
Trincheras,2026,Otros delitos contra el patrimonio,1
Trincheras,2026,Otros delitos contra la familia,0
Trincheras,2026,Otros delitos contra la sociedad,0
Trincheras,2026,Otros delitos del Fuero Común,0
Trincheras,2026,Otros delitos que atentan contra la libertad personal,0
Trincheras,2026,Otros delitos que atentan contra la libertad y la seguridad sexual,0
Trincheras,2026,Otros delitos que atentan contra la vida y la integridad corporal,0
Trincheras,2026,Otros robos,0
Trincheras,2026,Pornografía infantil,0
Trincheras,2026,Privación ilegal de la libertad,0
Trincheras,2026,Rapto,0
Trincheras,2026,Retención o sustracción de menores e incapaces,0
Trincheras,2026,Robo a casa habitación,0
Trincheras,2026,Robo a institución bancaria,0
Trincheras,2026,Robo a negocio,0
Trincheras,2026,Robo a transeúnte en espacio abierto al público,0
Trincheras,2026,Robo a transeúnte en vía pública,0
Trincheras,2026,Robo a transportista,0
Trincheras,2026,Robo de autopartes,0
Trincheras,2026,Robo de ganado,0
Trincheras,2026,"Robo de maquinaria - Cables, tubos y otros objetos destinados a servicios públicos",0
Trincheras,2026,Robo de maquinaria - Herramienta industrial o agrícola,0
Trincheras,2026,Robo de maquinaria - Tractores y/o montacargas,0
Trincheras,2026,Robo de vehículo automotor - Coche de 4 ruedas,0
Trincheras,2026,Robo de vehículo automotor - Embarcaciones,0
Trincheras,2026,Robo de vehículo automotor - Motocicleta,0
Trincheras,2026,Robo en transporte individual,0
Trincheras,2026,Robo en transporte público colectivo,0
Trincheras,2026,Robo en transporte público individual,0
Trincheras,2026,Secuestro con calidad de rehén,0
Trincheras,2026,Secuestro exprés,0
Trincheras,2026,Secuestro extorsivo,0
Trincheras,2026,Secuestro para causar daño,0
Trincheras,2026,Suplantación y usurpación de identidad,0
Trincheras,2026,Tentativa de extorsión por otros medios,0
Trincheras,2026,Tentativa de extorsión presencial,0
Trincheras,2026,Tentativa de feminicidio,0
Trincheras,2026,Tentativa de homicidio doloso,0
Trincheras,2026,Tortura,0
Trincheras,2026,Trata de personas con fines de explotación sexual,0
Trincheras,2026,Trata de personas con fines de trabajo o servicios forzados,0
Trincheras,2026,Trata de personas con fines de tráfico de órganos,0
Trincheras,2026,Trata de personas con otros fines,0
Trincheras,2026,Tráfico de menores,0
Trincheras,2026,Violación a la intimidad sexual,0
Trincheras,2026,Violación equiparada,0
Trincheras,2026,Violación simple,0
Trincheras,2026,Violencia de género en todas sus modalidades distinta a la violencia familiar,0
Trincheras,2026,Violencia familiar,0
Tubutama,2026,Aborto,0
Tubutama,2026,Abuso de confianza,0
Tubutama,2026,Abuso sexual,0
Tubutama,2026,Acoso sexual,0
Tubutama,2026,Allanamiento de morada,0
Tubutama,2026,Amenazas,0
Tubutama,2026,Contra el medio ambiente,0
Tubutama,2026,Corrupción de menores,0
Tubutama,2026,Daño a la propiedad,0
Tubutama,2026,Delitos cometidos por servidores públicos,0
Tubutama,2026,Delitos contra la administración de justicia,0
Tubutama,2026,Despojo,0
Tubutama,2026,Discriminación,0
Tubutama,2026,Electorales,0
Tubutama,2026,Evasión de presos,0
Tubutama,2026,Extorsión por otros medios,0
Tubutama,2026,Extorsión presencial,0
Tubutama,2026,Falsedad,0
Tubutama,2026,Falsificación,0
Tubutama,2026,Feminicidio,0
Tubutama,2026,Fraude,0
Tubutama,2026,Homicidio culposo,0
Tubutama,2026,Homicidio doloso,0
Tubutama,2026,Hostigamiento sexual,0
Tubutama,2026,Incesto,0
Tubutama,2026,Incumplimiento de obligaciones de asistencia familiar,0
Tubutama,2026,Lesiones culposas,0
Tubutama,2026,Lesiones dolosas,0
Tubutama,2026,Narcomenudeo con fines de venta,0
Tubutama,2026,Narcomenudeo posesión simple,0
Tubutama,2026,Otros delitos contra el patrimonio,0
Tubutama,2026,Otros delitos contra la familia,0
Tubutama,2026,Otros delitos contra la sociedad,0
Tubutama,2026,Otros delitos del Fuero Común,0
Tubutama,2026,Otros delitos que atentan contra la libertad personal,0
Tubutama,2026,Otros delitos que atentan contra la libertad y la seguridad sexual,0
Tubutama,2026,Otros delitos que atentan contra la vida y la integridad corporal,1
Tubutama,2026,Otros robos,0
Tubutama,2026,Pornografía infantil,0
Tubutama,2026,Privación ilegal de la libertad,0
Tubutama,2026,Rapto,0
Tubutama,2026,Retención o sustracción de menores e incapaces,0
Tubutama,2026,Robo a casa habitación,0
Tubutama,2026,Robo a institución bancaria,0
Tubutama,2026,Robo a negocio,0
Tubutama,2026,Robo a transeúnte en espacio abierto al público,0
Tubutama,2026,Robo a transeúnte en vía pública,0
Tubutama,2026,Robo a transportista,0
Tubutama,2026,Robo de autopartes,0
Tubutama,2026,Robo de ganado,0
Tubutama,2026,"Robo de maquinaria - Cables, tubos y otros objetos destinados a servicios públicos",0
Tubutama,2026,Robo de maquinaria - Herramienta industrial o agrícola,0
Tubutama,2026,Robo de maquinaria - Tractores y/o montacargas,0
Tubutama,2026,Robo de vehículo automotor - Coche de 4 ruedas,0
Tubutama,2026,Robo de vehículo automotor - Embarcaciones,0
Tubutama,2026,Robo de vehículo automotor - Motocicleta,0
Tubutama,2026,Robo en transporte individual,0
Tubutama,2026,Robo en transporte público colectivo,0
Tubutama,2026,Robo en transporte público individual,0
Tubutama,2026,Secuestro con calidad de rehén,0
Tubutama,2026,Secuestro exprés,0
Tubutama,2026,Secuestro extorsivo,0
Tubutama,2026,Secuestro para causar daño,0
Tubutama,2026,Suplantación y usurpación de identidad,0
Tubutama,2026,Tentativa de extorsión por otros medios,0
Tubutama,2026,Tentativa de extorsión presencial,0
Tubutama,2026,Tentativa de feminicidio,0
Tubutama,2026,Tentativa de homicidio doloso,0
Tubutama,2026,Tortura,0
Tubutama,2026,Trata de personas con fines de explotación sexual,0
Tubutama,2026,Trata de personas con fines de trabajo o servicios forzados,0
Tubutama,2026,Trata de personas con fines de tráfico de órganos,0
Tubutama,2026,Trata de personas con otros fines,0
Tubutama,2026,Tráfico de menores,0
Tubutama,2026,Violación a la intimidad sexual,0
Tubutama,2026,Violación equiparada,0
Tubutama,2026,Violación simple,0
Tubutama,2026,Violencia de género en todas sus modalidades distinta a la violencia familiar,0
Tubutama,2026,Violencia familiar,0
Ures,2026,Aborto,0
Ures,2026,Abuso de confianza,0
Ures,2026,Abuso sexual,0
Ures,2026,Acoso sexual,0
Ures,2026,Allanamiento de morada,1
Ures,2026,Amenazas,0
Ures,2026,Contra el medio ambiente,0
Ures,2026,Corrupción de menores,0
Ures,2026,Daño a la propiedad,6
Ures,2026,Delitos cometidos por servidores públicos,0
Ures,2026,Delitos contra la administración de justicia,0
Ures,2026,Despojo,0
Ures,2026,Discriminación,0
Ures,2026,Electorales,0
Ures,2026,Evasión de presos,0
Ures,2026,Extorsión por otros medios,0
Ures,2026,Extorsión presencial,0
Ures,2026,Falsedad,0
Ures,2026,Falsificación,0
Ures,2026,Feminicidio,0
Ures,2026,Fraude,0
Ures,2026,Homicidio culposo,0
Ures,2026,Homicidio doloso,0
Ures,2026,Hostigamiento sexual,0
Ures,2026,Incesto,0
Ures,2026,Incumplimiento de obligaciones de asistencia familiar,0
Ures,2026,Lesiones culposas,2
Ures,2026,Lesiones dolosas,0
Ures,2026,Narcomenudeo con fines de venta,1
Ures,2026,Narcomenudeo posesión simple,0
Ures,2026,Otros delitos contra el patrimonio,0
Ures,2026,Otros delitos contra la familia,0
Ures,2026,Otros delitos contra la sociedad,0
Ures,2026,Otros delitos del Fuero Común,1
Ures,2026,Otros delitos que atentan contra la libertad personal,0
Ures,2026,Otros delitos que atentan contra la libertad y la seguridad sexual,0
Ures,2026,Otros delitos que atentan contra la vida y la integridad corporal,0
Ures,2026,Otros robos,4
Ures,2026,Pornografía infantil,0
Ures,2026,Privación ilegal de la libertad,0
Ures,2026,Rapto,0
Ures,2026,Retención o sustracción de menores e incapaces,0
Ures,2026,Robo a casa habitación,0
Ures,2026,Robo a institución bancaria,0
Ures,2026,Robo a negocio,1
Ures,2026,Robo a transeúnte en espacio abierto al público,0
Ures,2026,Robo a transeúnte en vía pública,0
Ures,2026,Robo a transportista,0
Ures,2026,Robo de autopartes,0
Ures,2026,Robo de ganado,0
Ures,2026,"Robo de maquinaria - Cables, tubos y otros objetos destinados a servicios públicos",0
Ures,2026,Robo de maquinaria - Herramienta industrial o agrícola,0
Ures,2026,Robo de maquinaria - Tractores y/o montacargas,0
Ures,2026,Robo de vehículo automotor - Coche de 4 ruedas,3
Ures,2026,Robo de vehículo automotor - Embarcaciones,0
Ures,2026,Robo de vehículo automotor - Motocicleta,1
Ures,2026,Robo en transporte individual,0
Ures,2026,Robo en transporte público colectivo,0
Ures,2026,Robo en transporte público individual,0
Ures,2026,Secuestro con calidad de rehén,0
Ures,2026,Secuestro exprés,0
Ures,2026,Secuestro extorsivo,0
Ures,2026,Secuestro para causar daño,0
Ures,2026,Suplantación y usurpación de identidad,0
Ures,2026,Tentativa de extorsión por otros medios,0
Ures,2026,Tentativa de extorsión presencial,0
Ures,2026,Tentativa de feminicidio,0
Ures,2026,Tentativa de homicidio doloso,0
Ures,2026,Tortura,0
Ures,2026,Trata de personas con fines de explotación sexual,0
Ures,2026,Trata de personas con fines de trabajo o servicios forzados,0
Ures,2026,Trata de personas con fines de tráfico de órganos,0
Ures,2026,Trata de personas con otros fines,0
Ures,2026,Tráfico de menores,0
Ures,2026,Violación a la intimidad sexual,0
Ures,2026,Violación equiparada,0
Ures,2026,Violación simple,0
Ures,2026,Violencia de género en todas sus modalidades distinta a la violencia familiar,0
Ures,2026,Violencia familiar,4
Villa Hidalgo,2026,Aborto,0
Villa Hidalgo,2026,Abuso de confianza,0
Villa Hidalgo,2026,Abuso sexual,1
Villa Hidalgo,2026,Acoso sexual,0
Villa Hidalgo,2026,Allanamiento de morada,1
Villa Hidalgo,2026,Amenazas,0
Villa Hidalgo,2026,Contra el medio ambiente,0
Villa Hidalgo,2026,Corrupción de menores,0
Villa Hidalgo,2026,Daño a la propiedad,0
Villa Hidalgo,2026,Delitos cometidos por servidores públicos,0
Villa Hidalgo,2026,Delitos contra la administración de justicia,0
Villa Hidalgo,2026,Despojo,0
Villa Hidalgo,2026,Discriminación,0
Villa Hidalgo,2026,Electorales,0
Villa Hidalgo,2026,Evasión de presos,0
Villa Hidalgo,2026,Extorsión por otros medios,0
Villa Hidalgo,2026,Extorsión presencial,0
Villa Hidalgo,2026,Falsedad,0
Villa Hidalgo,2026,Falsificación,0
Villa Hidalgo,2026,Feminicidio,0
Villa Hidalgo,2026,Fraude,0
Villa Hidalgo,2026,Homicidio culposo,0
Villa Hidalgo,2026,Homicidio doloso,0
Villa Hidalgo,2026,Hostigamiento sexual,0
Villa Hidalgo,2026,Incesto,0
Villa Hidalgo,2026,Incumplimiento de obligaciones de asistencia familiar,0
Villa Hidalgo,2026,Lesiones culposas,0
Villa Hidalgo,2026,Lesiones dolosas,0
Villa Hidalgo,2026,Narcomenudeo con fines de venta,0
Villa Hidalgo,2026,Narcomenudeo posesión simple,0
Villa Hidalgo,2026,Otros delitos contra el patrimonio,0
Villa Hidalgo,2026,Otros delitos contra la familia,0
Villa Hidalgo,2026,Otros delitos contra la sociedad,0
Villa Hidalgo,2026,Otros delitos del Fuero Común,0
Villa Hidalgo,2026,Otros delitos que atentan contra la libertad personal,0
Villa Hidalgo,2026,Otros delitos que atentan contra la libertad y la seguridad sexual,0
Villa Hidalgo,2026,Otros delitos que atentan contra la vida y la integridad corporal,0
Villa Hidalgo,2026,Otros robos,0
Villa Hidalgo,2026,Pornografía infantil,0
Villa Hidalgo,2026,Privación ilegal de la libertad,0
Villa Hidalgo,2026,Rapto,0
Villa Hidalgo,2026,Retención o sustracción de menores e incapaces,0
Villa Hidalgo,2026,Robo a casa habitación,0
Villa Hidalgo,2026,Robo a institución bancaria,0
Villa Hidalgo,2026,Robo a negocio,0
Villa Hidalgo,2026,Robo a transeúnte en espacio abierto al público,0
Villa Hidalgo,2026,Robo a transeúnte en vía pública,0
Villa Hidalgo,2026,Robo a transportista,0
Villa Hidalgo,2026,Robo de autopartes,0
Villa Hidalgo,2026,Robo de ganado,0
Villa Hidalgo,2026,"Robo de maquinaria - Cables, tubos y otros objetos destinados a servicios públicos",0
Villa Hidalgo,2026,Robo de maquinaria - Herramienta industrial o agrícola,0
Villa Hidalgo,2026,Robo de maquinaria - Tractores y/o montacargas,0
Villa Hidalgo,2026,Robo de vehículo automotor - Coche de 4 ruedas,0
Villa Hidalgo,2026,Robo de vehículo automotor - Embarcaciones,0
Villa Hidalgo,2026,Robo de vehículo automotor - Motocicleta,0
Villa Hidalgo,2026,Robo en transporte individual,0
Villa Hidalgo,2026,Robo en transporte público colectivo,0
Villa Hidalgo,2026,Robo en transporte público individual,0
Villa Hidalgo,2026,Secuestro con calidad de rehén,0
Villa Hidalgo,2026,Secuestro exprés,0
Villa Hidalgo,2026,Secuestro extorsivo,0
Villa Hidalgo,2026,Secuestro para causar daño,0
Villa Hidalgo,2026,Suplantación y usurpación de identidad,0
Villa Hidalgo,2026,Tentativa de extorsión por otros medios,0
Villa Hidalgo,2026,Tentativa de extorsión presencial,0
Villa Hidalgo,2026,Tentativa de feminicidio,0
Villa Hidalgo,2026,Tentativa de homicidio doloso,0
Villa Hidalgo,2026,Tortura,0
Villa Hidalgo,2026,Trata de personas con fines de explotación sexual,0
Villa Hidalgo,2026,Trata de personas con fines de trabajo o servicios forzados,0
Villa Hidalgo,2026,Trata de personas con fines de tráfico de órganos,0
Villa Hidalgo,2026,Trata de personas con otros fines,0
Villa Hidalgo,2026,Tráfico de menores,0
Villa Hidalgo,2026,Violación a la intimidad sexual,0
Villa Hidalgo,2026,Violación equiparada,0
Villa Hidalgo,2026,Violación simple,0
Villa Hidalgo,2026,Violencia de género en todas sus modalidades distinta a la violencia familiar,0
Villa Hidalgo,2026,Violencia familiar,0
Villa Pesqueira,2026,Aborto,0
Villa Pesqueira,2026,Abuso de confianza,0
Villa Pesqueira,2026,Abuso sexual,0
Villa Pesqueira,2026,Acoso sexual,0
Villa Pesqueira,2026,Allanamiento de morada,0
Villa Pesqueira,2026,Amenazas,0
Villa Pesqueira,2026,Contra el medio ambiente,0
Villa Pesqueira,2026,Corrupción de menores,0
Villa Pesqueira,2026,Daño a la propiedad,0
Villa Pesqueira,2026,Delitos cometidos por servidores públicos,0
Villa Pesqueira,2026,Delitos contra la administración de justicia,0
Villa Pesqueira,2026,Despojo,0
Villa Pesqueira,2026,Discriminación,0
Villa Pesqueira,2026,Electorales,0
Villa Pesqueira,2026,Evasión de presos,0
Villa Pesqueira,2026,Extorsión por otros medios,0
Villa Pesqueira,2026,Extorsión presencial,0
Villa Pesqueira,2026,Falsedad,0
Villa Pesqueira,2026,Falsificación,0
Villa Pesqueira,2026,Feminicidio,0
Villa Pesqueira,2026,Fraude,0
Villa Pesqueira,2026,Homicidio culposo,0
Villa Pesqueira,2026,Homicidio doloso,0
Villa Pesqueira,2026,Hostigamiento sexual,0
Villa Pesqueira,2026,Incesto,0
Villa Pesqueira,2026,Incumplimiento de obligaciones de asistencia familiar,0
Villa Pesqueira,2026,Lesiones culposas,0
Villa Pesqueira,2026,Lesiones dolosas,0
Villa Pesqueira,2026,Narcomenudeo con fines de venta,0
Villa Pesqueira,2026,Narcomenudeo posesión simple,0
Villa Pesqueira,2026,Otros delitos contra el patrimonio,0
Villa Pesqueira,2026,Otros delitos contra la familia,0
Villa Pesqueira,2026,Otros delitos contra la sociedad,0
Villa Pesqueira,2026,Otros delitos del Fuero Común,0
Villa Pesqueira,2026,Otros delitos que atentan contra la libertad personal,0
Villa Pesqueira,2026,Otros delitos que atentan contra la libertad y la seguridad sexual,0
Villa Pesqueira,2026,Otros delitos que atentan contra la vida y la integridad corporal,0
Villa Pesqueira,2026,Otros robos,0
Villa Pesqueira,2026,Pornografía infantil,0
Villa Pesqueira,2026,Privación ilegal de la libertad,0
Villa Pesqueira,2026,Rapto,0
Villa Pesqueira,2026,Retención o sustracción de menores e incapaces,0
Villa Pesqueira,2026,Robo a casa habitación,0
Villa Pesqueira,2026,Robo a institución bancaria,0
Villa Pesqueira,2026,Robo a negocio,0
Villa Pesqueira,2026,Robo a transeúnte en espacio abierto al público,0
Villa Pesqueira,2026,Robo a transeúnte en vía pública,0
Villa Pesqueira,2026,Robo a transportista,0
Villa Pesqueira,2026,Robo de autopartes,0
Villa Pesqueira,2026,Robo de ganado,0
Villa Pesqueira,2026,"Robo de maquinaria - Cables, tubos y otros objetos destinados a servicios públicos",0
Villa Pesqueira,2026,Robo de maquinaria - Herramienta industrial o agrícola,0
Villa Pesqueira,2026,Robo de maquinaria - Tractores y/o montacargas,0
Villa Pesqueira,2026,Robo de vehículo automotor - Coche de 4 ruedas,0
Villa Pesqueira,2026,Robo de vehículo automotor - Embarcaciones,0
Villa Pesqueira,2026,Robo de vehículo automotor - Motocicleta,0
Villa Pesqueira,2026,Robo en transporte individual,0
Villa Pesqueira,2026,Robo en transporte público colectivo,0
Villa Pesqueira,2026,Robo en transporte público individual,0
Villa Pesqueira,2026,Secuestro con calidad de rehén,0
Villa Pesqueira,2026,Secuestro exprés,0
Villa Pesqueira,2026,Secuestro extorsivo,0
Villa Pesqueira,2026,Secuestro para causar daño,0
Villa Pesqueira,2026,Suplantación y usurpación de identidad,0
Villa Pesqueira,2026,Tentativa de extorsión por otros medios,0
Villa Pesqueira,2026,Tentativa de extorsión presencial,0
Villa Pesqueira,2026,Tentativa de feminicidio,0
Villa Pesqueira,2026,Tentativa de homicidio doloso,0
Villa Pesqueira,2026,Tortura,0
Villa Pesqueira,2026,Trata de personas con fines de explotación sexual,0
Villa Pesqueira,2026,Trata de personas con fines de trabajo o servicios forzados,0
Villa Pesqueira,2026,Trata de personas con fines de tráfico de órganos,0
Villa Pesqueira,2026,Trata de personas con otros fines,0
Villa Pesqueira,2026,Tráfico de menores,0
Villa Pesqueira,2026,Violación a la intimidad sexual,0
Villa Pesqueira,2026,Violación equiparada,0
Villa Pesqueira,2026,Violación simple,0
Villa Pesqueira,2026,Violencia de género en todas sus modalidades distinta a la violencia familiar,0
Villa Pesqueira,2026,Violencia familiar,0
Yécora,2026,Aborto,0
Yécora,2026,Abuso de confianza,0
Yécora,2026,Abuso sexual,0
Yécora,2026,Acoso sexual,0
Yécora,2026,Allanamiento de morada,0
Yécora,2026,Amenazas,0
Yécora,2026,Contra el medio ambiente,0
Yécora,2026,Corrupción de menores,0
Yécora,2026,Daño a la propiedad,1
Yécora,2026,Delitos cometidos por servidores públicos,0
Yécora,2026,Delitos contra la administración de justicia,0
Yécora,2026,Despojo,0
Yécora,2026,Discriminación,0
Yécora,2026,Electorales,0
Yécora,2026,Evasión de presos,0
Yécora,2026,Extorsión por otros medios,0
Yécora,2026,Extorsión presencial,0
Yécora,2026,Falsedad,0
Yécora,2026,Falsificación,0
Yécora,2026,Feminicidio,0
Yécora,2026,Fraude,0
Yécora,2026,Homicidio culposo,0
Yécora,2026,Homicidio doloso,0
Yécora,2026,Hostigamiento sexual,0
Yécora,2026,Incesto,0
Yécora,2026,Incumplimiento de obligaciones de asistencia familiar,0
Yécora,2026,Lesiones culposas,0
Yécora,2026,Lesiones dolosas,0
Yécora,2026,Narcomenudeo con fines de venta,1
Yécora,2026,Narcomenudeo posesión simple,0
Yécora,2026,Otros delitos contra el patrimonio,0
Yécora,2026,Otros delitos contra la familia,0
Yécora,2026,Otros delitos contra la sociedad,0
Yécora,2026,Otros delitos del Fuero Común,1
Yécora,2026,Otros delitos que atentan contra la libertad personal,0
Yécora,2026,Otros delitos que atentan contra la libertad y la seguridad sexual,0
Yécora,2026,Otros delitos que atentan contra la vida y la integridad corporal,0
Yécora,2026,Otros robos,0
Yécora,2026,Pornografía infantil,0
Yécora,2026,Privación ilegal de la libertad,0
Yécora,2026,Rapto,0
Yécora,2026,Retención o sustracción de menores e incapaces,0
Yécora,2026,Robo a casa habitación,0
Yécora,2026,Robo a institución bancaria,0
Yécora,2026,Robo a negocio,0
Yécora,2026,Robo a transeúnte en espacio abierto al público,0
Yécora,2026,Robo a transeúnte en vía pública,0
Yécora,2026,Robo a transportista,0
Yécora,2026,Robo de autopartes,0
Yécora,2026,Robo de ganado,0
Yécora,2026,"Robo de maquinaria - Cables, tubos y otros objetos destinados a servicios públicos",0
Yécora,2026,Robo de maquinaria - Herramienta industrial o agrícola,0
Yécora,2026,Robo de maquinaria - Tractores y/o montacargas,0
Yécora,2026,Robo de vehículo automotor - Coche de 4 ruedas,0
Yécora,2026,Robo de vehículo automotor - Embarcaciones,0
Yécora,2026,Robo de vehículo automotor - Motocicleta,0
Yécora,2026,Robo en transporte individual,0
Yécora,2026,Robo en transporte público colectivo,0
Yécora,2026,Robo en transporte público individual,0
Yécora,2026,Secuestro con calidad de rehén,0
Yécora,2026,Secuestro exprés,0
Yécora,2026,Secuestro extorsivo,0
Yécora,2026,Secuestro para causar daño,0
Yécora,2026,Suplantación y usurpación de identidad,0
Yécora,2026,Tentativa de extorsión por otros medios,0
Yécora,2026,Tentativa de extorsión presencial,0
Yécora,2026,Tentativa de feminicidio,0
Yécora,2026,Tentativa de homicidio doloso,0
Yécora,2026,Tortura,0
Yécora,2026,Trata de personas con fines de explotación sexual,0
Yécora,2026,Trata de personas con fines de trabajo o servicios forzados,0
Yécora,2026,Trata de personas con fines de tráfico de órganos,0
Yécora,2026,Trata de personas con otros fines,0
Yécora,2026,Tráfico de menores,0
Yécora,2026,Violación a la intimidad sexual,0
Yécora,2026,Violación equiparada,0
Yécora,2026,Violación simple,0
Yécora,2026,Violencia de género en todas sus modalidades distinta a la violencia familiar,0
Yécora,2026,Violencia familiar,2
Álamos,2026,Aborto,0
Álamos,2026,Abuso de confianza,1
Álamos,2026,Abuso sexual,1
Álamos,2026,Acoso sexual,0
Álamos,2026,Allanamiento de morada,0
Álamos,2026,Amenazas,1
Álamos,2026,Contra el medio ambiente,0
Álamos,2026,Corrupción de menores,0
Álamos,2026,Daño a la propiedad,1
Álamos,2026,Delitos cometidos por servidores públicos,0
Álamos,2026,Delitos contra la administración de justicia,0
Álamos,2026,Despojo,0
Álamos,2026,Discriminación,0
Álamos,2026,Electorales,0
Álamos,2026,Evasión de presos,0
Álamos,2026,Extorsión por otros medios,0
Álamos,2026,Extorsión presencial,0
Álamos,2026,Falsedad,0
Álamos,2026,Falsificación,0
Álamos,2026,Feminicidio,0
Álamos,2026,Fraude,0
Álamos,2026,Homicidio culposo,0
Álamos,2026,Homicidio doloso,1
Álamos,2026,Hostigamiento sexual,0
Álamos,2026,Incesto,0
Álamos,2026,Incumplimiento de obligaciones de asistencia familiar,3
Álamos,2026,Lesiones culposas,1
Álamos,2026,Lesiones dolosas,3
Álamos,2026,Narcomenudeo con fines de venta,0
Álamos,2026,Narcomenudeo posesión simple,0
Álamos,2026,Otros delitos contra el patrimonio,0
Álamos,2026,Otros delitos contra la familia,0
Álamos,2026,Otros delitos contra la sociedad,0
Álamos,2026,Otros delitos del Fuero Común,0
Álamos,2026,Otros delitos que atentan contra la libertad personal,0
Álamos,2026,Otros delitos que atentan contra la libertad y la seguridad sexual,0
Álamos,2026,Otros delitos que atentan contra la vida y la integridad corporal,0
Álamos,2026,Otros robos,1
Álamos,2026,Pornografía infantil,0
Álamos,2026,Privación ilegal de la libertad,0
Álamos,2026,Rapto,0
Álamos,2026,Retención o sustracción de menores e incapaces,0
Álamos,2026,Robo a casa habitación,0
Álamos,2026,Robo a institución bancaria,0
Álamos,2026,Robo a negocio,0
Álamos,2026,Robo a transeúnte en espacio abierto al público,0
Álamos,2026,Robo a transeúnte en vía pública,0
Álamos,2026,Robo a transportista,0
Álamos,2026,Robo de autopartes,0
Álamos,2026,Robo de ganado,0
Álamos,2026,"Robo de maquinaria - Cables, tubos y otros objetos destinados a servicios públicos",0
Álamos,2026,Robo de maquinaria - Herramienta industrial o agrícola,0
Álamos,2026,Robo de maquinaria - Tractores y/o montacargas,0
Álamos,2026,Robo de vehículo automotor - Coche de 4 ruedas,0
Álamos,2026,Robo de vehículo automotor - Embarcaciones,0
Álamos,2026,Robo de vehículo automotor - Motocicleta,0
Álamos,2026,Robo en transporte individual,0
Álamos,2026,Robo en transporte público colectivo,0
Álamos,2026,Robo en transporte público individual,0
Álamos,2026,Secuestro con calidad de rehén,0
Álamos,2026,Secuestro exprés,0
Álamos,2026,Secuestro extorsivo,0
Álamos,2026,Secuestro para causar daño,0
Álamos,2026,Suplantación y usurpación de identidad,0
Álamos,2026,Tentativa de extorsión por otros medios,0
Álamos,2026,Tentativa de extorsión presencial,0
Álamos,2026,Tentativa de feminicidio,1
Álamos,2026,Tentativa de homicidio doloso,0
Álamos,2026,Tortura,0
Álamos,2026,Trata de personas con fines de explotación sexual,0
Álamos,2026,Trata de personas con fines de trabajo o servicios forzados,0
Álamos,2026,Trata de personas con fines de tráfico de órganos,0
Álamos,2026,Trata de personas con otros fines,0
Álamos,2026,Tráfico de menores,0
Álamos,2026,Violación a la intimidad sexual,0
Álamos,2026,Violación equiparada,0
Álamos,2026,Violación simple,0
Álamos,2026,Violencia de género en todas sus modalidades distinta a la violencia familiar,0
Álamos,2026,Violencia familiar,7
Ónavas,2026,Aborto,0
Ónavas,2026,Abuso de confianza,0
Ónavas,2026,Abuso sexual,0
Ónavas,2026,Acoso sexual,0
Ónavas,2026,Allanamiento de morada,0
Ónavas,2026,Amenazas,0
Ónavas,2026,Contra el medio ambiente,0
Ónavas,2026,Corrupción de menores,0
Ónavas,2026,Daño a la propiedad,0
Ónavas,2026,Delitos cometidos por servidores públicos,0
Ónavas,2026,Delitos contra la administración de justicia,0
Ónavas,2026,Despojo,0
Ónavas,2026,Discriminación,0
Ónavas,2026,Electorales,0
Ónavas,2026,Evasión de presos,0
Ónavas,2026,Extorsión por otros medios,0
Ónavas,2026,Extorsión presencial,0
Ónavas,2026,Falsedad,0
Ónavas,2026,Falsificación,0
Ónavas,2026,Feminicidio,0
Ónavas,2026,Fraude,0
Ónavas,2026,Homicidio culposo,0
Ónavas,2026,Homicidio doloso,0
Ónavas,2026,Hostigamiento sexual,0
Ónavas,2026,Incesto,0
Ónavas,2026,Incumplimiento de obligaciones de asistencia familiar,0
Ónavas,2026,Lesiones culposas,0
Ónavas,2026,Lesiones dolosas,0
Ónavas,2026,Narcomenudeo con fines de venta,0
Ónavas,2026,Narcomenudeo posesión simple,0
Ónavas,2026,Otros delitos contra el patrimonio,0
Ónavas,2026,Otros delitos contra la familia,0
Ónavas,2026,Otros delitos contra la sociedad,0
Ónavas,2026,Otros delitos del Fuero Común,0
Ónavas,2026,Otros delitos que atentan contra la libertad personal,0
Ónavas,2026,Otros delitos que atentan contra la libertad y la seguridad sexual,0
Ónavas,2026,Otros delitos que atentan contra la vida y la integridad corporal,0
Ónavas,2026,Otros robos,0
Ónavas,2026,Pornografía infantil,0
Ónavas,2026,Privación ilegal de la libertad,0
Ónavas,2026,Rapto,0
Ónavas,2026,Retención o sustracción de menores e incapaces,0
Ónavas,2026,Robo a casa habitación,0
Ónavas,2026,Robo a institución bancaria,0
Ónavas,2026,Robo a negocio,0
Ónavas,2026,Robo a transeúnte en espacio abierto al público,0
Ónavas,2026,Robo a transeúnte en vía pública,0
Ónavas,2026,Robo a transportista,0
Ónavas,2026,Robo de autopartes,0
Ónavas,2026,Robo de ganado,0
Ónavas,2026,"Robo de maquinaria - Cables, tubos y otros objetos destinados a servicios públicos",0
Ónavas,2026,Robo de maquinaria - Herramienta industrial o agrícola,0
Ónavas,2026,Robo de maquinaria - Tractores y/o montacargas,0
Ónavas,2026,Robo de vehículo automotor - Coche de 4 ruedas,0
Ónavas,2026,Robo de vehículo automotor - Embarcaciones,0
Ónavas,2026,Robo de vehículo automotor - Motocicleta,0
Ónavas,2026,Robo en transporte individual,0
Ónavas,2026,Robo en transporte público colectivo,0
Ónavas,2026,Robo en transporte público individual,0
Ónavas,2026,Secuestro con calidad de rehén,0
Ónavas,2026,Secuestro exprés,0
Ónavas,2026,Secuestro extorsivo,0
Ónavas,2026,Secuestro para causar daño,0
Ónavas,2026,Suplantación y usurpación de identidad,0
Ónavas,2026,Tentativa de extorsión por otros medios,0
Ónavas,2026,Tentativa de extorsión presencial,0
Ónavas,2026,Tentativa de feminicidio,0
Ónavas,2026,Tentativa de homicidio doloso,0
Ónavas,2026,Tortura,0
Ónavas,2026,Trata de personas con fines de explotación sexual,0
Ónavas,2026,Trata de personas con fines de trabajo o servicios forzados,0
Ónavas,2026,Trata de personas con fines de tráfico de órganos,0
Ónavas,2026,Trata de personas con otros fines,0
Ónavas,2026,Tráfico de menores,0
Ónavas,2026,Violación a la intimidad sexual,0
Ónavas,2026,Violación equiparada,0
Ónavas,2026,Violación simple,0
Ónavas,2026,Violencia de género en todas sus modalidades distinta a la violencia familiar,0
Ónavas,2026,Violencia familiar,0
