Municipio,Año,Subtipo de delito,Sexo,Rango de edad,Valor
Aconchi,2026,Aborto,No identificado,No especificado,0
Aconchi,2026,Abuso de confianza,No identificado,No especificado,0
Aconchi,2026,Abuso sexual,No identificado,No especificado,0
Aconchi,2026,Acoso sexual,No identificado,No especificado,0
Aconchi,2026,Allanamiento de morada,No identificado,No especificado,0
Aconchi,2026,Amenazas,No identificado,No especificado,0
Aconchi,2026,Contra el medio ambiente,No identificado,No especificado,0
Aconchi,2026,Corrupción de menores,No identificado,No especificado,0
Aconchi,2026,Daño a la propiedad,No identificado,No especificado,0
Aconchi,2026,Delitos cometidos por servidores públicos,No identificado,No especificado,0
Aconchi,2026,Delitos contra la administración de justicia,No identificado,No especificado,0
Aconchi,2026,Despojo,No identificado,No especificado,0
Aconchi,2026,Discriminación,No identificado,No especificado,0
Aconchi,2026,Electorales,No identificado,No especificado,0
Aconchi,2026,Evasión de presos,No identificado,No especificado,0
Aconchi,2026,Extorsión por otros medios,No identificado,No especificado,0
Aconchi,2026,Extorsión presencial,No identificado,No especificado,0
Aconchi,2026,Falsedad,No identificado,No especificado,0
Aconchi,2026,Falsificación,No identificado,No especificado,0
Aconchi,2026,Feminicidio,No identificado,No especificado,0
Aconchi,2026,Fraude,No identificado,No especificado,0
Aconchi,2026,Homicidio culposo,No identificado,No especificado,0
Aconchi,2026,Homicidio doloso,No identificado,No especificado,0
Aconchi,2026,Hostigamiento sexual,No identificado,No especificado,0
Aconchi,2026,Incesto,No identificado,No especificado,0
Aconchi,2026,Incumplimiento de obligaciones de asistencia familiar,No identificado,No especificado,0
Aconchi,2026,Lesiones culposas,No identificado,No especificado,0
Aconchi,2026,Lesiones dolosas,No identificado,No especificado,0
Aconchi,2026,Narcomenudeo con fines de venta,No identificado,No especificado,0
Aconchi,2026,Narcomenudeo posesión simple,No identificado,No especificado,0
Aconchi,2026,Otros delitos contra el patrimonio,No identificado,No especificado,0
Aconchi,2026,Otros delitos contra la familia,No identificado,No especificado,0
Aconchi,2026,Otros delitos contra la sociedad,No identificado,No especificado,0
Aconchi,2026,Otros delitos del Fuero Común,No identificado,No especificado,0
Aconchi,2026,Otros delitos que atentan contra la libertad personal,No identificado,No especificado,0
Aconchi,2026,Otros delitos que atentan contra la libertad y la seguridad sexual,No identificado,No especificado,0
Aconchi,2026,Otros delitos que atentan contra la vida y la integridad corporal,No identificado,No especificado,0
Aconchi,2026,Otros robos,No identificado,No especificado,0
Aconchi,2026,Pornografía infantil,No identificado,No especificado,0
Aconchi,2026,Privación ilegal de la libertad,No identificado,No especificado,0
Aconchi,2026,Rapto,No identificado,No especificado,0
Aconchi,2026,Retención o sustracción de menores e incapaces,No identificado,No especificado,0
Aconchi,2026,Robo a casa habitación,No identificado,No especificado,0
Aconchi,2026,Robo a institución bancaria,No identificado,No especificado,0
Aconchi,2026,Robo a negocio,No identificado,No especificado,0
Aconchi,2026,Robo a transeúnte en espacio abierto al público,No identificado,No especificado,0
Aconchi,2026,Robo a transeúnte en vía pública,No identificado,No especificado,0
Aconchi,2026,Robo a transportista,No identificado,No especificado,0
Aconchi,2026,Robo de autopartes,No identificado,No especificado,0
Aconchi,2026,Robo de ganado,No identificado,No especificado,0
Aconchi,2026,"Robo de maquinaria - Cables, tubos y otros objetos destinados a servicios públicos",No identificado,No especificado,0
Aconchi,2026,Robo de maquinaria - Herramienta industrial o agrícola,No identificado,No especificado,0
Aconchi,2026,Robo de maquinaria - Tractores y/o montacargas,No identificado,No especificado,0
Aconchi,2026,Robo de vehículo automotor - Coche de 4 ruedas,No identificado,No especificado,0
Aconchi,2026,Robo de vehículo automotor - Embarcaciones,No identificado,No especificado,0
Aconchi,2026,Robo de vehículo automotor - Motocicleta,No identificado,No especificado,0
Aconchi,2026,Robo en transporte individual,No identificado,No especificado,0
Aconchi,2026,Robo en transporte público colectivo,No identificado,No especificado,0
Aconchi,2026,Robo en transporte público individual,No identificado,No especificado,0
Aconchi,2026,Secuestro con calidad de rehén,No identificado,No especificado,0
Aconchi,2026,Secuestro exprés,No identificado,No especificado,0
Aconchi,2026,Secuestro extorsivo,No identificado,No especificado,0
Aconchi,2026,Secuestro para causar daño,No identificado,No especificado,0
Aconchi,2026,Suplantación y usurpación de identidad,No identificado,No especificado,0
Aconchi,2026,Tentativa de extorsión por otros medios,No identificado,No especificado,0
Aconchi,2026,Tentativa de extorsión presencial,No identificado,No especificado,0
Aconchi,2026,Tentativa de feminicidio,No identificado,No especificado,0
Aconchi,2026,Tentativa de homicidio doloso,No identificado,No especificado,0
Aconchi,2026,Tortura,No identificado,No especificado,0
Aconchi,2026,Trata de personas con fines de explotación sexual,No identificado,No especificado,0
Aconchi,2026,Trata de personas con fines de trabajo o servicios forzados,No identificado,No especificado,0
Aconchi,2026,Trata de personas con fines de tráfico de órganos,No identificado,No especificado,0
Aconchi,2026,Trata de personas con otros fines,No identificado,No especificado,0
Aconchi,2026,Tráfico de menores,No identificado,No especificado,0
Aconchi,2026,Violación a la intimidad sexual,No identificado,No especificado,0
Aconchi,2026,Violación equiparada,No identificado,No especificado,0
Aconchi,2026,Violación simple,No identificado,No especificado,0
Aconchi,2026,Violencia de género en todas sus modalidades distinta a la violencia familiar,No identificado,No especificado,0
Aconchi,2026,Violencia familiar,No identificado,No especificado,0
Agua Prieta,2026,Abuso de confianza,Hombre,30 a 60 años,1
Agua Prieta,2026,Abuso sexual,Mujer,0 a 12 años,2
Agua Prieta,2026,Abuso sexual,Mujer,No especificado,1
Agua Prieta,2026,Allanamiento de morada,Hombre,30 a 60 años,1
Agua Prieta,2026,Allanamiento de morada,Hombre,Más de 60 años,1
Agua Prieta,2026,Amenazas,Hombre,18 a 29 años,1
Agua Prieta,2026,Amenazas,Hombre,30 a 60 años,1
Agua Prieta,2026,Amenazas,Mujer,13 a 17 años,1
Agua Prieta,2026,Amenazas,Mujer,30 a 60 años,2
Agua Prieta,2026,Daño a la propiedad,Hombre,18 a 29 años,2
Agua Prieta,2026,Daño a la propiedad,Hombre,30 a 60 años,4
Agua Prieta,2026,Daño a la propiedad,Mujer,18 a 29 años,2
Agua Prieta,2026,Daño a la propiedad,Mujer,30 a 60 años,3
Agua Prieta,2026,Daño a la propiedad,Mujer,Más de 60 años,1
Agua Prieta,2026,Despojo,Mujer,30 a 60 años,1
Agua Prieta,2026,Fraude,Mujer,30 a 60 años,1
Agua Prieta,2026,Incumplimiento de obligaciones de asistencia familiar,Hombre,0 a 12 años,13
Agua Prieta,2026,Incumplimiento de obligaciones de asistencia familiar,Hombre,13 a 17 años,2
Agua Prieta,2026,Incumplimiento de obligaciones de asistencia familiar,Hombre,18 a 29 años,1
Agua Prieta,2026,Incumplimiento de obligaciones de asistencia familiar,Mujer,0 a 12 años,8
Agua Prieta,2026,Incumplimiento de obligaciones de asistencia familiar,Mujer,13 a 17 años,9
Agua Prieta,2026,Lesiones culposas,Hombre,30 a 60 años,1
Agua Prieta,2026,Lesiones culposas,Hombre,No especificado,1
Agua Prieta,2026,Lesiones dolosas,Hombre,18 a 29 años,2
Agua Prieta,2026,Lesiones dolosas,Hombre,30 a 60 años,1
Agua Prieta,2026,Lesiones dolosas,Mujer,18 a 29 años,1
Agua Prieta,2026,Lesiones dolosas,Mujer,30 a 60 años,2
Agua Prieta,2026,Narcomenudeo con fines de venta,No identificado,No especificado,1
Agua Prieta,2026,Otros delitos contra el patrimonio,No identificado,No especificado,1
Agua Prieta,2026,Otros delitos contra la familia,Mujer,13 a 17 años,1
Agua Prieta,2026,Otros delitos del Fuero Común,Hombre,30 a 60 años,1
Agua Prieta,2026,Otros delitos del Fuero Común,Hombre,No especificado,3
Agua Prieta,2026,Otros delitos del Fuero Común,No identificado,No especificado,4
Agua Prieta,2026,Otros robos,Hombre,30 a 60 años,2
Agua Prieta,2026,Otros robos,Mujer,30 a 60 años,1
Agua Prieta,2026,Robo a casa habitación,Mujer,30 a 60 años,1
Agua Prieta,2026,Robo a negocio,Hombre,18 a 29 años,2
Agua Prieta,2026,Robo de vehículo automotor - Coche de 4 ruedas,Hombre,30 a 60 años,1
Agua Prieta,2026,Robo de vehículo automotor - Coche de 4 ruedas,Mujer,30 a 60 años,4
Agua Prieta,2026,Robo de vehículo automotor - Coche de 4 ruedas,Mujer,No especificado,1
Agua Prieta,2026,Robo de vehículo automotor - Motocicleta,Hombre,30 a 60 años,1
Agua Prieta,2026,Tentativa de feminicidio,Mujer,30 a 60 años,1
Agua Prieta,2026,Tentativa de homicidio doloso,Hombre,No especificado,1
Agua Prieta,2026,Violación equiparada,Mujer,0 a 12 años,1
Agua Prieta,2026,Violación simple,Mujer,0 a 12 años,1
Agua Prieta,2026,Violación simple,Mujer,30 a 60 años,1
Agua Prieta,2026,Violencia de género en todas sus modalidades distinta a la violencia familiar,No identificado,30 a 60 años,1
Agua Prieta,2026,Violencia familiar,Hombre,13 a 17 años,1
Agua Prieta,2026,Violencia familiar,Hombre,18 a 29 años,1
Agua Prieta,2026,Violencia familiar,Hombre,30 a 60 años,2
Agua Prieta,2026,Violencia familiar,Hombre,Más de 60 años,1
Agua Prieta,2026,Violencia familiar,Hombre,No especificado,2
Agua Prieta,2026,Violencia familiar,Mujer,13 a 17 años,2
Agua Prieta,2026,Violencia familiar,Mujer,18 a 29 años,7
Agua Prieta,2026,Violencia familiar,Mujer,30 a 60 años,13
Agua Prieta,2026,Violencia familiar,Mujer,Más de 60 años,2
Agua Prieta,2026,Violencia familiar,Mujer,No especificado,6
Altar,2026,Despojo,Mujer,30 a 60 años,1
Altar,2026,Narcomenudeo con fines de venta,No identificado,No especificado,4
Altar,2026,Otros delitos contra el patrimonio,Hombre,18 a 29 años,1
Altar,2026,Otros delitos contra el patrimonio,No identificado,No especificado,1
Altar,2026,Otros delitos del Fuero Común,No identificado,No especificado,3
Altar,2026,Otros delitos que atentan contra la libertad personal,Hombre,Más de 60 años,1
Altar,2026,Otros delitos que atentan contra la libertad y la seguridad sexual,Hombre,0 a 12 años,1
Altar,2026,Privación ilegal de la libertad,Hombre,30 a 60 años,1
Altar,2026,Robo de vehículo automotor - Coche de 4 ruedas,Hombre,18 a 29 años,1
Altar,2026,Robo de vehículo automotor - Coche de 4 ruedas,Mujer,30 a 60 años,1
Altar,2026,Tentativa de homicidio doloso,Hombre,No especificado,1
Arivechi,2026,Incumplimiento de obligaciones de asistencia familiar,Hombre,13 a 17 años,1
Arivechi,2026,Otros robos,Mujer,30 a 60 años,1
Arizpe,2026,Aborto,No identificado,No especificado,0
Arizpe,2026,Abuso de confianza,No identificado,No especificado,0
Arizpe,2026,Abuso sexual,No identificado,No especificado,0
Arizpe,2026,Acoso sexual,No identificado,No especificado,0
Arizpe,2026,Allanamiento de morada,No identificado,No especificado,0
Arizpe,2026,Amenazas,No identificado,No especificado,0
Arizpe,2026,Contra el medio ambiente,No identificado,No especificado,0
Arizpe,2026,Corrupción de menores,No identificado,No especificado,0
Arizpe,2026,Daño a la propiedad,No identificado,No especificado,0
Arizpe,2026,Delitos cometidos por servidores públicos,No identificado,No especificado,0
Arizpe,2026,Delitos contra la administración de justicia,No identificado,No especificado,0
Arizpe,2026,Despojo,No identificado,No especificado,0
Arizpe,2026,Discriminación,No identificado,No especificado,0
Arizpe,2026,Electorales,No identificado,No especificado,0
Arizpe,2026,Evasión de presos,No identificado,No especificado,0
Arizpe,2026,Extorsión por otros medios,No identificado,No especificado,0
Arizpe,2026,Extorsión presencial,No identificado,No especificado,0
Arizpe,2026,Falsedad,No identificado,No especificado,0
Arizpe,2026,Falsificación,No identificado,No especificado,0
Arizpe,2026,Feminicidio,No identificado,No especificado,0
Arizpe,2026,Fraude,No identificado,No especificado,0
Arizpe,2026,Homicidio culposo,No identificado,No especificado,0
Arizpe,2026,Homicidio doloso,No identificado,No especificado,0
Arizpe,2026,Hostigamiento sexual,No identificado,No especificado,0
Arizpe,2026,Incesto,No identificado,No especificado,0
Arizpe,2026,Incumplimiento de obligaciones de asistencia familiar,No identificado,No especificado,0
Arizpe,2026,Lesiones culposas,No identificado,No especificado,0
Arizpe,2026,Lesiones dolosas,No identificado,No especificado,0
Arizpe,2026,Narcomenudeo con fines de venta,No identificado,No especificado,0
Arizpe,2026,Narcomenudeo posesión simple,No identificado,No especificado,0
Arizpe,2026,Otros delitos contra el patrimonio,No identificado,No especificado,0
Arizpe,2026,Otros delitos contra la familia,No identificado,No especificado,0
Arizpe,2026,Otros delitos contra la sociedad,No identificado,No especificado,0
Arizpe,2026,Otros delitos del Fuero Común,No identificado,No especificado,0
Arizpe,2026,Otros delitos que atentan contra la libertad personal,No identificado,No especificado,0
Arizpe,2026,Otros delitos que atentan contra la libertad y la seguridad sexual,No identificado,No especificado,0
Arizpe,2026,Otros delitos que atentan contra la vida y la integridad corporal,No identificado,No especificado,0
Arizpe,2026,Otros robos,No identificado,No especificado,0
Arizpe,2026,Pornografía infantil,No identificado,No especificado,0
Arizpe,2026,Privación ilegal de la libertad,No identificado,No especificado,0
Arizpe,2026,Rapto,No identificado,No especificado,0
Arizpe,2026,Retención o sustracción de menores e incapaces,No identificado,No especificado,0
Arizpe,2026,Robo a casa habitación,No identificado,No especificado,0
Arizpe,2026,Robo a institución bancaria,No identificado,No especificado,0
Arizpe,2026,Robo a negocio,No identificado,No especificado,0
Arizpe,2026,Robo a transeúnte en espacio abierto al público,No identificado,No especificado,0
Arizpe,2026,Robo a transeúnte en vía pública,No identificado,No especificado,0
Arizpe,2026,Robo a transportista,No identificado,No especificado,0
Arizpe,2026,Robo de autopartes,No identificado,No especificado,0
Arizpe,2026,Robo de ganado,No identificado,No especificado,0
Arizpe,2026,"Robo de maquinaria - Cables, tubos y otros objetos destinados a servicios públicos",No identificado,No especificado,0
Arizpe,2026,Robo de maquinaria - Herramienta industrial o agrícola,No identificado,No especificado,0
Arizpe,2026,Robo de maquinaria - Tractores y/o montacargas,No identificado,No especificado,0
Arizpe,2026,Robo de vehículo automotor - Coche de 4 ruedas,No identificado,No especificado,0
Arizpe,2026,Robo de vehículo automotor - Embarcaciones,No identificado,No especificado,0
Arizpe,2026,Robo de vehículo automotor - Motocicleta,No identificado,No especificado,0
Arizpe,2026,Robo en transporte individual,No identificado,No especificado,0
Arizpe,2026,Robo en transporte público colectivo,No identificado,No especificado,0
Arizpe,2026,Robo en transporte público individual,No identificado,No especificado,0
Arizpe,2026,Secuestro con calidad de rehén,No identificado,No especificado,0
Arizpe,2026,Secuestro exprés,No identificado,No especificado,0
Arizpe,2026,Secuestro extorsivo,No identificado,No especificado,0
Arizpe,2026,Secuestro para causar daño,No identificado,No especificado,0
Arizpe,2026,Suplantación y usurpación de identidad,No identificado,No especificado,0
Arizpe,2026,Tentativa de extorsión por otros medios,No identificado,No especificado,0
Arizpe,2026,Tentativa de extorsión presencial,No identificado,No especificado,0
Arizpe,2026,Tentativa de feminicidio,No identificado,No especificado,0
Arizpe,2026,Tentativa de homicidio doloso,No identificado,No especificado,0
Arizpe,2026,Tortura,No identificado,No especificado,0
Arizpe,2026,Trata de personas con fines de explotación sexual,No identificado,No especificado,0
Arizpe,2026,Trata de personas con fines de trabajo o servicios forzados,No identificado,No especificado,0
Arizpe,2026,Trata de personas con fines de tráfico de órganos,No identificado,No especificado,0
Arizpe,2026,Trata de personas con otros fines,No identificado,No especificado,0
Arizpe,2026,Tráfico de menores,No identificado,No especificado,0
Arizpe,2026,Violación a la intimidad sexual,No identificado,No especificado,0
Arizpe,2026,Violación equiparada,No identificado,No especificado,0
Arizpe,2026,Violación simple,No identificado,No especificado,0
Arizpe,2026,Violencia de género en todas sus modalidades distinta a la violencia familiar,No identificado,No especificado,0
Arizpe,2026,Violencia familiar,No identificado,No especificado,0
Atil,2026,Aborto,No identificado,No especificado,0
Atil,2026,Abuso de confianza,No identificado,No especificado,0
Atil,2026,Abuso sexual,No identificado,No especificado,0
Atil,2026,Acoso sexual,No identificado,No especificado,0
Atil,2026,Allanamiento de morada,No identificado,No especificado,0
Atil,2026,Amenazas,No identificado,No especificado,0
Atil,2026,Contra el medio ambiente,No identificado,No especificado,0
Atil,2026,Corrupción de menores,No identificado,No especificado,0
Atil,2026,Daño a la propiedad,No identificado,No especificado,0
Atil,2026,Delitos cometidos por servidores públicos,No identificado,No especificado,0
Atil,2026,Delitos contra la administración de justicia,No identificado,No especificado,0
Atil,2026,Despojo,No identificado,No especificado,0
Atil,2026,Discriminación,No identificado,No especificado,0
Atil,2026,Electorales,No identificado,No especificado,0
Atil,2026,Evasión de presos,No identificado,No especificado,0
Atil,2026,Extorsión por otros medios,No identificado,No especificado,0
Atil,2026,Extorsión presencial,No identificado,No especificado,0
Atil,2026,Falsedad,No identificado,No especificado,0
Atil,2026,Falsificación,No identificado,No especificado,0
Atil,2026,Feminicidio,No identificado,No especificado,0
Atil,2026,Fraude,No identificado,No especificado,0
Atil,2026,Homicidio culposo,No identificado,No especificado,0
Atil,2026,Homicidio doloso,No identificado,No especificado,0
Atil,2026,Hostigamiento sexual,No identificado,No especificado,0
Atil,2026,Incesto,No identificado,No especificado,0
Atil,2026,Incumplimiento de obligaciones de asistencia familiar,No identificado,No especificado,0
Atil,2026,Lesiones culposas,No identificado,No especificado,0
Atil,2026,Lesiones dolosas,No identificado,No especificado,0
Atil,2026,Narcomenudeo con fines de venta,No identificado,No especificado,0
Atil,2026,Narcomenudeo posesión simple,No identificado,No especificado,0
Atil,2026,Otros delitos contra el patrimonio,No identificado,No especificado,0
Atil,2026,Otros delitos contra la familia,No identificado,No especificado,0
Atil,2026,Otros delitos contra la sociedad,No identificado,No especificado,0
Atil,2026,Otros delitos del Fuero Común,No identificado,No especificado,0
Atil,2026,Otros delitos que atentan contra la libertad personal,No identificado,No especificado,0
Atil,2026,Otros delitos que atentan contra la libertad y la seguridad sexual,No identificado,No especificado,0
Atil,2026,Otros delitos que atentan contra la vida y la integridad corporal,No identificado,No especificado,0
Atil,2026,Otros robos,No identificado,No especificado,0
Atil,2026,Pornografía infantil,No identificado,No especificado,0
Atil,2026,Privación ilegal de la libertad,No identificado,No especificado,0
Atil,2026,Rapto,No identificado,No especificado,0
Atil,2026,Retención o sustracción de menores e incapaces,No identificado,No especificado,0
Atil,2026,Robo a casa habitación,No identificado,No especificado,0
Atil,2026,Robo a institución bancaria,No identificado,No especificado,0
Atil,2026,Robo a negocio,No identificado,No especificado,0
Atil,2026,Robo a transeúnte en espacio abierto al público,No identificado,No especificado,0
Atil,2026,Robo a transeúnte en vía pública,No identificado,No especificado,0
Atil,2026,Robo a transportista,No identificado,No especificado,0
Atil,2026,Robo de autopartes,No identificado,No especificado,0
Atil,2026,Robo de ganado,No identificado,No especificado,0
Atil,2026,"Robo de maquinaria - Cables, tubos y otros objetos destinados a servicios públicos",No identificado,No especificado,0
Atil,2026,Robo de maquinaria - Herramienta industrial o agrícola,No identificado,No especificado,0
Atil,2026,Robo de maquinaria - Tractores y/o montacargas,No identificado,No especificado,0
Atil,2026,Robo de vehículo automotor - Coche de 4 ruedas,No identificado,No especificado,0
Atil,2026,Robo de vehículo automotor - Embarcaciones,No identificado,No especificado,0
Atil,2026,Robo de vehículo automotor - Motocicleta,No identificado,No especificado,0
Atil,2026,Robo en transporte individual,No identificado,No especificado,0
Atil,2026,Robo en transporte público colectivo,No identificado,No especificado,0
Atil,2026,Robo en transporte público individual,No identificado,No especificado,0
Atil,2026,Secuestro con calidad de rehén,No identificado,No especificado,0
Atil,2026,Secuestro exprés,No identificado,No especificado,0
Atil,2026,Secuestro extorsivo,No identificado,No especificado,0
Atil,2026,Secuestro para causar daño,No identificado,No especificado,0
Atil,2026,Suplantación y usurpación de identidad,No identificado,No especificado,0
Atil,2026,Tentativa de extorsión por otros medios,No identificado,No especificado,0
Atil,2026,Tentativa de extorsión presencial,No identificado,No especificado,0
Atil,2026,Tentativa de feminicidio,No identificado,No especificado,0
Atil,2026,Tentativa de homicidio doloso,No identificado,No especificado,0
Atil,2026,Tortura,No identificado,No especificado,0
Atil,2026,Trata de personas con fines de explotación sexual,No identificado,No especificado,0
Atil,2026,Trata de personas con fines de trabajo o servicios forzados,No identificado,No especificado,0
Atil,2026,Trata de personas con fines de tráfico de órganos,No identificado,No especificado,0
Atil,2026,Trata de personas con otros fines,No identificado,No especificado,0
Atil,2026,Tráfico de menores,No identificado,No especificado,0
Atil,2026,Violación a la intimidad sexual,No identificado,No especificado,0
Atil,2026,Violación equiparada,No identificado,No especificado,0
Atil,2026,Violación simple,No identificado,No especificado,0
Atil,2026,Violencia de género en todas sus modalidades distinta a la violencia familiar,No identificado,No especificado,0
Atil,2026,Violencia familiar,No identificado,No especificado,0
Bacadéhuachi,2026,Aborto,No identificado,No especificado,0
Bacadéhuachi,2026,Abuso de confianza,No identificado,No especificado,0
Bacadéhuachi,2026,Abuso sexual,No identificado,No especificado,0
Bacadéhuachi,2026,Acoso sexual,No identificado,No especificado,0
Bacadéhuachi,2026,Allanamiento de morada,No identificado,No especificado,0
Bacadéhuachi,2026,Amenazas,No identificado,No especificado,0
Bacadéhuachi,2026,Contra el medio ambiente,No identificado,No especificado,0
Bacadéhuachi,2026,Corrupción de menores,No identificado,No especificado,0
Bacadéhuachi,2026,Daño a la propiedad,No identificado,No especificado,0
Bacadéhuachi,2026,Delitos cometidos por servidores públicos,No identificado,No especificado,0
Bacadéhuachi,2026,Delitos contra la administración de justicia,No identificado,No especificado,0
Bacadéhuachi,2026,Despojo,No identificado,No especificado,0
Bacadéhuachi,2026,Discriminación,No identificado,No especificado,0
Bacadéhuachi,2026,Electorales,No identificado,No especificado,0
Bacadéhuachi,2026,Evasión de presos,No identificado,No especificado,0
Bacadéhuachi,2026,Extorsión por otros medios,No identificado,No especificado,0
Bacadéhuachi,2026,Extorsión presencial,No identificado,No especificado,0
Bacadéhuachi,2026,Falsedad,No identificado,No especificado,0
Bacadéhuachi,2026,Falsificación,No identificado,No especificado,0
Bacadéhuachi,2026,Feminicidio,No identificado,No especificado,0
Bacadéhuachi,2026,Fraude,No identificado,No especificado,0
Bacadéhuachi,2026,Homicidio culposo,No identificado,No especificado,0
Bacadéhuachi,2026,Homicidio doloso,No identificado,No especificado,0
Bacadéhuachi,2026,Hostigamiento sexual,No identificado,No especificado,0
Bacadéhuachi,2026,Incesto,No identificado,No especificado,0
Bacadéhuachi,2026,Incumplimiento de obligaciones de asistencia familiar,No identificado,No especificado,0
Bacadéhuachi,2026,Lesiones culposas,No identificado,No especificado,0
Bacadéhuachi,2026,Lesiones dolosas,No identificado,No especificado,0
Bacadéhuachi,2026,Narcomenudeo con fines de venta,No identificado,No especificado,0
Bacadéhuachi,2026,Narcomenudeo posesión simple,No identificado,No especificado,0
Bacadéhuachi,2026,Otros delitos contra el patrimonio,No identificado,No especificado,0
Bacadéhuachi,2026,Otros delitos contra la familia,No identificado,No especificado,0
Bacadéhuachi,2026,Otros delitos contra la sociedad,No identificado,No especificado,0
Bacadéhuachi,2026,Otros delitos del Fuero Común,No identificado,No especificado,0
Bacadéhuachi,2026,Otros delitos que atentan contra la libertad personal,No identificado,No especificado,0
Bacadéhuachi,2026,Otros delitos que atentan contra la libertad y la seguridad sexual,No identificado,No especificado,0
Bacadéhuachi,2026,Otros delitos que atentan contra la vida y la integridad corporal,No identificado,No especificado,0
Bacadéhuachi,2026,Otros robos,No identificado,No especificado,0
Bacadéhuachi,2026,Pornografía infantil,No identificado,No especificado,0
Bacadéhuachi,2026,Privación ilegal de la libertad,No identificado,No especificado,0
Bacadéhuachi,2026,Rapto,No identificado,No especificado,0
Bacadéhuachi,2026,Retención o sustracción de menores e incapaces,No identificado,No especificado,0
Bacadéhuachi,2026,Robo a casa habitación,No identificado,No especificado,0
Bacadéhuachi,2026,Robo a institución bancaria,No identificado,No especificado,0
Bacadéhuachi,2026,Robo a negocio,No identificado,No especificado,0
Bacadéhuachi,2026,Robo a transeúnte en espacio abierto al público,No identificado,No especificado,0
Bacadéhuachi,2026,Robo a transeúnte en vía pública,No identificado,No especificado,0
Bacadéhuachi,2026,Robo a transportista,No identificado,No especificado,0
Bacadéhuachi,2026,Robo de autopartes,No identificado,No especificado,0
Bacadéhuachi,2026,Robo de ganado,No identificado,No especificado,0
Bacadéhuachi,2026,"Robo de maquinaria - Cables, tubos y otros objetos destinados a servicios públicos",No identificado,No especificado,0
Bacadéhuachi,2026,Robo de maquinaria - Herramienta industrial o agrícola,No identificado,No especificado,0
Bacadéhuachi,2026,Robo de maquinaria - Tractores y/o montacargas,No identificado,No especificado,0
Bacadéhuachi,2026,Robo de vehículo automotor - Coche de 4 ruedas,No identificado,No especificado,0
Bacadéhuachi,2026,Robo de vehículo automotor - Embarcaciones,No identificado,No especificado,0
Bacadéhuachi,2026,Robo de vehículo automotor - Motocicleta,No identificado,No especificado,0
Bacadéhuachi,2026,Robo en transporte individual,No identificado,No especificado,0
Bacadéhuachi,2026,Robo en transporte público colectivo,No identificado,No especificado,0
Bacadéhuachi,2026,Robo en transporte público individual,No identificado,No especificado,0
Bacadéhuachi,2026,Secuestro con calidad de rehén,No identificado,No especificado,0
Bacadéhuachi,2026,Secuestro exprés,No identificado,No especificado,0
Bacadéhuachi,2026,Secuestro extorsivo,No identificado,No especificado,0
Bacadéhuachi,2026,Secuestro para causar daño,No identificado,No especificado,0
Bacadéhuachi,2026,Suplantación y usurpación de identidad,No identificado,No especificado,0
Bacadéhuachi,2026,Tentativa de extorsión por otros medios,No identificado,No especificado,0
Bacadéhuachi,2026,Tentativa de extorsión presencial,No identificado,No especificado,0
Bacadéhuachi,2026,Tentativa de feminicidio,No identificado,No especificado,0
Bacadéhuachi,2026,Tentativa de homicidio doloso,No identificado,No especificado,0
Bacadéhuachi,2026,Tortura,No identificado,No especificado,0
Bacadéhuachi,2026,Trata de personas con fines de explotación sexual,No identificado,No especificado,0
Bacadéhuachi,2026,Trata de personas con fines de trabajo o servicios forzados,No identificado,No especificado,0
Bacadéhuachi,2026,Trata de personas con fines de tráfico de órganos,No identificado,No especificado,0
Bacadéhuachi,2026,Trata de personas con otros fines,No identificado,No especificado,0
Bacadéhuachi,2026,Tráfico de menores,No identificado,No especificado,0
Bacadéhuachi,2026,Violación a la intimidad sexual,No identificado,No especificado,0
Bacadéhuachi,2026,Violación equiparada,No identificado,No especificado,0
Bacadéhuachi,2026,Violación simple,No identificado,No especificado,0
Bacadéhuachi,2026,Violencia de género en todas sus modalidades distinta a la violencia familiar,No identificado,No especificado,0
Bacadéhuachi,2026,Violencia familiar,No identificado,No especificado,0
Bacanora,2026,Amenazas,Mujer,30 a 60 años,1
Bacerac,2026,Abuso de confianza,No identificado,No especificado,1
Bacerac,2026,Otros delitos contra la familia,Mujer,0 a 12 años,1
Bacerac,2026,Otros robos,No identificado,No especificado,1
Bacoachi,2026,Aborto,No identificado,No especificado,0
Bacoachi,2026,Abuso de confianza,No identificado,No especificado,0
Bacoachi,2026,Abuso sexual,No identificado,No especificado,0
Bacoachi,2026,Acoso sexual,No identificado,No especificado,0
Bacoachi,2026,Allanamiento de morada,No identificado,No especificado,0
Bacoachi,2026,Amenazas,No identificado,No especificado,0
Bacoachi,2026,Contra el medio ambiente,No identificado,No especificado,0
Bacoachi,2026,Corrupción de menores,No identificado,No especificado,0
Bacoachi,2026,Daño a la propiedad,No identificado,No especificado,0
Bacoachi,2026,Delitos cometidos por servidores públicos,No identificado,No especificado,0
Bacoachi,2026,Delitos contra la administración de justicia,No identificado,No especificado,0
Bacoachi,2026,Despojo,No identificado,No especificado,0
Bacoachi,2026,Discriminación,No identificado,No especificado,0
Bacoachi,2026,Electorales,No identificado,No especificado,0
Bacoachi,2026,Evasión de presos,No identificado,No especificado,0
Bacoachi,2026,Extorsión por otros medios,No identificado,No especificado,0
Bacoachi,2026,Extorsión presencial,No identificado,No especificado,0
Bacoachi,2026,Falsedad,No identificado,No especificado,0
Bacoachi,2026,Falsificación,No identificado,No especificado,0
Bacoachi,2026,Feminicidio,No identificado,No especificado,0
Bacoachi,2026,Fraude,No identificado,No especificado,0
Bacoachi,2026,Homicidio culposo,No identificado,No especificado,0
Bacoachi,2026,Homicidio doloso,No identificado,No especificado,0
Bacoachi,2026,Hostigamiento sexual,No identificado,No especificado,0
Bacoachi,2026,Incesto,No identificado,No especificado,0
Bacoachi,2026,Incumplimiento de obligaciones de asistencia familiar,No identificado,No especificado,0
Bacoachi,2026,Lesiones culposas,No identificado,No especificado,0
Bacoachi,2026,Lesiones dolosas,No identificado,No especificado,0
Bacoachi,2026,Narcomenudeo con fines de venta,No identificado,No especificado,0
Bacoachi,2026,Narcomenudeo posesión simple,No identificado,No especificado,0
Bacoachi,2026,Otros delitos contra el patrimonio,No identificado,No especificado,0
Bacoachi,2026,Otros delitos contra la familia,No identificado,No especificado,0
Bacoachi,2026,Otros delitos contra la sociedad,No identificado,No especificado,0
Bacoachi,2026,Otros delitos del Fuero Común,No identificado,No especificado,0
Bacoachi,2026,Otros delitos que atentan contra la libertad personal,No identificado,No especificado,0
Bacoachi,2026,Otros delitos que atentan contra la libertad y la seguridad sexual,No identificado,No especificado,0
Bacoachi,2026,Otros delitos que atentan contra la vida y la integridad corporal,No identificado,No especificado,0
Bacoachi,2026,Otros robos,No identificado,No especificado,0
Bacoachi,2026,Pornografía infantil,No identificado,No especificado,0
Bacoachi,2026,Privación ilegal de la libertad,No identificado,No especificado,0
Bacoachi,2026,Rapto,No identificado,No especificado,0
Bacoachi,2026,Retención o sustracción de menores e incapaces,No identificado,No especificado,0
Bacoachi,2026,Robo a casa habitación,No identificado,No especificado,0
Bacoachi,2026,Robo a institución bancaria,No identificado,No especificado,0
Bacoachi,2026,Robo a negocio,No identificado,No especificado,0
Bacoachi,2026,Robo a transeúnte en espacio abierto al público,No identificado,No especificado,0
Bacoachi,2026,Robo a transeúnte en vía pública,No identificado,No especificado,0
Bacoachi,2026,Robo a transportista,No identificado,No especificado,0
Bacoachi,2026,Robo de autopartes,No identificado,No especificado,0
Bacoachi,2026,Robo de ganado,No identificado,No especificado,0
Bacoachi,2026,"Robo de maquinaria - Cables, tubos y otros objetos destinados a servicios públicos",No identificado,No especificado,0
Bacoachi,2026,Robo de maquinaria - Herramienta industrial o agrícola,No identificado,No especificado,0
Bacoachi,2026,Robo de maquinaria - Tractores y/o montacargas,No identificado,No especificado,0
Bacoachi,2026,Robo de vehículo automotor - Coche de 4 ruedas,No identificado,No especificado,0
Bacoachi,2026,Robo de vehículo automotor - Embarcaciones,No identificado,No especificado,0
Bacoachi,2026,Robo de vehículo automotor - Motocicleta,No identificado,No especificado,0
Bacoachi,2026,Robo en transporte individual,No identificado,No especificado,0
Bacoachi,2026,Robo en transporte público colectivo,No identificado,No especificado,0
Bacoachi,2026,Robo en transporte público individual,No identificado,No especificado,0
Bacoachi,2026,Secuestro con calidad de rehén,No identificado,No especificado,0
Bacoachi,2026,Secuestro exprés,No identificado,No especificado,0
Bacoachi,2026,Secuestro extorsivo,No identificado,No especificado,0
Bacoachi,2026,Secuestro para causar daño,No identificado,No especificado,0
Bacoachi,2026,Suplantación y usurpación de identidad,No identificado,No especificado,0
Bacoachi,2026,Tentativa de extorsión por otros medios,No identificado,No especificado,0
Bacoachi,2026,Tentativa de extorsión presencial,No identificado,No especificado,0
Bacoachi,2026,Tentativa de feminicidio,No identificado,No especificado,0
Bacoachi,2026,Tentativa de homicidio doloso,No identificado,No especificado,0
Bacoachi,2026,Tortura,No identificado,No especificado,0
Bacoachi,2026,Trata de personas con fines de explotación sexual,No identificado,No especificado,0
Bacoachi,2026,Trata de personas con fines de trabajo o servicios forzados,No identificado,No especificado,0
Bacoachi,2026,Trata de personas con fines de tráfico de órganos,No identificado,No especificado,0
Bacoachi,2026,Trata de personas con otros fines,No identificado,No especificado,0
Bacoachi,2026,Tráfico de menores,No identificado,No especificado,0
Bacoachi,2026,Violación a la intimidad sexual,No identificado,No especificado,0
Bacoachi,2026,Violación equiparada,No identificado,No especificado,0
Bacoachi,2026,Violación simple,No identificado,No especificado,0
Bacoachi,2026,Violencia de género en todas sus modalidades distinta a la violencia familiar,No identificado,No especificado,0
Bacoachi,2026,Violencia familiar,No identificado,No especificado,0
Banámichi,2026,Allanamiento de morada,Mujer,Más de 60 años,1
Banámichi,2026,Amenazas,Mujer,Más de 60 años,1
Banámichi,2026,Lesiones culposas,Hombre,30 a 60 años,1
Bavispe,2026,Aborto,No identificado,No especificado,0
Bavispe,2026,Abuso de confianza,No identificado,No especificado,0
Bavispe,2026,Abuso sexual,No identificado,No especificado,0
Bavispe,2026,Acoso sexual,No identificado,No especificado,0
Bavispe,2026,Allanamiento de morada,No identificado,No especificado,0
Bavispe,2026,Amenazas,No identificado,No especificado,0
Bavispe,2026,Contra el medio ambiente,No identificado,No especificado,0
Bavispe,2026,Corrupción de menores,No identificado,No especificado,0
Bavispe,2026,Daño a la propiedad,No identificado,No especificado,0
Bavispe,2026,Delitos cometidos por servidores públicos,No identificado,No especificado,0
Bavispe,2026,Delitos contra la administración de justicia,No identificado,No especificado,0
Bavispe,2026,Despojo,No identificado,No especificado,0
Bavispe,2026,Discriminación,No identificado,No especificado,0
Bavispe,2026,Electorales,No identificado,No especificado,0
Bavispe,2026,Evasión de presos,No identificado,No especificado,0
Bavispe,2026,Extorsión por otros medios,No identificado,No especificado,0
Bavispe,2026,Extorsión presencial,No identificado,No especificado,0
Bavispe,2026,Falsedad,No identificado,No especificado,0
Bavispe,2026,Falsificación,No identificado,No especificado,0
Bavispe,2026,Feminicidio,No identificado,No especificado,0
Bavispe,2026,Fraude,No identificado,No especificado,0
Bavispe,2026,Homicidio culposo,No identificado,No especificado,0
Bavispe,2026,Homicidio doloso,No identificado,No especificado,0
Bavispe,2026,Hostigamiento sexual,No identificado,No especificado,0
Bavispe,2026,Incesto,No identificado,No especificado,0
Bavispe,2026,Incumplimiento de obligaciones de asistencia familiar,No identificado,No especificado,0
Bavispe,2026,Lesiones culposas,No identificado,No especificado,0
Bavispe,2026,Lesiones dolosas,No identificado,No especificado,0
Bavispe,2026,Narcomenudeo con fines de venta,No identificado,No especificado,0
Bavispe,2026,Narcomenudeo posesión simple,No identificado,No especificado,0
Bavispe,2026,Otros delitos contra el patrimonio,No identificado,No especificado,0
Bavispe,2026,Otros delitos contra la familia,No identificado,No especificado,0
Bavispe,2026,Otros delitos contra la sociedad,No identificado,No especificado,0
Bavispe,2026,Otros delitos del Fuero Común,No identificado,No especificado,0
Bavispe,2026,Otros delitos que atentan contra la libertad personal,No identificado,No especificado,0
Bavispe,2026,Otros delitos que atentan contra la libertad y la seguridad sexual,No identificado,No especificado,0
Bavispe,2026,Otros delitos que atentan contra la vida y la integridad corporal,No identificado,No especificado,0
Bavispe,2026,Otros robos,No identificado,No especificado,0
Bavispe,2026,Pornografía infantil,No identificado,No especificado,0
Bavispe,2026,Privación ilegal de la libertad,No identificado,No especificado,0
Bavispe,2026,Rapto,No identificado,No especificado,0
Bavispe,2026,Retención o sustracción de menores e incapaces,No identificado,No especificado,0
Bavispe,2026,Robo a casa habitación,No identificado,No especificado,0
Bavispe,2026,Robo a institución bancaria,No identificado,No especificado,0
Bavispe,2026,Robo a negocio,No identificado,No especificado,0
Bavispe,2026,Robo a transeúnte en espacio abierto al público,No identificado,No especificado,0
Bavispe,2026,Robo a transeúnte en vía pública,No identificado,No especificado,0
Bavispe,2026,Robo a transportista,No identificado,No especificado,0
Bavispe,2026,Robo de autopartes,No identificado,No especificado,0
Bavispe,2026,Robo de ganado,No identificado,No especificado,0
Bavispe,2026,"Robo de maquinaria - Cables, tubos y otros objetos destinados a servicios públicos",No identificado,No especificado,0
Bavispe,2026,Robo de maquinaria - Herramienta industrial o agrícola,No identificado,No especificado,0
Bavispe,2026,Robo de maquinaria - Tractores y/o montacargas,No identificado,No especificado,0
Bavispe,2026,Robo de vehículo automotor - Coche de 4 ruedas,No identificado,No especificado,0
Bavispe,2026,Robo de vehículo automotor - Embarcaciones,No identificado,No especificado,0
Bavispe,2026,Robo de vehículo automotor - Motocicleta,No identificado,No especificado,0
Bavispe,2026,Robo en transporte individual,No identificado,No especificado,0
Bavispe,2026,Robo en transporte público colectivo,No identificado,No especificado,0
Bavispe,2026,Robo en transporte público individual,No identificado,No especificado,0
Bavispe,2026,Secuestro con calidad de rehén,No identificado,No especificado,0
Bavispe,2026,Secuestro exprés,No identificado,No especificado,0
Bavispe,2026,Secuestro extorsivo,No identificado,No especificado,0
Bavispe,2026,Secuestro para causar daño,No identificado,No especificado,0
Bavispe,2026,Suplantación y usurpación de identidad,No identificado,No especificado,0
Bavispe,2026,Tentativa de extorsión por otros medios,No identificado,No especificado,0
Bavispe,2026,Tentativa de extorsión presencial,No identificado,No especificado,0
Bavispe,2026,Tentativa de feminicidio,No identificado,No especificado,0
Bavispe,2026,Tentativa de homicidio doloso,No identificado,No especificado,0
Bavispe,2026,Tortura,No identificado,No especificado,0
Bavispe,2026,Trata de personas con fines de explotación sexual,No identificado,No especificado,0
Bavispe,2026,Trata de personas con fines de trabajo o servicios forzados,No identificado,No especificado,0
Bavispe,2026,Trata de personas con fines de tráfico de órganos,No identificado,No especificado,0
Bavispe,2026,Trata de personas con otros fines,No identificado,No especificado,0
Bavispe,2026,Tráfico de menores,No identificado,No especificado,0
Bavispe,2026,Violación a la intimidad sexual,No identificado,No especificado,0
Bavispe,2026,Violación equiparada,No identificado,No especificado,0
Bavispe,2026,Violación simple,No identificado,No especificado,0
Bavispe,2026,Violencia de género en todas sus modalidades distinta a la violencia familiar,No identificado,No especificado,0
Bavispe,2026,Violencia familiar,No identificado,No especificado,0
Baviácora,2026,Daño a la propiedad,No identificado,No especificado,1
Baviácora,2026,Incumplimiento de obligaciones de asistencia familiar,Mujer,0 a 12 años,1
Baviácora,2026,Robo de vehículo automotor - Coche de 4 ruedas,Hombre,No especificado,1
Benito Juárez,2026,Abuso sexual,Mujer,30 a 60 años,1
Benito Juárez,2026,Allanamiento de morada,Mujer,30 a 60 años,1
Benito Juárez,2026,Amenazas,Hombre,30 a 60 años,2
Benito Juárez,2026,Amenazas,Mujer,18 a 29 años,3
Benito Juárez,2026,Corrupción de menores,Mujer,13 a 17 años,1
Benito Juárez,2026,Daño a la propiedad,Hombre,13 a 17 años,1
Benito Juárez,2026,Daño a la propiedad,No identificado,No especificado,1
Benito Juárez,2026,Despojo,Hombre,Más de 60 años,1
Benito Juárez,2026,Fraude,Hombre,30 a 60 años,1
Benito Juárez,2026,Homicidio culposo,Hombre,30 a 60 años,1
Benito Juárez,2026,Incumplimiento de obligaciones de asistencia familiar,Hombre,0 a 12 años,1
Benito Juárez,2026,Incumplimiento de obligaciones de asistencia familiar,Mujer,18 a 29 años,2
Benito Juárez,2026,Incumplimiento de obligaciones de asistencia familiar,Mujer,30 a 60 años,3
Benito Juárez,2026,Lesiones culposas,Hombre,13 a 17 años,1
Benito Juárez,2026,Lesiones culposas,Hombre,18 a 29 años,3
Benito Juárez,2026,Lesiones culposas,Hombre,30 a 60 años,1
Benito Juárez,2026,Lesiones culposas,Hombre,No especificado,1
Benito Juárez,2026,Lesiones culposas,Mujer,13 a 17 años,1
Benito Juárez,2026,Lesiones culposas,Mujer,18 a 29 años,2
Benito Juárez,2026,Lesiones dolosas,Hombre,13 a 17 años,1
Benito Juárez,2026,Lesiones dolosas,Hombre,30 a 60 años,2
Benito Juárez,2026,Lesiones dolosas,Mujer,30 a 60 años,1
Benito Juárez,2026,Narcomenudeo con fines de venta,No identificado,No especificado,2
Benito Juárez,2026,Otros delitos contra el patrimonio,No identificado,No especificado,2
Benito Juárez,2026,Otros delitos del Fuero Común,Hombre,Más de 60 años,1
Benito Juárez,2026,Otros delitos que atentan contra la vida y la integridad corporal,No identificado,No especificado,1
Benito Juárez,2026,Otros robos,Hombre,18 a 29 años,1
Benito Juárez,2026,Otros robos,Hombre,30 a 60 años,2
Benito Juárez,2026,Otros robos,Hombre,Más de 60 años,1
Benito Juárez,2026,Robo a casa habitación,Hombre,Más de 60 años,1
Benito Juárez,2026,Robo a casa habitación,Hombre,No especificado,1
Benito Juárez,2026,Robo a negocio,Hombre,18 a 29 años,1
Benito Juárez,2026,Robo a negocio,No identificado,No especificado,1
Benito Juárez,2026,Robo a transeúnte en vía pública,Mujer,30 a 60 años,2
Benito Juárez,2026,Robo de vehículo automotor - Coche de 4 ruedas,Hombre,30 a 60 años,4
Benito Juárez,2026,Robo de vehículo automotor - Coche de 4 ruedas,Mujer,30 a 60 años,1
Benito Juárez,2026,Violación equiparada,Mujer,0 a 12 años,1
Benito Juárez,2026,Violencia familiar,Hombre,0 a 12 años,1
Benito Juárez,2026,Violencia familiar,Hombre,13 a 17 años,1
Benito Juárez,2026,Violencia familiar,Mujer,18 a 29 años,7
Benito Juárez,2026,Violencia familiar,Mujer,30 a 60 años,10
Benjamín Hill,2026,Abuso sexual,Mujer,No especificado,3
Benjamín Hill,2026,Delitos cometidos por servidores públicos,Hombre,30 a 60 años,1
Benjamín Hill,2026,Incumplimiento de obligaciones de asistencia familiar,Hombre,No especificado,1
Benjamín Hill,2026,Incumplimiento de obligaciones de asistencia familiar,Mujer,No especificado,1
Benjamín Hill,2026,Narcomenudeo con fines de venta,No identificado,No especificado,2
Benjamín Hill,2026,Otros delitos del Fuero Común,No identificado,No especificado,1
Benjamín Hill,2026,Otros robos,Hombre,30 a 60 años,1
Benjamín Hill,2026,Privación ilegal de la libertad,Hombre,30 a 60 años,1
Benjamín Hill,2026,Privación ilegal de la libertad,Hombre,No especificado,1
Benjamín Hill,2026,Robo a transeúnte en vía pública,Hombre,No especificado,1
Benjamín Hill,2026,Robo de vehículo automotor - Coche de 4 ruedas,Hombre,18 a 29 años,1
Benjamín Hill,2026,Tentativa de feminicidio,Mujer,No especificado,1
Benjamín Hill,2026,Violencia familiar,Hombre,18 a 29 años,1
Benjamín Hill,2026,Violencia familiar,Hombre,No especificado,1
Bácum,2026,Amenazas,Hombre,18 a 29 años,1
Bácum,2026,Amenazas,Hombre,30 a 60 años,1
Bácum,2026,Amenazas,Hombre,No especificado,1
Bácum,2026,Amenazas,Mujer,13 a 17 años,1
Bácum,2026,Amenazas,Mujer,30 a 60 años,2
Bácum,2026,Contra el medio ambiente,Mujer,30 a 60 años,1
Bácum,2026,Daño a la propiedad,Hombre,30 a 60 años,2
Bácum,2026,Daño a la propiedad,Mujer,No especificado,2
Bácum,2026,Falsedad,Mujer,No especificado,1
Bácum,2026,Incumplimiento de obligaciones de asistencia familiar,Hombre,0 a 12 años,1
Bácum,2026,Incumplimiento de obligaciones de asistencia familiar,Hombre,13 a 17 años,1
Bácum,2026,Incumplimiento de obligaciones de asistencia familiar,Mujer,13 a 17 años,4
Bácum,2026,Incumplimiento de obligaciones de asistencia familiar,Mujer,18 a 29 años,2
Bácum,2026,Lesiones culposas,Hombre,13 a 17 años,1
Bácum,2026,Lesiones culposas,Hombre,30 a 60 años,1
Bácum,2026,Lesiones culposas,Hombre,No especificado,1
Bácum,2026,Lesiones culposas,Mujer,30 a 60 años,1
Bácum,2026,Lesiones dolosas,Mujer,30 a 60 años,2
Bácum,2026,Lesiones dolosas,Mujer,Más de 60 años,1
Bácum,2026,Narcomenudeo con fines de venta,No identificado,No especificado,3
Bácum,2026,Otros delitos contra el patrimonio,Hombre,No especificado,1
Bácum,2026,Otros delitos contra el patrimonio,No identificado,No especificado,2
Bácum,2026,Otros delitos que atentan contra la libertad y la seguridad sexual,Mujer,13 a 17 años,1
Bácum,2026,Otros robos,Hombre,30 a 60 años,5
Bácum,2026,Otros robos,Hombre,No especificado,3
Bácum,2026,Otros robos,No identificado,No especificado,2
Bácum,2026,Robo a casa habitación,Mujer,No especificado,1
Bácum,2026,Robo de autopartes,No identificado,No especificado,1
Bácum,2026,Robo de ganado,Mujer,18 a 29 años,1
Bácum,2026,Robo de maquinaria - Tractores y/o montacargas,Hombre,No especificado,1
Bácum,2026,Robo de vehículo automotor - Motocicleta,Hombre,18 a 29 años,1
Bácum,2026,Robo de vehículo automotor - Motocicleta,Hombre,30 a 60 años,1
Bácum,2026,Robo de vehículo automotor - Motocicleta,Hombre,No especificado,1
Bácum,2026,Suplantación y usurpación de identidad,Hombre,18 a 29 años,1
Bácum,2026,Tentativa de extorsión por otros medios,Hombre,30 a 60 años,1
Bácum,2026,Tentativa de extorsión por otros medios,Mujer,18 a 29 años,1
Bácum,2026,Violencia familiar,Hombre,18 a 29 años,1
Bácum,2026,Violencia familiar,Hombre,Más de 60 años,3
Bácum,2026,Violencia familiar,Hombre,No especificado,2
Bácum,2026,Violencia familiar,Mujer,18 a 29 años,4
Bácum,2026,Violencia familiar,Mujer,30 a 60 años,7
Bácum,2026,Violencia familiar,Mujer,Más de 60 años,1
Bácum,2026,Violencia familiar,Mujer,No especificado,2
Caborca,2026,Abuso de confianza,Hombre,No especificado,1
Caborca,2026,Abuso sexual,Mujer,0 a 12 años,1
Caborca,2026,Abuso sexual,Mujer,13 a 17 años,1
Caborca,2026,Abuso sexual,Mujer,18 a 29 años,1
Caborca,2026,Allanamiento de morada,Hombre,No especificado,1
Caborca,2026,Allanamiento de morada,Mujer,18 a 29 años,2
Caborca,2026,Allanamiento de morada,Mujer,30 a 60 años,1
Caborca,2026,Allanamiento de morada,No identificado,No especificado,1
Caborca,2026,Amenazas,Hombre,30 a 60 años,1
Caborca,2026,Amenazas,Mujer,18 a 29 años,2
Caborca,2026,Daño a la propiedad,Hombre,30 a 60 años,1
Caborca,2026,Daño a la propiedad,Hombre,No especificado,3
Caborca,2026,Daño a la propiedad,Mujer,30 a 60 años,2
Caborca,2026,Daño a la propiedad,Mujer,Más de 60 años,1
Caborca,2026,Daño a la propiedad,Mujer,No especificado,2
Caborca,2026,Discriminación,Mujer,30 a 60 años,1
Caborca,2026,Homicidio culposo,Hombre,18 a 29 años,1
Caborca,2026,Homicidio culposo,Hombre,Más de 60 años,2
Caborca,2026,Homicidio culposo,Mujer,Más de 60 años,2
Caborca,2026,Homicidio culposo,Mujer,No especificado,1
Caborca,2026,Homicidio doloso,Hombre,30 a 60 años,1
Caborca,2026,Incumplimiento de obligaciones de asistencia familiar,Hombre,0 a 12 años,5
Caborca,2026,Incumplimiento de obligaciones de asistencia familiar,Hombre,13 a 17 años,2
Caborca,2026,Incumplimiento de obligaciones de asistencia familiar,Hombre,18 a 29 años,1
Caborca,2026,Incumplimiento de obligaciones de asistencia familiar,Hombre,No especificado,1
Caborca,2026,Incumplimiento de obligaciones de asistencia familiar,Mujer,0 a 12 años,2
Caborca,2026,Incumplimiento de obligaciones de asistencia familiar,Mujer,13 a 17 años,1
Caborca,2026,Incumplimiento de obligaciones de asistencia familiar,Mujer,18 a 29 años,2
Caborca,2026,Incumplimiento de obligaciones de asistencia familiar,Mujer,30 a 60 años,1
Caborca,2026,Incumplimiento de obligaciones de asistencia familiar,Mujer,No especificado,1
Caborca,2026,Lesiones culposas,Hombre,0 a 12 años,1
Caborca,2026,Lesiones culposas,Hombre,13 a 17 años,2
Caborca,2026,Lesiones culposas,Mujer,0 a 12 años,1
Caborca,2026,Lesiones culposas,Mujer,30 a 60 años,2
Caborca,2026,Lesiones culposas,Mujer,No especificado,1
Caborca,2026,Lesiones dolosas,Hombre,18 a 29 años,1
Caborca,2026,Lesiones dolosas,Hombre,30 a 60 años,1
Caborca,2026,Lesiones dolosas,Mujer,13 a 17 años,1
Caborca,2026,Lesiones dolosas,Mujer,18 a 29 años,2
Caborca,2026,Lesiones dolosas,Mujer,30 a 60 años,2
Caborca,2026,Narcomenudeo con fines de venta,No identificado,No especificado,26
Caborca,2026,Narcomenudeo posesión simple,No identificado,No especificado,11
Caborca,2026,Otros delitos contra el patrimonio,Hombre,No especificado,1
Caborca,2026,Otros delitos del Fuero Común,No identificado,No especificado,10
Caborca,2026,Otros delitos que atentan contra la libertad personal,Hombre,18 a 29 años,1
Caborca,2026,Otros delitos que atentan contra la vida y la integridad corporal,Hombre,18 a 29 años,1
Caborca,2026,Otros robos,Mujer,30 a 60 años,3
Caborca,2026,Privación ilegal de la libertad,Hombre,18 a 29 años,2
Caborca,2026,Privación ilegal de la libertad,Hombre,30 a 60 años,1
Caborca,2026,Privación ilegal de la libertad,Mujer,No especificado,1
Caborca,2026,Robo a casa habitación,Hombre,Más de 60 años,2
Caborca,2026,Robo a casa habitación,Mujer,30 a 60 años,2
Caborca,2026,Robo a casa habitación,Mujer,Más de 60 años,1
Caborca,2026,Robo a negocio,Hombre,30 a 60 años,2
Caborca,2026,Robo a negocio,No identificado,No especificado,2
Caborca,2026,Robo de ganado,Hombre,Más de 60 años,1
Caborca,2026,Robo de vehículo automotor - Coche de 4 ruedas,Hombre,30 a 60 años,1
Caborca,2026,Robo de vehículo automotor - Coche de 4 ruedas,Mujer,18 a 29 años,1
Caborca,2026,Robo de vehículo automotor - Motocicleta,Hombre,No especificado,1
Caborca,2026,Violencia familiar,Hombre,13 a 17 años,2
Caborca,2026,Violencia familiar,Hombre,30 a 60 años,4
Caborca,2026,Violencia familiar,Hombre,No especificado,3
Caborca,2026,Violencia familiar,Mujer,0 a 12 años,1
Caborca,2026,Violencia familiar,Mujer,13 a 17 años,2
Caborca,2026,Violencia familiar,Mujer,18 a 29 años,3
Caborca,2026,Violencia familiar,Mujer,30 a 60 años,11
Caborca,2026,Violencia familiar,Mujer,Más de 60 años,1
Caborca,2026,Violencia familiar,Mujer,No especificado,4
Cajeme,2026,Abuso de confianza,Hombre,30 a 60 años,1
Cajeme,2026,Abuso sexual,Mujer,0 a 12 años,1
Cajeme,2026,Abuso sexual,Mujer,13 a 17 años,3
Cajeme,2026,Abuso sexual,Mujer,18 a 29 años,3
Cajeme,2026,Abuso sexual,Mujer,No especificado,2
Cajeme,2026,Allanamiento de morada,Hombre,30 a 60 años,2
Cajeme,2026,Allanamiento de morada,Mujer,30 a 60 años,1
Cajeme,2026,Allanamiento de morada,Mujer,No especificado,1
Cajeme,2026,Amenazas,Hombre,18 a 29 años,2
Cajeme,2026,Amenazas,Hombre,30 a 60 años,6
Cajeme,2026,Amenazas,Hombre,Más de 60 años,1
Cajeme,2026,Amenazas,Hombre,No especificado,2
Cajeme,2026,Amenazas,Mujer,13 a 17 años,1
Cajeme,2026,Amenazas,Mujer,18 a 29 años,5
Cajeme,2026,Amenazas,Mujer,30 a 60 años,12
Cajeme,2026,Amenazas,Mujer,Más de 60 años,1
Cajeme,2026,Amenazas,Mujer,No especificado,1
Cajeme,2026,Contra el medio ambiente,Hombre,Más de 60 años,1
Cajeme,2026,Contra el medio ambiente,No identificado,No especificado,1
Cajeme,2026,Corrupción de menores,Mujer,13 a 17 años,1
Cajeme,2026,Daño a la propiedad,Hombre,18 a 29 años,4
Cajeme,2026,Daño a la propiedad,Hombre,30 a 60 años,29
Cajeme,2026,Daño a la propiedad,Hombre,Más de 60 años,6
Cajeme,2026,Daño a la propiedad,Hombre,No especificado,5
Cajeme,2026,Daño a la propiedad,Mujer,18 a 29 años,4
Cajeme,2026,Daño a la propiedad,Mujer,30 a 60 años,21
Cajeme,2026,Daño a la propiedad,Mujer,Más de 60 años,2
Cajeme,2026,Daño a la propiedad,Mujer,No especificado,6
Cajeme,2026,Daño a la propiedad,No identificado,No especificado,7
Cajeme,2026,Delitos cometidos por servidores públicos,Hombre,30 a 60 años,1
Cajeme,2026,Delitos cometidos por servidores públicos,Mujer,30 a 60 años,1
Cajeme,2026,Despojo,Hombre,30 a 60 años,3
Cajeme,2026,Despojo,Hombre,Más de 60 años,1
Cajeme,2026,Despojo,Mujer,30 a 60 años,3
Cajeme,2026,Despojo,No identificado,No especificado,1
Cajeme,2026,Extorsión por otros medios,Mujer,18 a 29 años,1
Cajeme,2026,Extorsión presencial,Hombre,Más de 60 años,1
Cajeme,2026,Falsedad,Hombre,30 a 60 años,4
Cajeme,2026,Falsificación,Hombre,30 a 60 años,2
Cajeme,2026,Falsificación,Hombre,Más de 60 años,1
Cajeme,2026,Falsificación,Mujer,No especificado,1
Cajeme,2026,Feminicidio,Mujer,30 a 60 años,2
Cajeme,2026,Fraude,Hombre,30 a 60 años,2
Cajeme,2026,Fraude,Hombre,Más de 60 años,1
Cajeme,2026,Fraude,Hombre,No especificado,4
Cajeme,2026,Fraude,Mujer,30 a 60 años,2
Cajeme,2026,Fraude,Mujer,Más de 60 años,2
Cajeme,2026,Fraude,Mujer,No especificado,2
Cajeme,2026,Fraude,No identificado,No especificado,1
Cajeme,2026,Homicidio culposo,Hombre,18 a 29 años,3
Cajeme,2026,Homicidio culposo,Hombre,30 a 60 años,2
Cajeme,2026,Homicidio culposo,Hombre,Más de 60 años,2
Cajeme,2026,Homicidio culposo,Hombre,No especificado,1
Cajeme,2026,Homicidio culposo,Mujer,No especificado,1
Cajeme,2026,Homicidio culposo,No identificado,No especificado,2
Cajeme,2026,Homicidio doloso,Hombre,13 a 17 años,7
Cajeme,2026,Homicidio doloso,Hombre,18 a 29 años,18
Cajeme,2026,Homicidio doloso,Hombre,30 a 60 años,27
Cajeme,2026,Homicidio doloso,Hombre,Más de 60 años,1
Cajeme,2026,Homicidio doloso,Hombre,No especificado,1
Cajeme,2026,Homicidio doloso,Mujer,18 a 29 años,4
Cajeme,2026,Homicidio doloso,Mujer,30 a 60 años,5
Cajeme,2026,Homicidio doloso,No identificado,No especificado,2
Cajeme,2026,Incumplimiento de obligaciones de asistencia familiar,Hombre,0 a 12 años,25
Cajeme,2026,Incumplimiento de obligaciones de asistencia familiar,Hombre,13 a 17 años,6
Cajeme,2026,Incumplimiento de obligaciones de asistencia familiar,Hombre,18 a 29 años,1
Cajeme,2026,Incumplimiento de obligaciones de asistencia familiar,Hombre,No especificado,2
Cajeme,2026,Incumplimiento de obligaciones de asistencia familiar,Mujer,0 a 12 años,19
Cajeme,2026,Incumplimiento de obligaciones de asistencia familiar,Mujer,13 a 17 años,9
Cajeme,2026,Incumplimiento de obligaciones de asistencia familiar,Mujer,18 a 29 años,3
Cajeme,2026,Incumplimiento de obligaciones de asistencia familiar,Mujer,30 a 60 años,2
Cajeme,2026,Incumplimiento de obligaciones de asistencia familiar,Mujer,No especificado,2
Cajeme,2026,Lesiones culposas,Hombre,0 a 12 años,1
Cajeme,2026,Lesiones culposas,Hombre,18 a 29 años,2
Cajeme,2026,Lesiones culposas,Hombre,30 a 60 años,6
Cajeme,2026,Lesiones culposas,Hombre,Más de 60 años,2
Cajeme,2026,Lesiones culposas,Hombre,No especificado,1
Cajeme,2026,Lesiones culposas,Mujer,18 a 29 años,2
Cajeme,2026,Lesiones culposas,Mujer,30 a 60 años,7
Cajeme,2026,Lesiones culposas,Mujer,Más de 60 años,2
Cajeme,2026,Lesiones culposas,Mujer,No especificado,2
Cajeme,2026,Lesiones culposas,No identificado,No especificado,1
Cajeme,2026,Lesiones dolosas,Hombre,18 a 29 años,4
Cajeme,2026,Lesiones dolosas,Hombre,30 a 60 años,1
Cajeme,2026,Lesiones dolosas,Hombre,Más de 60 años,1
Cajeme,2026,Lesiones dolosas,Hombre,No especificado,2
Cajeme,2026,Lesiones dolosas,Mujer,0 a 12 años,1
Cajeme,2026,Lesiones dolosas,Mujer,18 a 29 años,2
Cajeme,2026,Lesiones dolosas,Mujer,30 a 60 años,6
Cajeme,2026,Lesiones dolosas,Mujer,No especificado,1
Cajeme,2026,Narcomenudeo con fines de venta,No identificado,No especificado,138
Cajeme,2026,Narcomenudeo posesión simple,No identificado,No especificado,19
Cajeme,2026,Otros delitos contra el patrimonio,Hombre,30 a 60 años,2
Cajeme,2026,Otros delitos contra el patrimonio,Hombre,No especificado,2
Cajeme,2026,Otros delitos contra el patrimonio,Mujer,No especificado,4
Cajeme,2026,Otros delitos contra el patrimonio,No identificado,No especificado,12
Cajeme,2026,Otros delitos contra la familia,Hombre,0 a 12 años,1
Cajeme,2026,Otros delitos contra la sociedad,Hombre,13 a 17 años,1
Cajeme,2026,Otros delitos contra la sociedad,No identificado,No especificado,2
Cajeme,2026,Otros delitos del Fuero Común,Hombre,30 a 60 años,2
Cajeme,2026,Otros delitos del Fuero Común,Hombre,No especificado,6
Cajeme,2026,Otros delitos del Fuero Común,No identificado,No especificado,20
Cajeme,2026,Otros delitos que atentan contra la libertad personal,Hombre,18 a 29 años,1
Cajeme,2026,Otros delitos que atentan contra la libertad personal,Mujer,18 a 29 años,1
Cajeme,2026,Otros delitos que atentan contra la libertad personal,No identificado,No especificado,1
Cajeme,2026,Otros delitos que atentan contra la vida y la integridad corporal,Hombre,30 a 60 años,1
Cajeme,2026,Otros delitos que atentan contra la vida y la integridad corporal,Hombre,Más de 60 años,1
Cajeme,2026,Otros robos,Hombre,18 a 29 años,6
Cajeme,2026,Otros robos,Hombre,30 a 60 años,10
Cajeme,2026,Otros robos,Hombre,Más de 60 años,1
Cajeme,2026,Otros robos,Hombre,No especificado,7
Cajeme,2026,Otros robos,Mujer,18 a 29 años,6
Cajeme,2026,Otros robos,Mujer,30 a 60 años,12
Cajeme,2026,Otros robos,Mujer,No especificado,6
Cajeme,2026,Otros robos,No identificado,No especificado,16
Cajeme,2026,Privación ilegal de la libertad,Hombre,18 a 29 años,3
Cajeme,2026,Privación ilegal de la libertad,Hombre,30 a 60 años,5
Cajeme,2026,Privación ilegal de la libertad,Hombre,No especificado,1
Cajeme,2026,Privación ilegal de la libertad,Mujer,18 a 29 años,2
Cajeme,2026,Privación ilegal de la libertad,Mujer,30 a 60 años,3
Cajeme,2026,Retención o sustracción de menores e incapaces,Hombre,0 a 12 años,2
Cajeme,2026,Retención o sustracción de menores e incapaces,Hombre,No especificado,1
Cajeme,2026,Retención o sustracción de menores e incapaces,Mujer,0 a 12 años,2
Cajeme,2026,Robo a casa habitación,Hombre,Más de 60 años,2
Cajeme,2026,Robo a casa habitación,Mujer,30 a 60 años,1
Cajeme,2026,Robo a negocio,Hombre,18 a 29 años,2
Cajeme,2026,Robo a negocio,Hombre,30 a 60 años,2
Cajeme,2026,Robo a negocio,Hombre,No especificado,2
Cajeme,2026,Robo a negocio,Mujer,18 a 29 años,2
Cajeme,2026,Robo a negocio,Mujer,30 a 60 años,6
Cajeme,2026,Robo a negocio,Mujer,No especificado,1
Cajeme,2026,Robo a negocio,No identificado,No especificado,6
Cajeme,2026,Robo a transeúnte en vía pública,Mujer,No especificado,1
Cajeme,2026,Robo de maquinaria - Herramienta industrial o agrícola,No identificado,No especificado,1
Cajeme,2026,Robo de vehículo automotor - Coche de 4 ruedas,Hombre,18 a 29 años,2
Cajeme,2026,Robo de vehículo automotor - Coche de 4 ruedas,Hombre,30 a 60 años,6
Cajeme,2026,Robo de vehículo automotor - Coche de 4 ruedas,Hombre,Más de 60 años,3
Cajeme,2026,Robo de vehículo automotor - Coche de 4 ruedas,Hombre,No especificado,1
Cajeme,2026,Robo de vehículo automotor - Coche de 4 ruedas,Mujer,30 a 60 años,1
Cajeme,2026,Robo de vehículo automotor - Coche de 4 ruedas,Mujer,No especificado,1
Cajeme,2026,Robo de vehículo automotor - Coche de 4 ruedas,No identificado,No especificado,1
Cajeme,2026,Robo de vehículo automotor - Motocicleta,Hombre,13 a 17 años,1
Cajeme,2026,Robo de vehículo automotor - Motocicleta,Hombre,18 a 29 años,23
Cajeme,2026,Robo de vehículo automotor - Motocicleta,Hombre,30 a 60 años,21
Cajeme,2026,Robo de vehículo automotor - Motocicleta,Hombre,No especificado,2
Cajeme,2026,Robo de vehículo automotor - Motocicleta,Mujer,18 a 29 años,1
Cajeme,2026,Robo de vehículo automotor - Motocicleta,Mujer,30 a 60 años,5
Cajeme,2026,Robo de vehículo automotor - Motocicleta,No identificado,No especificado,1
Cajeme,2026,Suplantación y usurpación de identidad,Mujer,30 a 60 años,1
Cajeme,2026,Tentativa de feminicidio,Mujer,18 a 29 años,2
Cajeme,2026,Tentativa de feminicidio,Mujer,30 a 60 años,1
Cajeme,2026,Tentativa de homicidio doloso,Hombre,0 a 12 años,1
Cajeme,2026,Tentativa de homicidio doloso,Hombre,13 a 17 años,1
Cajeme,2026,Tentativa de homicidio doloso,Hombre,18 a 29 años,12
Cajeme,2026,Tentativa de homicidio doloso,Hombre,30 a 60 años,9
Cajeme,2026,Tentativa de homicidio doloso,Hombre,No especificado,2
Cajeme,2026,Tentativa de homicidio doloso,Mujer,13 a 17 años,2
Cajeme,2026,Tentativa de homicidio doloso,Mujer,No especificado,5
Cajeme,2026,Violación a la intimidad sexual,Mujer,30 a 60 años,1
Cajeme,2026,Violación equiparada,Mujer,18 a 29 años,1
Cajeme,2026,Violencia familiar,Hombre,0 a 12 años,2
Cajeme,2026,Violencia familiar,Hombre,18 a 29 años,4
Cajeme,2026,Violencia familiar,Hombre,30 a 60 años,8
Cajeme,2026,Violencia familiar,Hombre,Más de 60 años,4
Cajeme,2026,Violencia familiar,Hombre,No especificado,4
Cajeme,2026,Violencia familiar,Mujer,0 a 12 años,2
Cajeme,2026,Violencia familiar,Mujer,13 a 17 años,3
Cajeme,2026,Violencia familiar,Mujer,18 a 29 años,23
Cajeme,2026,Violencia familiar,Mujer,30 a 60 años,54
Cajeme,2026,Violencia familiar,Mujer,Más de 60 años,4
Cajeme,2026,Violencia familiar,Mujer,No especificado,16
Cananea,2026,Abuso de confianza,Hombre,No especificado,1
Cananea,2026,Abuso sexual,Hombre,No especificado,2
Cananea,2026,Abuso sexual,Mujer,0 a 12 años,1
Cananea,2026,Acoso sexual,Mujer,0 a 12 años,1
Cananea,2026,Acoso sexual,Mujer,13 a 17 años,1
Cananea,2026,Amenazas,Hombre,18 a 29 años,1
Cananea,2026,Amenazas,Hombre,30 a 60 años,1
Cananea,2026,Amenazas,Mujer,30 a 60 años,2
Cananea,2026,Daño a la propiedad,Hombre,30 a 60 años,1
Cananea,2026,Daño a la propiedad,Hombre,No especificado,1
Cananea,2026,Daño a la propiedad,Mujer,30 a 60 años,1
Cananea,2026,Despojo,Mujer,No especificado,1
Cananea,2026,Fraude,Hombre,30 a 60 años,2
Cananea,2026,Homicidio culposo,Hombre,No especificado,1
Cananea,2026,Homicidio doloso,Hombre,30 a 60 años,1
Cananea,2026,Incumplimiento de obligaciones de asistencia familiar,Hombre,0 a 12 años,2
Cananea,2026,Incumplimiento de obligaciones de asistencia familiar,Mujer,0 a 12 años,2
Cananea,2026,Lesiones culposas,Hombre,30 a 60 años,1
Cananea,2026,Lesiones culposas,Hombre,No especificado,1
Cananea,2026,Lesiones dolosas,Hombre,30 a 60 años,2
Cananea,2026,Lesiones dolosas,Hombre,No especificado,2
Cananea,2026,Otros delitos del Fuero Común,No identificado,No especificado,3
Cananea,2026,Robo de vehículo automotor - Coche de 4 ruedas,Hombre,30 a 60 años,1
Cananea,2026,Robo de vehículo automotor - Motocicleta,Mujer,Más de 60 años,1
Cananea,2026,Violencia familiar,Hombre,18 a 29 años,1
Cananea,2026,Violencia familiar,Hombre,30 a 60 años,1
Cananea,2026,Violencia familiar,Hombre,No especificado,1
Cananea,2026,Violencia familiar,Mujer,18 a 29 años,3
Cananea,2026,Violencia familiar,Mujer,30 a 60 años,4
Cananea,2026,Violencia familiar,Mujer,No especificado,1
Carbó,2026,Falsificación,Hombre,No especificado,1
Carbó,2026,Lesiones dolosas,Mujer,13 a 17 años,1
Carbó,2026,Robo de vehículo automotor - Coche de 4 ruedas,Hombre,No especificado,1
Carbó,2026,Violencia familiar,Mujer,13 a 17 años,1
Cucurpe,2026,Aborto,No identificado,No especificado,0
Cucurpe,2026,Abuso de confianza,No identificado,No especificado,0
Cucurpe,2026,Abuso sexual,No identificado,No especificado,0
Cucurpe,2026,Acoso sexual,No identificado,No especificado,0
Cucurpe,2026,Allanamiento de morada,No identificado,No especificado,0
Cucurpe,2026,Amenazas,No identificado,No especificado,0
Cucurpe,2026,Contra el medio ambiente,No identificado,No especificado,0
Cucurpe,2026,Corrupción de menores,No identificado,No especificado,0
Cucurpe,2026,Daño a la propiedad,No identificado,No especificado,0
Cucurpe,2026,Delitos cometidos por servidores públicos,No identificado,No especificado,0
Cucurpe,2026,Delitos contra la administración de justicia,No identificado,No especificado,0
Cucurpe,2026,Despojo,No identificado,No especificado,0
Cucurpe,2026,Discriminación,No identificado,No especificado,0
Cucurpe,2026,Electorales,No identificado,No especificado,0
Cucurpe,2026,Evasión de presos,No identificado,No especificado,0
Cucurpe,2026,Extorsión por otros medios,No identificado,No especificado,0
Cucurpe,2026,Extorsión presencial,No identificado,No especificado,0
Cucurpe,2026,Falsedad,No identificado,No especificado,0
Cucurpe,2026,Falsificación,No identificado,No especificado,0
Cucurpe,2026,Feminicidio,No identificado,No especificado,0
Cucurpe,2026,Fraude,No identificado,No especificado,0
Cucurpe,2026,Homicidio culposo,No identificado,No especificado,0
Cucurpe,2026,Homicidio doloso,No identificado,No especificado,0
Cucurpe,2026,Hostigamiento sexual,No identificado,No especificado,0
Cucurpe,2026,Incesto,No identificado,No especificado,0
Cucurpe,2026,Incumplimiento de obligaciones de asistencia familiar,No identificado,No especificado,0
Cucurpe,2026,Lesiones culposas,No identificado,No especificado,0
Cucurpe,2026,Lesiones dolosas,No identificado,No especificado,0
Cucurpe,2026,Narcomenudeo con fines de venta,No identificado,No especificado,0
Cucurpe,2026,Narcomenudeo posesión simple,No identificado,No especificado,0
Cucurpe,2026,Otros delitos contra el patrimonio,No identificado,No especificado,0
Cucurpe,2026,Otros delitos contra la familia,No identificado,No especificado,0
Cucurpe,2026,Otros delitos contra la sociedad,No identificado,No especificado,0
Cucurpe,2026,Otros delitos del Fuero Común,No identificado,No especificado,0
Cucurpe,2026,Otros delitos que atentan contra la libertad personal,No identificado,No especificado,0
Cucurpe,2026,Otros delitos que atentan contra la libertad y la seguridad sexual,No identificado,No especificado,0
Cucurpe,2026,Otros delitos que atentan contra la vida y la integridad corporal,No identificado,No especificado,0
Cucurpe,2026,Otros robos,No identificado,No especificado,0
Cucurpe,2026,Pornografía infantil,No identificado,No especificado,0
Cucurpe,2026,Privación ilegal de la libertad,No identificado,No especificado,0
Cucurpe,2026,Rapto,No identificado,No especificado,0
Cucurpe,2026,Retención o sustracción de menores e incapaces,No identificado,No especificado,0
Cucurpe,2026,Robo a casa habitación,No identificado,No especificado,0
Cucurpe,2026,Robo a institución bancaria,No identificado,No especificado,0
Cucurpe,2026,Robo a negocio,No identificado,No especificado,0
Cucurpe,2026,Robo a transeúnte en espacio abierto al público,No identificado,No especificado,0
Cucurpe,2026,Robo a transeúnte en vía pública,No identificado,No especificado,0
Cucurpe,2026,Robo a transportista,No identificado,No especificado,0
Cucurpe,2026,Robo de autopartes,No identificado,No especificado,0
Cucurpe,2026,Robo de ganado,No identificado,No especificado,0
Cucurpe,2026,"Robo de maquinaria - Cables, tubos y otros objetos destinados a servicios públicos",No identificado,No especificado,0
Cucurpe,2026,Robo de maquinaria - Herramienta industrial o agrícola,No identificado,No especificado,0
Cucurpe,2026,Robo de maquinaria - Tractores y/o montacargas,No identificado,No especificado,0
Cucurpe,2026,Robo de vehículo automotor - Coche de 4 ruedas,No identificado,No especificado,0
Cucurpe,2026,Robo de vehículo automotor - Embarcaciones,No identificado,No especificado,0
Cucurpe,2026,Robo de vehículo automotor - Motocicleta,No identificado,No especificado,0
Cucurpe,2026,Robo en transporte individual,No identificado,No especificado,0
Cucurpe,2026,Robo en transporte público colectivo,No identificado,No especificado,0
Cucurpe,2026,Robo en transporte público individual,No identificado,No especificado,0
Cucurpe,2026,Secuestro con calidad de rehén,No identificado,No especificado,0
Cucurpe,2026,Secuestro exprés,No identificado,No especificado,0
Cucurpe,2026,Secuestro extorsivo,No identificado,No especificado,0
Cucurpe,2026,Secuestro para causar daño,No identificado,No especificado,0
Cucurpe,2026,Suplantación y usurpación de identidad,No identificado,No especificado,0
Cucurpe,2026,Tentativa de extorsión por otros medios,No identificado,No especificado,0
Cucurpe,2026,Tentativa de extorsión presencial,No identificado,No especificado,0
Cucurpe,2026,Tentativa de feminicidio,No identificado,No especificado,0
Cucurpe,2026,Tentativa de homicidio doloso,No identificado,No especificado,0
Cucurpe,2026,Tortura,No identificado,No especificado,0
Cucurpe,2026,Trata de personas con fines de explotación sexual,No identificado,No especificado,0
Cucurpe,2026,Trata de personas con fines de trabajo o servicios forzados,No identificado,No especificado,0
Cucurpe,2026,Trata de personas con fines de tráfico de órganos,No identificado,No especificado,0
Cucurpe,2026,Trata de personas con otros fines,No identificado,No especificado,0
Cucurpe,2026,Tráfico de menores,No identificado,No especificado,0
Cucurpe,2026,Violación a la intimidad sexual,No identificado,No especificado,0
Cucurpe,2026,Violación equiparada,No identificado,No especificado,0
Cucurpe,2026,Violación simple,No identificado,No especificado,0
Cucurpe,2026,Violencia de género en todas sus modalidades distinta a la violencia familiar,No identificado,No especificado,0
Cucurpe,2026,Violencia familiar,No identificado,No especificado,0
Cumpas,2026,Amenazas,Hombre,18 a 29 años,1
Cumpas,2026,Daño a la propiedad,Hombre,Más de 60 años,1
Cumpas,2026,Daño a la propiedad,Mujer,Más de 60 años,1
Cumpas,2026,Despojo,Hombre,Más de 60 años,1
Cumpas,2026,Despojo,Hombre,No especificado,1
Cumpas,2026,Fraude,Hombre,No especificado,1
Cumpas,2026,Fraude,Mujer,30 a 60 años,2
Cumpas,2026,Incumplimiento de obligaciones de asistencia familiar,Mujer,13 a 17 años,1
Cumpas,2026,Incumplimiento de obligaciones de asistencia familiar,Mujer,30 a 60 años,1
Cumpas,2026,Otros delitos del Fuero Común,No identificado,No especificado,1
Cumpas,2026,Violencia familiar,Hombre,30 a 60 años,1
Cumpas,2026,Violencia familiar,Mujer,18 a 29 años,1
Cumpas,2026,Violencia familiar,Mujer,30 a 60 años,2
Cumpas,2026,Violencia familiar,Mujer,Más de 60 años,2
Divisaderos,2026,Abuso sexual,Mujer,0 a 12 años,1
Empalme,2026,Abuso de confianza,Hombre,30 a 60 años,1
Empalme,2026,Daño a la propiedad,Hombre,30 a 60 años,4
Empalme,2026,Fraude,Mujer,30 a 60 años,1
Empalme,2026,Homicidio doloso,Hombre,No especificado,1
Empalme,2026,Incumplimiento de obligaciones de asistencia familiar,Hombre,0 a 12 años,3
Empalme,2026,Incumplimiento de obligaciones de asistencia familiar,Hombre,13 a 17 años,1
Empalme,2026,Incumplimiento de obligaciones de asistencia familiar,Mujer,0 a 12 años,2
Empalme,2026,Incumplimiento de obligaciones de asistencia familiar,Mujer,13 a 17 años,1
Empalme,2026,Lesiones culposas,Hombre,30 a 60 años,2
Empalme,2026,Lesiones culposas,Mujer,30 a 60 años,1
Empalme,2026,Lesiones culposas,Mujer,Más de 60 años,1
Empalme,2026,Lesiones dolosas,Hombre,30 a 60 años,3
Empalme,2026,Lesiones dolosas,Hombre,Más de 60 años,2
Empalme,2026,Lesiones dolosas,Mujer,13 a 17 años,1
Empalme,2026,Lesiones dolosas,Mujer,30 a 60 años,1
Empalme,2026,Lesiones dolosas,Mujer,Más de 60 años,2
Empalme,2026,Narcomenudeo con fines de venta,No identificado,No especificado,8
Empalme,2026,Otros delitos contra la sociedad,Mujer,30 a 60 años,1
Empalme,2026,Otros delitos del Fuero Común,Hombre,30 a 60 años,1
Empalme,2026,Otros delitos del Fuero Común,No identificado,No especificado,2
Empalme,2026,Privación ilegal de la libertad,Hombre,30 a 60 años,1
Empalme,2026,Privación ilegal de la libertad,Mujer,30 a 60 años,3
Empalme,2026,Robo de vehículo automotor - Coche de 4 ruedas,Hombre,30 a 60 años,5
Empalme,2026,Robo de vehículo automotor - Coche de 4 ruedas,Mujer,18 a 29 años,1
Empalme,2026,Robo de vehículo automotor - Motocicleta,Hombre,18 a 29 años,2
Empalme,2026,Robo de vehículo automotor - Motocicleta,Hombre,30 a 60 años,2
Empalme,2026,Robo de vehículo automotor - Motocicleta,Hombre,No especificado,1
Empalme,2026,Robo de vehículo automotor - Motocicleta,Mujer,No especificado,1
Empalme,2026,Tentativa de homicidio doloso,Hombre,18 a 29 años,1
Empalme,2026,Violencia familiar,Mujer,13 a 17 años,1
Empalme,2026,Violencia familiar,Mujer,18 a 29 años,5
Empalme,2026,Violencia familiar,Mujer,30 a 60 años,4
Empalme,2026,Violencia familiar,Mujer,Más de 60 años,1
Etchojoa,2026,Abuso de confianza,No identificado,No especificado,1
Etchojoa,2026,Amenazas,Mujer,30 a 60 años,1
Etchojoa,2026,Daño a la propiedad,Hombre,18 a 29 años,1
Etchojoa,2026,Daño a la propiedad,Hombre,30 a 60 años,1
Etchojoa,2026,Daño a la propiedad,Mujer,30 a 60 años,1
Etchojoa,2026,Daño a la propiedad,Mujer,Más de 60 años,2
Etchojoa,2026,Despojo,Mujer,30 a 60 años,1
Etchojoa,2026,Homicidio culposo,Hombre,18 a 29 años,1
Etchojoa,2026,Homicidio culposo,Hombre,30 a 60 años,1
Etchojoa,2026,Incumplimiento de obligaciones de asistencia familiar,Mujer,0 a 12 años,3
Etchojoa,2026,Lesiones culposas,Hombre,13 a 17 años,2
Etchojoa,2026,Lesiones culposas,Hombre,18 a 29 años,1
Etchojoa,2026,Lesiones culposas,Hombre,No especificado,2
Etchojoa,2026,Lesiones culposas,Mujer,18 a 29 años,1
Etchojoa,2026,Lesiones culposas,Mujer,30 a 60 años,1
Etchojoa,2026,Lesiones dolosas,Hombre,30 a 60 años,1
Etchojoa,2026,Narcomenudeo con fines de venta,No identificado,No especificado,1
Etchojoa,2026,Otros delitos contra el patrimonio,Mujer,30 a 60 años,1
Etchojoa,2026,Otros delitos contra la sociedad,Mujer,18 a 29 años,1
Etchojoa,2026,Otros delitos del Fuero Común,No identificado,No especificado,3
Etchojoa,2026,Otros delitos que atentan contra la libertad y la seguridad sexual,Mujer,13 a 17 años,1
Etchojoa,2026,Robo a casa habitación,Mujer,18 a 29 años,1
Etchojoa,2026,Robo de vehículo automotor - Motocicleta,Hombre,18 a 29 años,1
Etchojoa,2026,Robo de vehículo automotor - Motocicleta,Mujer,30 a 60 años,1
Etchojoa,2026,Robo de vehículo automotor - Motocicleta,Mujer,No especificado,1
Etchojoa,2026,Violación simple,Hombre,0 a 12 años,1
Etchojoa,2026,Violencia familiar,Mujer,18 a 29 años,2
Etchojoa,2026,Violencia familiar,Mujer,30 a 60 años,3
Etchojoa,2026,Violencia familiar,Mujer,No especificado,1
Fronteras,2026,Daño a la propiedad,Hombre,30 a 60 años,1
Fronteras,2026,Lesiones culposas,Mujer,0 a 12 años,1
Fronteras,2026,Violencia familiar,Hombre,18 a 29 años,1
Fronteras,2026,Violencia familiar,Mujer,30 a 60 años,2
General Plutarco Elías Calles,2026,Abuso sexual,Hombre,No especificado,1
General Plutarco Elías Calles,2026,Amenazas,Mujer,18 a 29 años,3
General Plutarco Elías Calles,2026,Amenazas,Mujer,30 a 60 años,1
General Plutarco Elías Calles,2026,Daño a la propiedad,Hombre,30 a 60 años,1
General Plutarco Elías Calles,2026,Daño a la propiedad,No identificado,No especificado,1
General Plutarco Elías Calles,2026,Extorsión por otros medios,Hombre,No especificado,1
General Plutarco Elías Calles,2026,Lesiones dolosas,Hombre,0 a 12 años,1
General Plutarco Elías Calles,2026,Lesiones dolosas,Hombre,18 a 29 años,1
General Plutarco Elías Calles,2026,Lesiones dolosas,Hombre,30 a 60 años,1
General Plutarco Elías Calles,2026,Lesiones dolosas,Hombre,No especificado,2
General Plutarco Elías Calles,2026,Lesiones dolosas,Mujer,18 a 29 años,1
General Plutarco Elías Calles,2026,Lesiones dolosas,Mujer,30 a 60 años,1
General Plutarco Elías Calles,2026,Narcomenudeo con fines de venta,No identificado,No especificado,1
General Plutarco Elías Calles,2026,Narcomenudeo posesión simple,No identificado,No especificado,3
General Plutarco Elías Calles,2026,Otros delitos contra la familia,Hombre,0 a 12 años,1
General Plutarco Elías Calles,2026,Otros delitos contra la sociedad,No identificado,No especificado,1
General Plutarco Elías Calles,2026,Otros delitos del Fuero Común,Hombre,18 a 29 años,1
General Plutarco Elías Calles,2026,Otros delitos del Fuero Común,Hombre,30 a 60 años,1
General Plutarco Elías Calles,2026,Otros delitos del Fuero Común,No identificado,No especificado,7
General Plutarco Elías Calles,2026,Otros robos,Hombre,No especificado,1
General Plutarco Elías Calles,2026,Otros robos,Mujer,30 a 60 años,3
General Plutarco Elías Calles,2026,Otros robos,No identificado,No especificado,1
General Plutarco Elías Calles,2026,Robo de vehículo automotor - Coche de 4 ruedas,Hombre,30 a 60 años,2
General Plutarco Elías Calles,2026,Robo de vehículo automotor - Coche de 4 ruedas,Hombre,Más de 60 años,1
General Plutarco Elías Calles,2026,Robo de vehículo automotor - Coche de 4 ruedas,Hombre,No especificado,1
General Plutarco Elías Calles,2026,Robo de vehículo automotor - Coche de 4 ruedas,Mujer,30 a 60 años,1
General Plutarco Elías Calles,2026,Robo de vehículo automotor - Coche de 4 ruedas,No identificado,No especificado,1
General Plutarco Elías Calles,2026,Secuestro extorsivo,Hombre,18 a 29 años,1
General Plutarco Elías Calles,2026,Secuestro extorsivo,Hombre,30 a 60 años,1
General Plutarco Elías Calles,2026,Violencia familiar,Hombre,No especificado,1
General Plutarco Elías Calles,2026,Violencia familiar,Mujer,18 a 29 años,2
General Plutarco Elías Calles,2026,Violencia familiar,Mujer,Más de 60 años,2
General Plutarco Elías Calles,2026,Violencia familiar,Mujer,No especificado,1
Granados,2026,Aborto,No identificado,No especificado,0
Granados,2026,Abuso de confianza,No identificado,No especificado,0
Granados,2026,Abuso sexual,No identificado,No especificado,0
Granados,2026,Acoso sexual,No identificado,No especificado,0
Granados,2026,Allanamiento de morada,No identificado,No especificado,0
Granados,2026,Amenazas,No identificado,No especificado,0
Granados,2026,Contra el medio ambiente,No identificado,No especificado,0
Granados,2026,Corrupción de menores,No identificado,No especificado,0
Granados,2026,Daño a la propiedad,No identificado,No especificado,0
Granados,2026,Delitos cometidos por servidores públicos,No identificado,No especificado,0
Granados,2026,Delitos contra la administración de justicia,No identificado,No especificado,0
Granados,2026,Despojo,No identificado,No especificado,0
Granados,2026,Discriminación,No identificado,No especificado,0
Granados,2026,Electorales,No identificado,No especificado,0
Granados,2026,Evasión de presos,No identificado,No especificado,0
Granados,2026,Extorsión por otros medios,No identificado,No especificado,0
Granados,2026,Extorsión presencial,No identificado,No especificado,0
Granados,2026,Falsedad,No identificado,No especificado,0
Granados,2026,Falsificación,No identificado,No especificado,0
Granados,2026,Feminicidio,No identificado,No especificado,0
Granados,2026,Fraude,No identificado,No especificado,0
Granados,2026,Homicidio culposo,No identificado,No especificado,0
Granados,2026,Homicidio doloso,No identificado,No especificado,0
Granados,2026,Hostigamiento sexual,No identificado,No especificado,0
Granados,2026,Incesto,No identificado,No especificado,0
Granados,2026,Incumplimiento de obligaciones de asistencia familiar,No identificado,No especificado,0
Granados,2026,Lesiones culposas,No identificado,No especificado,0
Granados,2026,Lesiones dolosas,No identificado,No especificado,0
Granados,2026,Narcomenudeo con fines de venta,No identificado,No especificado,0
Granados,2026,Narcomenudeo posesión simple,No identificado,No especificado,0
Granados,2026,Otros delitos contra el patrimonio,No identificado,No especificado,0
Granados,2026,Otros delitos contra la familia,No identificado,No especificado,0
Granados,2026,Otros delitos contra la sociedad,No identificado,No especificado,0
Granados,2026,Otros delitos del Fuero Común,No identificado,No especificado,0
Granados,2026,Otros delitos que atentan contra la libertad personal,No identificado,No especificado,0
Granados,2026,Otros delitos que atentan contra la libertad y la seguridad sexual,No identificado,No especificado,0
Granados,2026,Otros delitos que atentan contra la vida y la integridad corporal,No identificado,No especificado,0
Granados,2026,Otros robos,No identificado,No especificado,0
Granados,2026,Pornografía infantil,No identificado,No especificado,0
Granados,2026,Privación ilegal de la libertad,No identificado,No especificado,0
Granados,2026,Rapto,No identificado,No especificado,0
Granados,2026,Retención o sustracción de menores e incapaces,No identificado,No especificado,0
Granados,2026,Robo a casa habitación,No identificado,No especificado,0
Granados,2026,Robo a institución bancaria,No identificado,No especificado,0
Granados,2026,Robo a negocio,No identificado,No especificado,0
Granados,2026,Robo a transeúnte en espacio abierto al público,No identificado,No especificado,0
Granados,2026,Robo a transeúnte en vía pública,No identificado,No especificado,0
Granados,2026,Robo a transportista,No identificado,No especificado,0
Granados,2026,Robo de autopartes,No identificado,No especificado,0
Granados,2026,Robo de ganado,No identificado,No especificado,0
Granados,2026,"Robo de maquinaria - Cables, tubos y otros objetos destinados a servicios públicos",No identificado,No especificado,0
Granados,2026,Robo de maquinaria - Herramienta industrial o agrícola,No identificado,No especificado,0
Granados,2026,Robo de maquinaria - Tractores y/o montacargas,No identificado,No especificado,0
Granados,2026,Robo de vehículo automotor - Coche de 4 ruedas,No identificado,No especificado,0
Granados,2026,Robo de vehículo automotor - Embarcaciones,No identificado,No especificado,0
Granados,2026,Robo de vehículo automotor - Motocicleta,No identificado,No especificado,0
Granados,2026,Robo en transporte individual,No identificado,No especificado,0
Granados,2026,Robo en transporte público colectivo,No identificado,No especificado,0
Granados,2026,Robo en transporte público individual,No identificado,No especificado,0
Granados,2026,Secuestro con calidad de rehén,No identificado,No especificado,0
Granados,2026,Secuestro exprés,No identificado,No especificado,0
Granados,2026,Secuestro extorsivo,No identificado,No especificado,0
Granados,2026,Secuestro para causar daño,No identificado,No especificado,0
Granados,2026,Suplantación y usurpación de identidad,No identificado,No especificado,0
Granados,2026,Tentativa de extorsión por otros medios,No identificado,No especificado,0
Granados,2026,Tentativa de extorsión presencial,No identificado,No especificado,0
Granados,2026,Tentativa de feminicidio,No identificado,No especificado,0
Granados,2026,Tentativa de homicidio doloso,No identificado,No especificado,0
Granados,2026,Tortura,No identificado,No especificado,0
Granados,2026,Trata de personas con fines de explotación sexual,No identificado,No especificado,0
Granados,2026,Trata de personas con fines de trabajo o servicios forzados,No identificado,No especificado,0
Granados,2026,Trata de personas con fines de tráfico de órganos,No identificado,No especificado,0
Granados,2026,Trata de personas con otros fines,No identificado,No especificado,0
Granados,2026,Tráfico de menores,No identificado,No especificado,0
Granados,2026,Violación a la intimidad sexual,No identificado,No especificado,0
Granados,2026,Violación equiparada,No identificado,No especificado,0
Granados,2026,Violación simple,No identificado,No especificado,0
Granados,2026,Violencia de género en todas sus modalidades distinta a la violencia familiar,No identificado,No especificado,0
Granados,2026,Violencia familiar,No identificado,No especificado,0
Guaymas,2026,Abuso de confianza,Mujer,30 a 60 años,1
Guaymas,2026,Abuso sexual,Hombre,0 a 12 años,1
Guaymas,2026,Abuso sexual,Hombre,18 a 29 años,1
Guaymas,2026,Abuso sexual,Mujer,0 a 12 años,4
Guaymas,2026,Abuso sexual,Mujer,18 a 29 años,1
Guaymas,2026,Acoso sexual,Mujer,18 a 29 años,2
Guaymas,2026,Acoso sexual,Mujer,No especificado,1
Guaymas,2026,Allanamiento de morada,Hombre,30 a 60 años,1
Guaymas,2026,Allanamiento de morada,Mujer,18 a 29 años,1
Guaymas,2026,Allanamiento de morada,Mujer,30 a 60 años,2
Guaymas,2026,Allanamiento de morada,Mujer,Más de 60 años,1
Guaymas,2026,Allanamiento de morada,Mujer,No especificado,1
Guaymas,2026,Allanamiento de morada,No identificado,No especificado,1
Guaymas,2026,Amenazas,Hombre,18 a 29 años,2
Guaymas,2026,Amenazas,Hombre,30 a 60 años,2
Guaymas,2026,Amenazas,Hombre,Más de 60 años,1
Guaymas,2026,Amenazas,Mujer,Más de 60 años,1
Guaymas,2026,Amenazas,Mujer,No especificado,1
Guaymas,2026,Amenazas,No identificado,No especificado,1
Guaymas,2026,Contra el medio ambiente,Hombre,30 a 60 años,1
Guaymas,2026,Daño a la propiedad,Hombre,30 a 60 años,5
Guaymas,2026,Daño a la propiedad,Hombre,Más de 60 años,1
Guaymas,2026,Daño a la propiedad,Hombre,No especificado,4
Guaymas,2026,Daño a la propiedad,Mujer,30 a 60 años,1
Guaymas,2026,Daño a la propiedad,No identificado,No especificado,4
Guaymas,2026,Despojo,Hombre,30 a 60 años,1
Guaymas,2026,Despojo,Mujer,30 a 60 años,1
Guaymas,2026,Fraude,Hombre,30 a 60 años,1
Guaymas,2026,Fraude,Hombre,No especificado,1
Guaymas,2026,Fraude,Mujer,30 a 60 años,1
Guaymas,2026,Homicidio culposo,Hombre,30 a 60 años,2
Guaymas,2026,Homicidio culposo,Mujer,18 a 29 años,1
Guaymas,2026,Homicidio doloso,Hombre,0 a 12 años,1
Guaymas,2026,Homicidio doloso,Hombre,18 a 29 años,1
Guaymas,2026,Homicidio doloso,Hombre,30 a 60 años,1
Guaymas,2026,Incumplimiento de obligaciones de asistencia familiar,Hombre,0 a 12 años,7
Guaymas,2026,Incumplimiento de obligaciones de asistencia familiar,Hombre,18 a 29 años,1
Guaymas,2026,Incumplimiento de obligaciones de asistencia familiar,Mujer,0 a 12 años,7
Guaymas,2026,Incumplimiento de obligaciones de asistencia familiar,Mujer,13 a 17 años,2
Guaymas,2026,Incumplimiento de obligaciones de asistencia familiar,Mujer,18 a 29 años,1
Guaymas,2026,Incumplimiento de obligaciones de asistencia familiar,Mujer,No especificado,1
Guaymas,2026,Lesiones culposas,Hombre,13 a 17 años,2
Guaymas,2026,Lesiones culposas,Hombre,18 a 29 años,4
Guaymas,2026,Lesiones culposas,Hombre,30 a 60 años,3
Guaymas,2026,Lesiones culposas,Hombre,No especificado,4
Guaymas,2026,Lesiones culposas,Mujer,13 a 17 años,2
Guaymas,2026,Lesiones culposas,Mujer,18 a 29 años,2
Guaymas,2026,Lesiones culposas,Mujer,30 a 60 años,1
Guaymas,2026,Lesiones dolosas,Hombre,0 a 12 años,1
Guaymas,2026,Lesiones dolosas,Hombre,18 a 29 años,1
Guaymas,2026,Lesiones dolosas,Hombre,30 a 60 años,6
Guaymas,2026,Lesiones dolosas,Hombre,Más de 60 años,1
Guaymas,2026,Lesiones dolosas,Mujer,30 a 60 años,1
Guaymas,2026,Narcomenudeo con fines de venta,No identificado,No especificado,18
Guaymas,2026,Narcomenudeo posesión simple,Hombre,30 a 60 años,1
Guaymas,2026,Otros delitos contra el patrimonio,No identificado,No especificado,1
Guaymas,2026,Otros delitos contra la familia,Hombre,0 a 12 años,4
Guaymas,2026,Otros delitos contra la familia,Hombre,Más de 60 años,1
Guaymas,2026,Otros delitos contra la familia,Mujer,13 a 17 años,1
Guaymas,2026,Otros delitos del Fuero Común,Hombre,No especificado,1
Guaymas,2026,Otros delitos del Fuero Común,No identificado,No especificado,20
Guaymas,2026,Otros delitos que atentan contra la libertad y la seguridad sexual,Hombre,Más de 60 años,1
Guaymas,2026,Otros robos,Hombre,30 a 60 años,1
Guaymas,2026,Otros robos,Hombre,No especificado,1
Guaymas,2026,Otros robos,Mujer,30 a 60 años,1
Guaymas,2026,Otros robos,No identificado,No especificado,1
Guaymas,2026,Robo a casa habitación,Hombre,30 a 60 años,2
Guaymas,2026,Robo a casa habitación,No identificado,No especificado,1
Guaymas,2026,Robo a negocio,Hombre,18 a 29 años,1
Guaymas,2026,Robo a negocio,No identificado,No especificado,1
Guaymas,2026,Robo a transeúnte en espacio abierto al público,Hombre,30 a 60 años,1
Guaymas,2026,Robo a transeúnte en espacio abierto al público,Mujer,30 a 60 años,1
Guaymas,2026,Robo a transeúnte en espacio abierto al público,Mujer,No especificado,1
Guaymas,2026,Robo a transeúnte en espacio abierto al público,No identificado,No especificado,1
Guaymas,2026,Robo a transeúnte en vía pública,Hombre,18 a 29 años,3
Guaymas,2026,Robo de vehículo automotor - Coche de 4 ruedas,Hombre,18 a 29 años,2
Guaymas,2026,Robo de vehículo automotor - Coche de 4 ruedas,Hombre,30 a 60 años,7
Guaymas,2026,Robo de vehículo automotor - Coche de 4 ruedas,Hombre,No especificado,1
Guaymas,2026,Robo de vehículo automotor - Coche de 4 ruedas,Mujer,30 a 60 años,5
Guaymas,2026,Robo de vehículo automotor - Motocicleta,Hombre,18 a 29 años,5
Guaymas,2026,Robo de vehículo automotor - Motocicleta,Hombre,30 a 60 años,4
Guaymas,2026,Robo de vehículo automotor - Motocicleta,Hombre,No especificado,2
Guaymas,2026,Robo de vehículo automotor - Motocicleta,Mujer,18 a 29 años,1
Guaymas,2026,Robo de vehículo automotor - Motocicleta,Mujer,30 a 60 años,1
Guaymas,2026,Violación simple,Hombre,30 a 60 años,1
Guaymas,2026,Violación simple,Mujer,13 a 17 años,1
Guaymas,2026,Violación simple,Mujer,30 a 60 años,1
Guaymas,2026,Violación simple,Mujer,No especificado,1
Guaymas,2026,Violencia familiar,Hombre,0 a 12 años,1
Guaymas,2026,Violencia familiar,Hombre,13 a 17 años,2
Guaymas,2026,Violencia familiar,Hombre,18 a 29 años,2
Guaymas,2026,Violencia familiar,Hombre,30 a 60 años,3
Guaymas,2026,Violencia familiar,Hombre,Más de 60 años,3
Guaymas,2026,Violencia familiar,Hombre,No especificado,1
Guaymas,2026,Violencia familiar,Mujer,13 a 17 años,1
Guaymas,2026,Violencia familiar,Mujer,18 a 29 años,7
Guaymas,2026,Violencia familiar,Mujer,30 a 60 años,18
Guaymas,2026,Violencia familiar,Mujer,Más de 60 años,5
Guaymas,2026,Violencia familiar,Mujer,No especificado,5
Guaymas,2026,Violencia familiar,No identificado,No especificado,1
Hermosillo,2026,Abuso de confianza,Hombre,30 a 60 años,1
Hermosillo,2026,Abuso de confianza,Mujer,No especificado,1
Hermosillo,2026,Abuso de confianza,No identificado,No especificado,2
Hermosillo,2026,Abuso sexual,Hombre,0 a 12 años,2
Hermosillo,2026,Abuso sexual,Hombre,13 a 17 años,1
Hermosillo,2026,Abuso sexual,Mujer,0 a 12 años,10
Hermosillo,2026,Abuso sexual,Mujer,13 a 17 años,6
Hermosillo,2026,Abuso sexual,Mujer,18 a 29 años,4
Hermosillo,2026,Abuso sexual,Mujer,30 a 60 años,3
Hermosillo,2026,Abuso sexual,No identificado,No especificado,2
Hermosillo,2026,Acoso sexual,Hombre,18 a 29 años,1
Hermosillo,2026,Acoso sexual,Mujer,13 a 17 años,4
Hermosillo,2026,Acoso sexual,Mujer,30 a 60 años,1
Hermosillo,2026,Allanamiento de morada,Hombre,30 a 60 años,6
Hermosillo,2026,Allanamiento de morada,Hombre,No especificado,8
Hermosillo,2026,Allanamiento de morada,Mujer,18 a 29 años,4
Hermosillo,2026,Allanamiento de morada,Mujer,30 a 60 años,5
Hermosillo,2026,Allanamiento de morada,Mujer,No especificado,8
Hermosillo,2026,Amenazas,Hombre,13 a 17 años,8
Hermosillo,2026,Amenazas,Hombre,18 a 29 años,6
Hermosillo,2026,Amenazas,Hombre,30 a 60 años,11
Hermosillo,2026,Amenazas,Hombre,Más de 60 años,2
Hermosillo,2026,Amenazas,Hombre,No especificado,15
Hermosillo,2026,Amenazas,Mujer,0 a 12 años,6
Hermosillo,2026,Amenazas,Mujer,13 a 17 años,4
Hermosillo,2026,Amenazas,Mujer,18 a 29 años,6
Hermosillo,2026,Amenazas,Mujer,30 a 60 años,17
Hermosillo,2026,Amenazas,Mujer,Más de 60 años,3
Hermosillo,2026,Amenazas,Mujer,No especificado,12
Hermosillo,2026,Contra el medio ambiente,Mujer,18 a 29 años,1
Hermosillo,2026,Contra el medio ambiente,No identificado,No especificado,1
Hermosillo,2026,Corrupción de menores,Hombre,13 a 17 años,1
Hermosillo,2026,Corrupción de menores,Mujer,13 a 17 años,2
Hermosillo,2026,Corrupción de menores,Mujer,No especificado,1
Hermosillo,2026,Daño a la propiedad,Hombre,18 a 29 años,9
Hermosillo,2026,Daño a la propiedad,Hombre,30 a 60 años,19
Hermosillo,2026,Daño a la propiedad,Hombre,Más de 60 años,1
Hermosillo,2026,Daño a la propiedad,Hombre,No especificado,31
Hermosillo,2026,Daño a la propiedad,Mujer,18 a 29 años,2
Hermosillo,2026,Daño a la propiedad,Mujer,30 a 60 años,12
Hermosillo,2026,Daño a la propiedad,Mujer,Más de 60 años,3
Hermosillo,2026,Daño a la propiedad,Mujer,No especificado,8
Hermosillo,2026,Daño a la propiedad,No identificado,18 a 29 años,4
Hermosillo,2026,Daño a la propiedad,No identificado,No especificado,14
Hermosillo,2026,Despojo,Hombre,30 a 60 años,3
Hermosillo,2026,Despojo,Hombre,No especificado,1
Hermosillo,2026,Despojo,Mujer,Más de 60 años,2
Hermosillo,2026,Despojo,Mujer,No especificado,1
Hermosillo,2026,Extorsión por otros medios,Hombre,18 a 29 años,1
Hermosillo,2026,Extorsión por otros medios,Hombre,30 a 60 años,3
Hermosillo,2026,Extorsión por otros medios,No identificado,No especificado,1
Hermosillo,2026,Extorsión presencial,Hombre,18 a 29 años,1
Hermosillo,2026,Falsedad,Hombre,30 a 60 años,1
Hermosillo,2026,Falsedad,Hombre,No especificado,2
Hermosillo,2026,Falsificación,Hombre,No especificado,1
Hermosillo,2026,Falsificación,Mujer,No especificado,1
Hermosillo,2026,Feminicidio,Mujer,30 a 60 años,2
Hermosillo,2026,Fraude,Hombre,18 a 29 años,1
Hermosillo,2026,Fraude,Hombre,30 a 60 años,4
Hermosillo,2026,Fraude,Hombre,Más de 60 años,3
Hermosillo,2026,Fraude,Hombre,No especificado,3
Hermosillo,2026,Fraude,Mujer,30 a 60 años,3
Hermosillo,2026,Fraude,Mujer,No especificado,2
Hermosillo,2026,Homicidio culposo,Hombre,18 a 29 años,1
Hermosillo,2026,Homicidio culposo,Hombre,No especificado,2
Hermosillo,2026,Homicidio doloso,Hombre,18 a 29 años,7
Hermosillo,2026,Homicidio doloso,Hombre,30 a 60 años,23
Hermosillo,2026,Homicidio doloso,Hombre,No especificado,7
Hermosillo,2026,Homicidio doloso,Mujer,30 a 60 años,1
Hermosillo,2026,Homicidio doloso,No identificado,No especificado,2
Hermosillo,2026,Hostigamiento sexual,Mujer,30 a 60 años,1
Hermosillo,2026,Incumplimiento de obligaciones de asistencia familiar,Hombre,0 a 12 años,16
Hermosillo,2026,Incumplimiento de obligaciones de asistencia familiar,Hombre,13 a 17 años,4
Hermosillo,2026,Incumplimiento de obligaciones de asistencia familiar,Hombre,18 a 29 años,1
Hermosillo,2026,Incumplimiento de obligaciones de asistencia familiar,Mujer,0 a 12 años,16
Hermosillo,2026,Incumplimiento de obligaciones de asistencia familiar,Mujer,13 a 17 años,6
Hermosillo,2026,Incumplimiento de obligaciones de asistencia familiar,Mujer,18 a 29 años,1
Hermosillo,2026,Incumplimiento de obligaciones de asistencia familiar,Mujer,No especificado,2
Hermosillo,2026,Incumplimiento de obligaciones de asistencia familiar,No identificado,No especificado,1
Hermosillo,2026,Lesiones culposas,Hombre,13 a 17 años,1
Hermosillo,2026,Lesiones culposas,Hombre,18 a 29 años,1
Hermosillo,2026,Lesiones culposas,Hombre,30 a 60 años,3
Hermosillo,2026,Lesiones culposas,Hombre,No especificado,11
Hermosillo,2026,Lesiones culposas,Mujer,18 a 29 años,1
Hermosillo,2026,Lesiones culposas,Mujer,30 a 60 años,3
Hermosillo,2026,Lesiones culposas,Mujer,Más de 60 años,1
Hermosillo,2026,Lesiones culposas,Mujer,No especificado,10
Hermosillo,2026,Lesiones culposas,No identificado,18 a 29 años,2
Hermosillo,2026,Lesiones culposas,No identificado,No especificado,1
Hermosillo,2026,Lesiones dolosas,Hombre,0 a 12 años,1
Hermosillo,2026,Lesiones dolosas,Hombre,13 a 17 años,8
Hermosillo,2026,Lesiones dolosas,Hombre,18 a 29 años,12
Hermosillo,2026,Lesiones dolosas,Hombre,30 a 60 años,11
Hermosillo,2026,Lesiones dolosas,Hombre,No especificado,16
Hermosillo,2026,Lesiones dolosas,Mujer,0 a 12 años,7
Hermosillo,2026,Lesiones dolosas,Mujer,13 a 17 años,10
Hermosillo,2026,Lesiones dolosas,Mujer,18 a 29 años,4
Hermosillo,2026,Lesiones dolosas,Mujer,30 a 60 años,10
Hermosillo,2026,Lesiones dolosas,Mujer,No especificado,6
Hermosillo,2026,Lesiones dolosas,No identificado,No especificado,2
Hermosillo,2026,Narcomenudeo con fines de venta,Hombre,30 a 60 años,1
Hermosillo,2026,Narcomenudeo con fines de venta,Hombre,No especificado,2
Hermosillo,2026,Narcomenudeo con fines de venta,No identificado,No especificado,282
Hermosillo,2026,Narcomenudeo posesión simple,No identificado,No especificado,255
Hermosillo,2026,Otros delitos contra el patrimonio,Hombre,18 a 29 años,2
Hermosillo,2026,Otros delitos contra el patrimonio,Hombre,30 a 60 años,2
Hermosillo,2026,Otros delitos contra el patrimonio,Hombre,No especificado,14
Hermosillo,2026,Otros delitos contra el patrimonio,Mujer,No especificado,3
Hermosillo,2026,Otros delitos contra el patrimonio,No identificado,No especificado,16
Hermosillo,2026,Otros delitos contra la familia,Hombre,30 a 60 años,1
Hermosillo,2026,Otros delitos contra la familia,Mujer,0 a 12 años,1
Hermosillo,2026,Otros delitos contra la familia,Mujer,30 a 60 años,1
Hermosillo,2026,Otros delitos contra la sociedad,Hombre,30 a 60 años,1
Hermosillo,2026,Otros delitos contra la sociedad,Hombre,No especificado,1
Hermosillo,2026,Otros delitos contra la sociedad,Mujer,0 a 12 años,2
Hermosillo,2026,Otros delitos contra la sociedad,Mujer,13 a 17 años,1
Hermosillo,2026,Otros delitos contra la sociedad,Mujer,30 a 60 años,2
Hermosillo,2026,Otros delitos del Fuero Común,Hombre,18 a 29 años,3
Hermosillo,2026,Otros delitos del Fuero Común,Hombre,30 a 60 años,2
Hermosillo,2026,Otros delitos del Fuero Común,Hombre,No especificado,4
Hermosillo,2026,Otros delitos del Fuero Común,Mujer,No especificado,1
Hermosillo,2026,Otros delitos del Fuero Común,No identificado,18 a 29 años,1
Hermosillo,2026,Otros delitos del Fuero Común,No identificado,No especificado,179
Hermosillo,2026,Otros delitos que atentan contra la libertad personal,Hombre,18 a 29 años,1
Hermosillo,2026,Otros delitos que atentan contra la libertad personal,Hombre,No especificado,1
Hermosillo,2026,Otros delitos que atentan contra la libertad y la seguridad sexual,Mujer,13 a 17 años,2
Hermosillo,2026,Otros delitos que atentan contra la libertad y la seguridad sexual,Mujer,No especificado,1
Hermosillo,2026,Otros delitos que atentan contra la vida y la integridad corporal,Hombre,18 a 29 años,2
Hermosillo,2026,Otros delitos que atentan contra la vida y la integridad corporal,Hombre,No especificado,1
Hermosillo,2026,Otros robos,Hombre,18 a 29 años,4
Hermosillo,2026,Otros robos,Hombre,30 a 60 años,8
Hermosillo,2026,Otros robos,Hombre,Más de 60 años,1
Hermosillo,2026,Otros robos,Hombre,No especificado,15
Hermosillo,2026,Otros robos,Mujer,30 a 60 años,6
Hermosillo,2026,Otros robos,Mujer,Más de 60 años,3
Hermosillo,2026,Otros robos,Mujer,No especificado,2
Hermosillo,2026,Otros robos,No identificado,18 a 29 años,1
Hermosillo,2026,Otros robos,No identificado,30 a 60 años,1
Hermosillo,2026,Otros robos,No identificado,No especificado,14
Hermosillo,2026,Privación ilegal de la libertad,Hombre,18 a 29 años,6
Hermosillo,2026,Privación ilegal de la libertad,Hombre,30 a 60 años,11
Hermosillo,2026,Privación ilegal de la libertad,Hombre,No especificado,1
Hermosillo,2026,Privación ilegal de la libertad,Mujer,13 a 17 años,1
Hermosillo,2026,Privación ilegal de la libertad,Mujer,30 a 60 años,2
Hermosillo,2026,Privación ilegal de la libertad,No identificado,No especificado,1
Hermosillo,2026,Retención o sustracción de menores e incapaces,Mujer,0 a 12 años,1
Hermosillo,2026,Robo a casa habitación,Hombre,18 a 29 años,1
Hermosillo,2026,Robo a casa habitación,Hombre,30 a 60 años,3
Hermosillo,2026,Robo a casa habitación,Hombre,No especificado,1
Hermosillo,2026,Robo a casa habitación,Mujer,30 a 60 años,1
Hermosillo,2026,Robo a casa habitación,Mujer,Más de 60 años,1
Hermosillo,2026,Robo a casa habitación,Mujer,No especificado,3
Hermosillo,2026,Robo a negocio,Hombre,No especificado,1
Hermosillo,2026,Robo a negocio,No identificado,No especificado,13
Hermosillo,2026,Robo a transeúnte en espacio abierto al público,Mujer,Más de 60 años,1
Hermosillo,2026,Robo a transeúnte en espacio abierto al público,No identificado,No especificado,1
Hermosillo,2026,Robo a transeúnte en vía pública,Hombre,13 a 17 años,1
Hermosillo,2026,Robo a transeúnte en vía pública,Hombre,18 a 29 años,2
Hermosillo,2026,Robo a transeúnte en vía pública,Hombre,30 a 60 años,5
Hermosillo,2026,Robo a transeúnte en vía pública,Hombre,No especificado,2
Hermosillo,2026,Robo a transeúnte en vía pública,Mujer,No especificado,2
Hermosillo,2026,Robo a transeúnte en vía pública,No identificado,No especificado,2
Hermosillo,2026,Robo a transportista,Hombre,No especificado,1
Hermosillo,2026,Robo a transportista,Mujer,No especificado,1
Hermosillo,2026,Robo de autopartes,Hombre,30 a 60 años,3
Hermosillo,2026,Robo de autopartes,Hombre,Más de 60 años,1
Hermosillo,2026,Robo de autopartes,Hombre,No especificado,2
Hermosillo,2026,Robo de autopartes,No identificado,No especificado,2
Hermosillo,2026,Robo de vehículo automotor - Coche de 4 ruedas,Hombre,18 a 29 años,4
Hermosillo,2026,Robo de vehículo automotor - Coche de 4 ruedas,Hombre,30 a 60 años,11
Hermosillo,2026,Robo de vehículo automotor - Coche de 4 ruedas,Hombre,Más de 60 años,1
Hermosillo,2026,Robo de vehículo automotor - Coche de 4 ruedas,Hombre,No especificado,26
Hermosillo,2026,Robo de vehículo automotor - Coche de 4 ruedas,Mujer,18 a 29 años,2
Hermosillo,2026,Robo de vehículo automotor - Coche de 4 ruedas,Mujer,30 a 60 años,6
Hermosillo,2026,Robo de vehículo automotor - Coche de 4 ruedas,Mujer,Más de 60 años,1
Hermosillo,2026,Robo de vehículo automotor - Coche de 4 ruedas,Mujer,No especificado,5
Hermosillo,2026,Robo de vehículo automotor - Coche de 4 ruedas,No identificado,No especificado,9
Hermosillo,2026,Robo de vehículo automotor - Motocicleta,Hombre,18 a 29 años,4
Hermosillo,2026,Robo de vehículo automotor - Motocicleta,Hombre,30 a 60 años,3
Hermosillo,2026,Robo de vehículo automotor - Motocicleta,Hombre,Más de 60 años,1
Hermosillo,2026,Robo de vehículo automotor - Motocicleta,Hombre,No especificado,3
Hermosillo,2026,Robo de vehículo automotor - Motocicleta,Mujer,30 a 60 años,1
Hermosillo,2026,Robo de vehículo automotor - Motocicleta,Mujer,No especificado,1
Hermosillo,2026,Robo de vehículo automotor - Motocicleta,No identificado,No especificado,2
Hermosillo,2026,Robo en transporte individual,Hombre,No especificado,1
Hermosillo,2026,Secuestro extorsivo,Hombre,13 a 17 años,1
Hermosillo,2026,Secuestro extorsivo,Hombre,18 a 29 años,1
Hermosillo,2026,Secuestro para causar daño,Hombre,30 a 60 años,1
Hermosillo,2026,Tentativa de feminicidio,Mujer,18 a 29 años,1
Hermosillo,2026,Tentativa de homicidio doloso,Hombre,13 a 17 años,1
Hermosillo,2026,Tentativa de homicidio doloso,Hombre,18 a 29 años,5
Hermosillo,2026,Tentativa de homicidio doloso,Hombre,30 a 60 años,17
Hermosillo,2026,Tentativa de homicidio doloso,Hombre,Más de 60 años,2
Hermosillo,2026,Tentativa de homicidio doloso,Hombre,No especificado,12
Hermosillo,2026,Tentativa de homicidio doloso,Mujer,30 a 60 años,6
Hermosillo,2026,Violación a la intimidad sexual,Mujer,13 a 17 años,4
Hermosillo,2026,Violación a la intimidad sexual,Mujer,18 a 29 años,2
Hermosillo,2026,Violación equiparada,Mujer,0 a 12 años,1
Hermosillo,2026,Violación equiparada,Mujer,13 a 17 años,2
Hermosillo,2026,Violación equiparada,Mujer,18 a 29 años,1
Hermosillo,2026,Violación simple,Mujer,0 a 12 años,1
Hermosillo,2026,Violación simple,Mujer,13 a 17 años,3
Hermosillo,2026,Violación simple,Mujer,18 a 29 años,4
Hermosillo,2026,Violación simple,Mujer,30 a 60 años,4
Hermosillo,2026,Violencia familiar,Hombre,0 a 12 años,6
Hermosillo,2026,Violencia familiar,Hombre,13 a 17 años,2
Hermosillo,2026,Violencia familiar,Hombre,18 a 29 años,10
Hermosillo,2026,Violencia familiar,Hombre,30 a 60 años,13
Hermosillo,2026,Violencia familiar,Hombre,Más de 60 años,6
Hermosillo,2026,Violencia familiar,Hombre,No especificado,8
Hermosillo,2026,Violencia familiar,Mujer,0 a 12 años,5
Hermosillo,2026,Violencia familiar,Mujer,13 a 17 años,7
Hermosillo,2026,Violencia familiar,Mujer,18 a 29 años,36
Hermosillo,2026,Violencia familiar,Mujer,30 a 60 años,64
Hermosillo,2026,Violencia familiar,Mujer,Más de 60 años,10
Hermosillo,2026,Violencia familiar,Mujer,No especificado,28
Hermosillo,2026,Violencia familiar,No identificado,18 a 29 años,3
Huachinera,2026,Violencia familiar,Mujer,30 a 60 años,1
Huatabampo,2026,Abuso sexual,Mujer,0 a 12 años,1
Huatabampo,2026,Abuso sexual,Mujer,13 a 17 años,3
Huatabampo,2026,Abuso sexual,Mujer,18 a 29 años,1
Huatabampo,2026,Abuso sexual,Mujer,30 a 60 años,1
Huatabampo,2026,Amenazas,Hombre,18 a 29 años,2
Huatabampo,2026,Daño a la propiedad,Mujer,No especificado,1
Huatabampo,2026,Despojo,Mujer,No especificado,1
Huatabampo,2026,Fraude,Hombre,Más de 60 años,1
Huatabampo,2026,Fraude,Mujer,30 a 60 años,1
Huatabampo,2026,Fraude,Mujer,Más de 60 años,1
Huatabampo,2026,Incumplimiento de obligaciones de asistencia familiar,Hombre,0 a 12 años,10
Huatabampo,2026,Incumplimiento de obligaciones de asistencia familiar,Hombre,13 a 17 años,2
Huatabampo,2026,Incumplimiento de obligaciones de asistencia familiar,Hombre,No especificado,2
Huatabampo,2026,Incumplimiento de obligaciones de asistencia familiar,Mujer,0 a 12 años,9
Huatabampo,2026,Incumplimiento de obligaciones de asistencia familiar,Mujer,13 a 17 años,6
Huatabampo,2026,Lesiones culposas,Mujer,30 a 60 años,1
Huatabampo,2026,Lesiones culposas,Mujer,No especificado,1
Huatabampo,2026,Lesiones dolosas,Hombre,18 a 29 años,1
Huatabampo,2026,Lesiones dolosas,Hombre,30 a 60 años,1
Huatabampo,2026,Lesiones dolosas,Hombre,No especificado,1
Huatabampo,2026,Lesiones dolosas,Mujer,18 a 29 años,1
Huatabampo,2026,Lesiones dolosas,Mujer,30 a 60 años,1
Huatabampo,2026,Narcomenudeo con fines de venta,No identificado,No especificado,5
Huatabampo,2026,Otros delitos contra la sociedad,Mujer,30 a 60 años,1
Huatabampo,2026,Otros delitos del Fuero Común,Hombre,No especificado,1
Huatabampo,2026,Otros robos,Mujer,30 a 60 años,1
Huatabampo,2026,Robo de vehículo automotor - Coche de 4 ruedas,Hombre,Más de 60 años,1
Huatabampo,2026,Robo de vehículo automotor - Coche de 4 ruedas,Mujer,18 a 29 años,1
Huatabampo,2026,Robo de vehículo automotor - Coche de 4 ruedas,Mujer,30 a 60 años,2
Huatabampo,2026,Robo de vehículo automotor - Motocicleta,Hombre,18 a 29 años,2
Huatabampo,2026,Robo de vehículo automotor - Motocicleta,Mujer,18 a 29 años,1
Huatabampo,2026,Violación simple,Mujer,13 a 17 años,3
Huatabampo,2026,Violencia familiar,Hombre,30 a 60 años,1
Huatabampo,2026,Violencia familiar,Hombre,Más de 60 años,1
Huatabampo,2026,Violencia familiar,Mujer,18 a 29 años,5
Huatabampo,2026,Violencia familiar,Mujer,30 a 60 años,9
Huatabampo,2026,Violencia familiar,Mujer,Más de 60 años,6
Huatabampo,2026,Violencia familiar,Mujer,No especificado,1
Huásabas,2026,Aborto,No identificado,No especificado,0
Huásabas,2026,Abuso de confianza,No identificado,No especificado,0
Huásabas,2026,Abuso sexual,No identificado,No especificado,0
Huásabas,2026,Acoso sexual,No identificado,No especificado,0
Huásabas,2026,Allanamiento de morada,No identificado,No especificado,0
Huásabas,2026,Amenazas,No identificado,No especificado,0
Huásabas,2026,Contra el medio ambiente,No identificado,No especificado,0
Huásabas,2026,Corrupción de menores,No identificado,No especificado,0
Huásabas,2026,Daño a la propiedad,No identificado,No especificado,0
Huásabas,2026,Delitos cometidos por servidores públicos,No identificado,No especificado,0
Huásabas,2026,Delitos contra la administración de justicia,No identificado,No especificado,0
Huásabas,2026,Despojo,No identificado,No especificado,0
Huásabas,2026,Discriminación,No identificado,No especificado,0
Huásabas,2026,Electorales,No identificado,No especificado,0
Huásabas,2026,Evasión de presos,No identificado,No especificado,0
Huásabas,2026,Extorsión por otros medios,No identificado,No especificado,0
Huásabas,2026,Extorsión presencial,No identificado,No especificado,0
Huásabas,2026,Falsedad,No identificado,No especificado,0
Huásabas,2026,Falsificación,No identificado,No especificado,0
Huásabas,2026,Feminicidio,No identificado,No especificado,0
Huásabas,2026,Fraude,No identificado,No especificado,0
Huásabas,2026,Homicidio culposo,No identificado,No especificado,0
Huásabas,2026,Homicidio doloso,No identificado,No especificado,0
Huásabas,2026,Hostigamiento sexual,No identificado,No especificado,0
Huásabas,2026,Incesto,No identificado,No especificado,0
Huásabas,2026,Incumplimiento de obligaciones de asistencia familiar,No identificado,No especificado,0
Huásabas,2026,Lesiones culposas,No identificado,No especificado,0
Huásabas,2026,Lesiones dolosas,No identificado,No especificado,0
Huásabas,2026,Narcomenudeo con fines de venta,No identificado,No especificado,0
Huásabas,2026,Narcomenudeo posesión simple,No identificado,No especificado,0
Huásabas,2026,Otros delitos contra el patrimonio,No identificado,No especificado,0
Huásabas,2026,Otros delitos contra la familia,No identificado,No especificado,0
Huásabas,2026,Otros delitos contra la sociedad,No identificado,No especificado,0
Huásabas,2026,Otros delitos del Fuero Común,No identificado,No especificado,0
Huásabas,2026,Otros delitos que atentan contra la libertad personal,No identificado,No especificado,0
Huásabas,2026,Otros delitos que atentan contra la libertad y la seguridad sexual,No identificado,No especificado,0
Huásabas,2026,Otros delitos que atentan contra la vida y la integridad corporal,No identificado,No especificado,0
Huásabas,2026,Otros robos,No identificado,No especificado,0
Huásabas,2026,Pornografía infantil,No identificado,No especificado,0
Huásabas,2026,Privación ilegal de la libertad,No identificado,No especificado,0
Huásabas,2026,Rapto,No identificado,No especificado,0
Huásabas,2026,Retención o sustracción de menores e incapaces,No identificado,No especificado,0
Huásabas,2026,Robo a casa habitación,No identificado,No especificado,0
Huásabas,2026,Robo a institución bancaria,No identificado,No especificado,0
Huásabas,2026,Robo a negocio,No identificado,No especificado,0
Huásabas,2026,Robo a transeúnte en espacio abierto al público,No identificado,No especificado,0
Huásabas,2026,Robo a transeúnte en vía pública,No identificado,No especificado,0
Huásabas,2026,Robo a transportista,No identificado,No especificado,0
Huásabas,2026,Robo de autopartes,No identificado,No especificado,0
Huásabas,2026,Robo de ganado,No identificado,No especificado,0
Huásabas,2026,"Robo de maquinaria - Cables, tubos y otros objetos destinados a servicios públicos",No identificado,No especificado,0
Huásabas,2026,Robo de maquinaria - Herramienta industrial o agrícola,No identificado,No especificado,0
Huásabas,2026,Robo de maquinaria - Tractores y/o montacargas,No identificado,No especificado,0
Huásabas,2026,Robo de vehículo automotor - Coche de 4 ruedas,No identificado,No especificado,0
Huásabas,2026,Robo de vehículo automotor - Embarcaciones,No identificado,No especificado,0
Huásabas,2026,Robo de vehículo automotor - Motocicleta,No identificado,No especificado,0
Huásabas,2026,Robo en transporte individual,No identificado,No especificado,0
Huásabas,2026,Robo en transporte público colectivo,No identificado,No especificado,0
Huásabas,2026,Robo en transporte público individual,No identificado,No especificado,0
Huásabas,2026,Secuestro con calidad de rehén,No identificado,No especificado,0
Huásabas,2026,Secuestro exprés,No identificado,No especificado,0
Huásabas,2026,Secuestro extorsivo,No identificado,No especificado,0
Huásabas,2026,Secuestro para causar daño,No identificado,No especificado,0
Huásabas,2026,Suplantación y usurpación de identidad,No identificado,No especificado,0
Huásabas,2026,Tentativa de extorsión por otros medios,No identificado,No especificado,0
Huásabas,2026,Tentativa de extorsión presencial,No identificado,No especificado,0
Huásabas,2026,Tentativa de feminicidio,No identificado,No especificado,0
Huásabas,2026,Tentativa de homicidio doloso,No identificado,No especificado,0
Huásabas,2026,Tortura,No identificado,No especificado,0
Huásabas,2026,Trata de personas con fines de explotación sexual,No identificado,No especificado,0
Huásabas,2026,Trata de personas con fines de trabajo o servicios forzados,No identificado,No especificado,0
Huásabas,2026,Trata de personas con fines de tráfico de órganos,No identificado,No especificado,0
Huásabas,2026,Trata de personas con otros fines,No identificado,No especificado,0
Huásabas,2026,Tráfico de menores,No identificado,No especificado,0
Huásabas,2026,Violación a la intimidad sexual,No identificado,No especificado,0
Huásabas,2026,Violación equiparada,No identificado,No especificado,0
Huásabas,2026,Violación simple,No identificado,No especificado,0
Huásabas,2026,Violencia de género en todas sus modalidades distinta a la violencia familiar,No identificado,No especificado,0
Huásabas,2026,Violencia familiar,No identificado,No especificado,0
Huépac,2026,Aborto,No identificado,No especificado,0
Huépac,2026,Abuso de confianza,No identificado,No especificado,0
Huépac,2026,Abuso sexual,No identificado,No especificado,0
Huépac,2026,Acoso sexual,No identificado,No especificado,0
Huépac,2026,Allanamiento de morada,No identificado,No especificado,0
Huépac,2026,Amenazas,No identificado,No especificado,0
Huépac,2026,Contra el medio ambiente,No identificado,No especificado,0
Huépac,2026,Corrupción de menores,No identificado,No especificado,0
Huépac,2026,Daño a la propiedad,No identificado,No especificado,0
Huépac,2026,Delitos cometidos por servidores públicos,No identificado,No especificado,0
Huépac,2026,Delitos contra la administración de justicia,No identificado,No especificado,0
Huépac,2026,Despojo,No identificado,No especificado,0
Huépac,2026,Discriminación,No identificado,No especificado,0
Huépac,2026,Electorales,No identificado,No especificado,0
Huépac,2026,Evasión de presos,No identificado,No especificado,0
Huépac,2026,Extorsión por otros medios,No identificado,No especificado,0
Huépac,2026,Extorsión presencial,No identificado,No especificado,0
Huépac,2026,Falsedad,No identificado,No especificado,0
Huépac,2026,Falsificación,No identificado,No especificado,0
Huépac,2026,Feminicidio,No identificado,No especificado,0
Huépac,2026,Fraude,No identificado,No especificado,0
Huépac,2026,Homicidio culposo,No identificado,No especificado,0
Huépac,2026,Homicidio doloso,No identificado,No especificado,0
Huépac,2026,Hostigamiento sexual,No identificado,No especificado,0
Huépac,2026,Incesto,No identificado,No especificado,0
Huépac,2026,Incumplimiento de obligaciones de asistencia familiar,No identificado,No especificado,0
Huépac,2026,Lesiones culposas,No identificado,No especificado,0
Huépac,2026,Lesiones dolosas,No identificado,No especificado,0
Huépac,2026,Narcomenudeo con fines de venta,No identificado,No especificado,0
Huépac,2026,Narcomenudeo posesión simple,No identificado,No especificado,0
Huépac,2026,Otros delitos contra el patrimonio,No identificado,No especificado,0
Huépac,2026,Otros delitos contra la familia,No identificado,No especificado,0
Huépac,2026,Otros delitos contra la sociedad,No identificado,No especificado,0
Huépac,2026,Otros delitos del Fuero Común,No identificado,No especificado,0
Huépac,2026,Otros delitos que atentan contra la libertad personal,No identificado,No especificado,0
Huépac,2026,Otros delitos que atentan contra la libertad y la seguridad sexual,No identificado,No especificado,0
Huépac,2026,Otros delitos que atentan contra la vida y la integridad corporal,No identificado,No especificado,0
Huépac,2026,Otros robos,No identificado,No especificado,0
Huépac,2026,Pornografía infantil,No identificado,No especificado,0
Huépac,2026,Privación ilegal de la libertad,No identificado,No especificado,0
Huépac,2026,Rapto,No identificado,No especificado,0
Huépac,2026,Retención o sustracción de menores e incapaces,No identificado,No especificado,0
Huépac,2026,Robo a casa habitación,No identificado,No especificado,0
Huépac,2026,Robo a institución bancaria,No identificado,No especificado,0
Huépac,2026,Robo a negocio,No identificado,No especificado,0
Huépac,2026,Robo a transeúnte en espacio abierto al público,No identificado,No especificado,0
Huépac,2026,Robo a transeúnte en vía pública,No identificado,No especificado,0
Huépac,2026,Robo a transportista,No identificado,No especificado,0
Huépac,2026,Robo de autopartes,No identificado,No especificado,0
Huépac,2026,Robo de ganado,No identificado,No especificado,0
Huépac,2026,"Robo de maquinaria - Cables, tubos y otros objetos destinados a servicios públicos",No identificado,No especificado,0
Huépac,2026,Robo de maquinaria - Herramienta industrial o agrícola,No identificado,No especificado,0
Huépac,2026,Robo de maquinaria - Tractores y/o montacargas,No identificado,No especificado,0
Huépac,2026,Robo de vehículo automotor - Coche de 4 ruedas,No identificado,No especificado,0
Huépac,2026,Robo de vehículo automotor - Embarcaciones,No identificado,No especificado,0
Huépac,2026,Robo de vehículo automotor - Motocicleta,No identificado,No especificado,0
Huépac,2026,Robo en transporte individual,No identificado,No especificado,0
Huépac,2026,Robo en transporte público colectivo,No identificado,No especificado,0
Huépac,2026,Robo en transporte público individual,No identificado,No especificado,0
Huépac,2026,Secuestro con calidad de rehén,No identificado,No especificado,0
Huépac,2026,Secuestro exprés,No identificado,No especificado,0
Huépac,2026,Secuestro extorsivo,No identificado,No especificado,0
Huépac,2026,Secuestro para causar daño,No identificado,No especificado,0
Huépac,2026,Suplantación y usurpación de identidad,No identificado,No especificado,0
Huépac,2026,Tentativa de extorsión por otros medios,No identificado,No especificado,0
Huépac,2026,Tentativa de extorsión presencial,No identificado,No especificado,0
Huépac,2026,Tentativa de feminicidio,No identificado,No especificado,0
Huépac,2026,Tentativa de homicidio doloso,No identificado,No especificado,0
Huépac,2026,Tortura,No identificado,No especificado,0
Huépac,2026,Trata de personas con fines de explotación sexual,No identificado,No especificado,0
Huépac,2026,Trata de personas con fines de trabajo o servicios forzados,No identificado,No especificado,0
Huépac,2026,Trata de personas con fines de tráfico de órganos,No identificado,No especificado,0
Huépac,2026,Trata de personas con otros fines,No identificado,No especificado,0
Huépac,2026,Tráfico de menores,No identificado,No especificado,0
Huépac,2026,Violación a la intimidad sexual,No identificado,No especificado,0
Huépac,2026,Violación equiparada,No identificado,No especificado,0
Huépac,2026,Violación simple,No identificado,No especificado,0
Huépac,2026,Violencia de género en todas sus modalidades distinta a la violencia familiar,No identificado,No especificado,0
Huépac,2026,Violencia familiar,No identificado,No especificado,0
Imuris,2026,Daño a la propiedad,Hombre,30 a 60 años,1
Imuris,2026,Daño a la propiedad,Hombre,No especificado,1
Imuris,2026,Daño a la propiedad,Mujer,30 a 60 años,1
Imuris,2026,Despojo,Hombre,No especificado,1
Imuris,2026,Despojo,Mujer,No especificado,1
Imuris,2026,Fraude,Hombre,No especificado,1
Imuris,2026,Lesiones dolosas,Hombre,No especificado,1
Imuris,2026,Narcomenudeo con fines de venta,No identificado,No especificado,2
Imuris,2026,Narcomenudeo posesión simple,No identificado,No especificado,1
Imuris,2026,Otros delitos contra el patrimonio,No identificado,No especificado,2
Imuris,2026,Otros delitos contra la sociedad,No identificado,No especificado,1
Imuris,2026,Otros delitos del Fuero Común,No identificado,No especificado,2
Imuris,2026,Otros robos,Hombre,No especificado,1
Imuris,2026,Otros robos,Mujer,No especificado,1
Imuris,2026,Robo de vehículo automotor - Motocicleta,Mujer,30 a 60 años,1
Imuris,2026,Tentativa de feminicidio,Mujer,No especificado,2
Imuris,2026,Tentativa de homicidio doloso,Hombre,No especificado,1
Imuris,2026,Violencia familiar,Hombre,No especificado,1
Imuris,2026,Violencia familiar,Mujer,30 a 60 años,2
Imuris,2026,Violencia familiar,Mujer,Más de 60 años,1
Imuris,2026,Violencia familiar,Mujer,No especificado,1
La Colorada,2026,Amenazas,Hombre,30 a 60 años,1
La Colorada,2026,Lesiones dolosas,Hombre,30 a 60 años,1
Magdalena,2026,Aborto,Mujer,No especificado,1
Magdalena,2026,Amenazas,Hombre,No especificado,1
Magdalena,2026,Amenazas,Mujer,30 a 60 años,1
Magdalena,2026,Amenazas,Mujer,No especificado,2
Magdalena,2026,Daño a la propiedad,Hombre,30 a 60 años,1
Magdalena,2026,Daño a la propiedad,Hombre,No especificado,1
Magdalena,2026,Homicidio doloso,Hombre,18 a 29 años,1
Magdalena,2026,Homicidio doloso,Hombre,30 a 60 años,1
Magdalena,2026,Incumplimiento de obligaciones de asistencia familiar,Hombre,0 a 12 años,3
Magdalena,2026,Incumplimiento de obligaciones de asistencia familiar,Mujer,0 a 12 años,1
Magdalena,2026,Incumplimiento de obligaciones de asistencia familiar,Mujer,13 a 17 años,2
Magdalena,2026,Incumplimiento de obligaciones de asistencia familiar,Mujer,No especificado,1
Magdalena,2026,Lesiones dolosas,Hombre,No especificado,1
Magdalena,2026,Lesiones dolosas,Mujer,30 a 60 años,2
Magdalena,2026,Narcomenudeo con fines de venta,No identificado,No especificado,7
Magdalena,2026,Narcomenudeo posesión simple,No identificado,No especificado,2
Magdalena,2026,Otros delitos contra el patrimonio,No identificado,No especificado,3
Magdalena,2026,Otros delitos contra la familia,Hombre,0 a 12 años,1
Magdalena,2026,Otros delitos contra la familia,Hombre,13 a 17 años,1
Magdalena,2026,Otros delitos contra la sociedad,No identificado,No especificado,1
Magdalena,2026,Otros delitos del Fuero Común,No identificado,No especificado,5
Magdalena,2026,Otros robos,Mujer,30 a 60 años,7
Magdalena,2026,Otros robos,No identificado,No especificado,4
Magdalena,2026,Robo a casa habitación,Mujer,30 a 60 años,2
Magdalena,2026,Robo a negocio,No identificado,No especificado,1
Magdalena,2026,Robo de vehículo automotor - Coche de 4 ruedas,Hombre,18 a 29 años,1
Magdalena,2026,Robo de vehículo automotor - Coche de 4 ruedas,Hombre,30 a 60 años,1
Magdalena,2026,Robo de vehículo automotor - Coche de 4 ruedas,Hombre,No especificado,2
Magdalena,2026,Robo de vehículo automotor - Coche de 4 ruedas,No identificado,No especificado,1
Magdalena,2026,Robo de vehículo automotor - Motocicleta,Hombre,No especificado,2
Magdalena,2026,Tentativa de homicidio doloso,Hombre,18 a 29 años,2
Magdalena,2026,Tentativa de homicidio doloso,Hombre,No especificado,1
Magdalena,2026,Violencia familiar,Hombre,30 a 60 años,1
Magdalena,2026,Violencia familiar,Mujer,30 a 60 años,3
Magdalena,2026,Violencia familiar,Mujer,No especificado,8
Mazatán,2026,Homicidio doloso,Hombre,30 a 60 años,1
Moctezuma,2026,Amenazas,Mujer,30 a 60 años,1
Moctezuma,2026,Daño a la propiedad,Hombre,18 a 29 años,1
Moctezuma,2026,Incumplimiento de obligaciones de asistencia familiar,Hombre,18 a 29 años,1
Moctezuma,2026,Incumplimiento de obligaciones de asistencia familiar,Mujer,0 a 12 años,1
Moctezuma,2026,Incumplimiento de obligaciones de asistencia familiar,Mujer,No especificado,1
Moctezuma,2026,Lesiones dolosas,Hombre,30 a 60 años,2
Moctezuma,2026,Narcomenudeo con fines de venta,No identificado,No especificado,1
Moctezuma,2026,Otros delitos contra la familia,Mujer,13 a 17 años,2
Moctezuma,2026,Otros delitos del Fuero Común,Hombre,30 a 60 años,1
Moctezuma,2026,Otros delitos del Fuero Común,Mujer,18 a 29 años,1
Moctezuma,2026,Violencia familiar,Hombre,30 a 60 años,1
Moctezuma,2026,Violencia familiar,Hombre,Más de 60 años,1
Moctezuma,2026,Violencia familiar,Mujer,30 a 60 años,1
Moctezuma,2026,Violencia familiar,Mujer,Más de 60 años,1
Naco,2026,Feminicidio,Mujer,13 a 17 años,1
Naco,2026,Incumplimiento de obligaciones de asistencia familiar,Mujer,0 a 12 años,1
Naco,2026,Lesiones dolosas,Hombre,30 a 60 años,1
Naco,2026,Robo de vehículo automotor - Coche de 4 ruedas,Hombre,No especificado,1
Naco,2026,Violencia familiar,Mujer,18 a 29 años,1
Naco,2026,Violencia familiar,Mujer,30 a 60 años,2
Nacozari de García,2026,Abuso sexual,Hombre,0 a 12 años,1
Nacozari de García,2026,Amenazas,Hombre,Más de 60 años,1
Nacozari de García,2026,Amenazas,Mujer,30 a 60 años,2
Nacozari de García,2026,Daño a la propiedad,Hombre,30 a 60 años,3
Nacozari de García,2026,Daño a la propiedad,No identificado,No especificado,1
Nacozari de García,2026,Incumplimiento de obligaciones de asistencia familiar,Hombre,0 a 12 años,1
Nacozari de García,2026,Incumplimiento de obligaciones de asistencia familiar,Mujer,0 a 12 años,1
Nacozari de García,2026,Lesiones dolosas,Hombre,30 a 60 años,1
Nacozari de García,2026,Lesiones dolosas,Mujer,30 a 60 años,1
Nacozari de García,2026,Otros delitos del Fuero Común,Hombre,30 a 60 años,1
Nacozari de García,2026,Robo de vehículo automotor - Coche de 4 ruedas,Hombre,30 a 60 años,1
Nacozari de García,2026,Tentativa de feminicidio,Mujer,30 a 60 años,1
Nacozari de García,2026,Violencia familiar,Mujer,30 a 60 años,3
Navojoa,2026,Abuso sexual,Mujer,13 a 17 años,1
Navojoa,2026,Abuso sexual,Mujer,18 a 29 años,1
Navojoa,2026,Abuso sexual,Mujer,30 a 60 años,2
Navojoa,2026,Allanamiento de morada,Hombre,30 a 60 años,1
Navojoa,2026,Allanamiento de morada,Hombre,No especificado,1
Navojoa,2026,Allanamiento de morada,Mujer,18 a 29 años,2
Navojoa,2026,Allanamiento de morada,Mujer,30 a 60 años,2
Navojoa,2026,Amenazas,Hombre,13 a 17 años,1
Navojoa,2026,Amenazas,Hombre,No especificado,1
Navojoa,2026,Amenazas,Mujer,30 a 60 años,3
Navojoa,2026,Contra el medio ambiente,Mujer,30 a 60 años,1
Navojoa,2026,Daño a la propiedad,Hombre,No especificado,2
Navojoa,2026,Delitos cometidos por servidores públicos,Hombre,13 a 17 años,1
Navojoa,2026,Despojo,Mujer,30 a 60 años,1
Navojoa,2026,Despojo,Mujer,No especificado,1
Navojoa,2026,Homicidio culposo,Hombre,18 a 29 años,1
Navojoa,2026,Homicidio culposo,Hombre,Más de 60 años,1
Navojoa,2026,Incumplimiento de obligaciones de asistencia familiar,Hombre,0 a 12 años,2
Navojoa,2026,Incumplimiento de obligaciones de asistencia familiar,Hombre,13 a 17 años,1
Navojoa,2026,Incumplimiento de obligaciones de asistencia familiar,Hombre,18 a 29 años,1
Navojoa,2026,Incumplimiento de obligaciones de asistencia familiar,Mujer,0 a 12 años,8
Navojoa,2026,Incumplimiento de obligaciones de asistencia familiar,Mujer,13 a 17 años,4
Navojoa,2026,Incumplimiento de obligaciones de asistencia familiar,Mujer,18 a 29 años,2
Navojoa,2026,Incumplimiento de obligaciones de asistencia familiar,Mujer,30 a 60 años,1
Navojoa,2026,Incumplimiento de obligaciones de asistencia familiar,Mujer,No especificado,1
Navojoa,2026,Lesiones culposas,Hombre,Más de 60 años,1
Navojoa,2026,Lesiones culposas,Hombre,No especificado,1
Navojoa,2026,Lesiones dolosas,Hombre,0 a 12 años,1
Navojoa,2026,Lesiones dolosas,Hombre,13 a 17 años,1
Navojoa,2026,Lesiones dolosas,Hombre,30 a 60 años,1
Navojoa,2026,Lesiones dolosas,Hombre,No especificado,1
Navojoa,2026,Lesiones dolosas,Mujer,30 a 60 años,2
Navojoa,2026,Narcomenudeo con fines de venta,No identificado,No especificado,25
Navojoa,2026,Narcomenudeo posesión simple,No identificado,No especificado,1
Navojoa,2026,Otros delitos contra el patrimonio,No identificado,No especificado,1
Navojoa,2026,Otros delitos contra la familia,Hombre,0 a 12 años,1
Navojoa,2026,Otros delitos del Fuero Común,Hombre,No especificado,1
Navojoa,2026,Otros delitos del Fuero Común,Mujer,18 a 29 años,1
Navojoa,2026,Otros delitos del Fuero Común,No identificado,No especificado,2
Navojoa,2026,Otros robos,Hombre,18 a 29 años,1
Navojoa,2026,Otros robos,Hombre,30 a 60 años,3
Navojoa,2026,Otros robos,Hombre,Más de 60 años,1
Navojoa,2026,Otros robos,Mujer,30 a 60 años,1
Navojoa,2026,Robo a casa habitación,Hombre,30 a 60 años,2
Navojoa,2026,Robo a casa habitación,Mujer,18 a 29 años,1
Navojoa,2026,Robo a negocio,Mujer,No especificado,1
Navojoa,2026,Robo a transeúnte en vía pública,Hombre,30 a 60 años,1
Navojoa,2026,Robo a transeúnte en vía pública,Mujer,18 a 29 años,2
Navojoa,2026,Robo de vehículo automotor - Coche de 4 ruedas,Hombre,30 a 60 años,2
Navojoa,2026,Robo de vehículo automotor - Coche de 4 ruedas,Hombre,Más de 60 años,1
Navojoa,2026,Robo de vehículo automotor - Coche de 4 ruedas,Hombre,No especificado,3
Navojoa,2026,Robo de vehículo automotor - Coche de 4 ruedas,Mujer,Más de 60 años,1
Navojoa,2026,Robo de vehículo automotor - Motocicleta,Hombre,18 a 29 años,3
Navojoa,2026,Robo de vehículo automotor - Motocicleta,Hombre,30 a 60 años,1
Navojoa,2026,Robo de vehículo automotor - Motocicleta,Hombre,Más de 60 años,1
Navojoa,2026,Robo de vehículo automotor - Motocicleta,Hombre,No especificado,2
Navojoa,2026,Robo de vehículo automotor - Motocicleta,Mujer,18 a 29 años,1
Navojoa,2026,Robo de vehículo automotor - Motocicleta,Mujer,No especificado,1
Navojoa,2026,Violación equiparada,Hombre,13 a 17 años,1
Navojoa,2026,Violencia familiar,Hombre,13 a 17 años,1
Navojoa,2026,Violencia familiar,Hombre,18 a 29 años,1
Navojoa,2026,Violencia familiar,Hombre,30 a 60 años,1
Navojoa,2026,Violencia familiar,Hombre,Más de 60 años,1
Navojoa,2026,Violencia familiar,Hombre,No especificado,1
Navojoa,2026,Violencia familiar,Mujer,18 a 29 años,8
Navojoa,2026,Violencia familiar,Mujer,30 a 60 años,11
Navojoa,2026,Violencia familiar,Mujer,Más de 60 años,1
Navojoa,2026,Violencia familiar,Mujer,No especificado,4
No especificado,2026,Aborto,No identificado,No especificado,0
No especificado,2026,Abuso de confianza,No identificado,No especificado,0
No especificado,2026,Abuso sexual,No identificado,No especificado,0
No especificado,2026,Acoso sexual,No identificado,No especificado,0
No especificado,2026,Allanamiento de morada,No identificado,No especificado,0
No especificado,2026,Amenazas,No identificado,No especificado,0
No especificado,2026,Contra el medio ambiente,No identificado,No especificado,0
No especificado,2026,Corrupción de menores,No identificado,No especificado,0
No especificado,2026,Daño a la propiedad,No identificado,No especificado,0
No especificado,2026,Delitos cometidos por servidores públicos,No identificado,No especificado,0
No especificado,2026,Delitos contra la administración de justicia,No identificado,No especificado,0
No especificado,2026,Despojo,No identificado,No especificado,0
No especificado,2026,Discriminación,No identificado,No especificado,0
No especificado,2026,Electorales,No identificado,No especificado,0
No especificado,2026,Evasión de presos,No identificado,No especificado,0
No especificado,2026,Extorsión por otros medios,No identificado,No especificado,0
No especificado,2026,Extorsión presencial,No identificado,No especificado,0
No especificado,2026,Falsedad,No identificado,No especificado,0
No especificado,2026,Falsificación,No identificado,No especificado,0
No especificado,2026,Feminicidio,No identificado,No especificado,0
No especificado,2026,Fraude,No identificado,No especificado,0
No especificado,2026,Homicidio culposo,No identificado,No especificado,0
No especificado,2026,Homicidio doloso,No identificado,No especificado,0
No especificado,2026,Hostigamiento sexual,No identificado,No especificado,0
No especificado,2026,Incesto,No identificado,No especificado,0
No especificado,2026,Incumplimiento de obligaciones de asistencia familiar,No identificado,No especificado,0
No especificado,2026,Lesiones culposas,No identificado,No especificado,0
No especificado,2026,Lesiones dolosas,No identificado,No especificado,0
No especificado,2026,Narcomenudeo con fines de venta,No identificado,No especificado,0
No especificado,2026,Narcomenudeo posesión simple,No identificado,No especificado,0
No especificado,2026,Otros delitos contra el patrimonio,No identificado,No especificado,0
No especificado,2026,Otros delitos contra la familia,No identificado,No especificado,0
No especificado,2026,Otros delitos contra la sociedad,No identificado,No especificado,0
No especificado,2026,Otros delitos del Fuero Común,No identificado,No especificado,0
No especificado,2026,Otros delitos que atentan contra la libertad personal,No identificado,No especificado,0
No especificado,2026,Otros delitos que atentan contra la libertad y la seguridad sexual,No identificado,No especificado,0
No especificado,2026,Otros delitos que atentan contra la vida y la integridad corporal,No identificado,No especificado,0
No especificado,2026,Otros robos,No identificado,No especificado,0
No especificado,2026,Pornografía infantil,No identificado,No especificado,0
No especificado,2026,Privación ilegal de la libertad,No identificado,No especificado,0
No especificado,2026,Rapto,No identificado,No especificado,0
No especificado,2026,Retención o sustracción de menores e incapaces,No identificado,No especificado,0
No especificado,2026,Robo a casa habitación,No identificado,No especificado,0
No especificado,2026,Robo a institución bancaria,No identificado,No especificado,0
No especificado,2026,Robo a negocio,No identificado,No especificado,0
No especificado,2026,Robo a transeúnte en espacio abierto al público,No identificado,No especificado,0
No especificado,2026,Robo a transeúnte en vía pública,No identificado,No especificado,0
No especificado,2026,Robo a transportista,No identificado,No especificado,0
No especificado,2026,Robo de autopartes,No identificado,No especificado,0
No especificado,2026,Robo de ganado,No identificado,No especificado,0
No especificado,2026,"Robo de maquinaria - Cables, tubos y otros objetos destinados a servicios públicos",No identificado,No especificado,0
No especificado,2026,Robo de maquinaria - Herramienta industrial o agrícola,No identificado,No especificado,0
No especificado,2026,Robo de maquinaria - Tractores y/o montacargas,No identificado,No especificado,0
No especificado,2026,Robo de vehículo automotor - Coche de 4 ruedas,No identificado,No especificado,0
No especificado,2026,Robo de vehículo automotor - Embarcaciones,No identificado,No especificado,0
No especificado,2026,Robo de vehículo automotor - Motocicleta,No identificado,No especificado,0
No especificado,2026,Robo en transporte individual,No identificado,No especificado,0
No especificado,2026,Robo en transporte público colectivo,No identificado,No especificado,0
No especificado,2026,Robo en transporte público individual,No identificado,No especificado,0
No especificado,2026,Secuestro con calidad de rehén,No identificado,No especificado,0
No especificado,2026,Secuestro exprés,No identificado,No especificado,0
No especificado,2026,Secuestro extorsivo,No identificado,No especificado,0
No especificado,2026,Secuestro para causar daño,No identificado,No especificado,0
No especificado,2026,Suplantación y usurpación de identidad,No identificado,No especificado,0
No especificado,2026,Tentativa de extorsión por otros medios,No identificado,No especificado,0
No especificado,2026,Tentativa de extorsión presencial,No identificado,No especificado,0
No especificado,2026,Tentativa de feminicidio,No identificado,No especificado,0
No especificado,2026,Tentativa de homicidio doloso,No identificado,No especificado,0
No especificado,2026,Tortura,No identificado,No especificado,0
No especificado,2026,Trata de personas con fines de explotación sexual,No identificado,No especificado,0
No especificado,2026,Trata de personas con fines de trabajo o servicios forzados,No identificado,No especificado,0
No especificado,2026,Trata de personas con fines de tráfico de órganos,No identificado,No especificado,0
No especificado,2026,Trata de personas con otros fines,No identificado,No especificado,0
No especificado,2026,Tráfico de menores,No identificado,No especificado,0
No especificado,2026,Violación a la intimidad sexual,No identificado,No especificado,0
No especificado,2026,Violación equiparada,No identificado,No especificado,0
No especificado,2026,Violación simple,No identificado,No especificado,0
No especificado,2026,Violencia de género en todas sus modalidades distinta a la violencia familiar,No identificado,No especificado,0
No especificado,2026,Violencia familiar,No identificado,No especificado,0
Nogales,2026,Abuso de confianza,Mujer,30 a 60 años,1
Nogales,2026,Abuso sexual,Hombre,0 a 12 años,1
Nogales,2026,Abuso sexual,Mujer,0 a 12 años,3
Nogales,2026,Acoso sexual,Mujer,30 a 60 años,1
Nogales,2026,Allanamiento de morada,Hombre,18 a 29 años,1
Nogales,2026,Allanamiento de morada,Hombre,30 a 60 años,1
Nogales,2026,Amenazas,Hombre,18 a 29 años,1
Nogales,2026,Amenazas,Hombre,No especificado,4
Nogales,2026,Amenazas,Mujer,18 a 29 años,1
Nogales,2026,Amenazas,Mujer,30 a 60 años,2
Nogales,2026,Amenazas,Mujer,No especificado,2
Nogales,2026,Contra el medio ambiente,Hombre,No especificado,1
Nogales,2026,Corrupción de menores,Hombre,13 a 17 años,3
Nogales,2026,Corrupción de menores,Mujer,0 a 12 años,1
Nogales,2026,Daño a la propiedad,Hombre,18 a 29 años,6
Nogales,2026,Daño a la propiedad,Hombre,30 a 60 años,10
Nogales,2026,Daño a la propiedad,Hombre,No especificado,6
Nogales,2026,Daño a la propiedad,Mujer,18 a 29 años,1
Nogales,2026,Daño a la propiedad,Mujer,30 a 60 años,4
Nogales,2026,Daño a la propiedad,Mujer,No especificado,2
Nogales,2026,Daño a la propiedad,No identificado,No especificado,1
Nogales,2026,Despojo,Hombre,No especificado,1
Nogales,2026,Despojo,Mujer,No especificado,3
Nogales,2026,Fraude,Mujer,30 a 60 años,1
Nogales,2026,Homicidio culposo,Hombre,No especificado,1
Nogales,2026,Homicidio doloso,Hombre,No especificado,3
Nogales,2026,Incumplimiento de obligaciones de asistencia familiar,Hombre,0 a 12 años,13
Nogales,2026,Incumplimiento de obligaciones de asistencia familiar,Hombre,13 a 17 años,11
Nogales,2026,Incumplimiento de obligaciones de asistencia familiar,Hombre,No especificado,6
Nogales,2026,Incumplimiento de obligaciones de asistencia familiar,Mujer,0 a 12 años,7
Nogales,2026,Incumplimiento de obligaciones de asistencia familiar,Mujer,13 a 17 años,1
Nogales,2026,Incumplimiento de obligaciones de asistencia familiar,Mujer,18 a 29 años,1
Nogales,2026,Incumplimiento de obligaciones de asistencia familiar,Mujer,No especificado,2
Nogales,2026,Lesiones culposas,Hombre,13 a 17 años,1
Nogales,2026,Lesiones culposas,Hombre,30 a 60 años,2
Nogales,2026,Lesiones culposas,Mujer,30 a 60 años,1
Nogales,2026,Lesiones dolosas,Hombre,18 a 29 años,1
Nogales,2026,Lesiones dolosas,Hombre,30 a 60 años,2
Nogales,2026,Lesiones dolosas,Hombre,No especificado,8
Nogales,2026,Lesiones dolosas,Mujer,30 a 60 años,4
Nogales,2026,Lesiones dolosas,Mujer,No especificado,6
Nogales,2026,Narcomenudeo con fines de venta,Hombre,30 a 60 años,6
Nogales,2026,Narcomenudeo con fines de venta,Hombre,No especificado,3
Nogales,2026,Narcomenudeo con fines de venta,No identificado,No especificado,7
Nogales,2026,Narcomenudeo posesión simple,Hombre,30 a 60 años,10
Nogales,2026,Narcomenudeo posesión simple,Hombre,No especificado,12
Nogales,2026,Narcomenudeo posesión simple,No identificado,No especificado,4
Nogales,2026,Otros delitos contra el patrimonio,Hombre,18 a 29 años,1
Nogales,2026,Otros delitos contra el patrimonio,Hombre,30 a 60 años,2
Nogales,2026,Otros delitos contra el patrimonio,Hombre,No especificado,2
Nogales,2026,Otros delitos contra el patrimonio,No identificado,No especificado,1
Nogales,2026,Otros delitos contra la familia,Hombre,0 a 12 años,1
Nogales,2026,Otros delitos contra la familia,Hombre,13 a 17 años,1
Nogales,2026,Otros delitos contra la sociedad,Hombre,30 a 60 años,1
Nogales,2026,Otros delitos contra la sociedad,No identificado,No especificado,1
Nogales,2026,Otros delitos del Fuero Común,Hombre,30 a 60 años,6
Nogales,2026,Otros delitos del Fuero Común,Hombre,No especificado,5
Nogales,2026,Otros delitos del Fuero Común,Mujer,30 a 60 años,6
Nogales,2026,Otros delitos del Fuero Común,Mujer,No especificado,1
Nogales,2026,Otros delitos del Fuero Común,No identificado,No especificado,3
Nogales,2026,Otros delitos que atentan contra la libertad personal,Hombre,30 a 60 años,1
Nogales,2026,Otros delitos que atentan contra la libertad personal,Hombre,No especificado,1
Nogales,2026,Otros delitos que atentan contra la libertad personal,Mujer,30 a 60 años,1
Nogales,2026,Otros delitos que atentan contra la vida y la integridad corporal,Hombre,30 a 60 años,1
Nogales,2026,Otros robos,Hombre,13 a 17 años,1
Nogales,2026,Otros robos,Hombre,18 a 29 años,2
Nogales,2026,Otros robos,Hombre,No especificado,3
Nogales,2026,Otros robos,Mujer,30 a 60 años,1
Nogales,2026,Otros robos,No identificado,No especificado,2
Nogales,2026,Pornografía infantil,Mujer,0 a 12 años,1
Nogales,2026,Privación ilegal de la libertad,Hombre,18 a 29 años,3
Nogales,2026,Privación ilegal de la libertad,Hombre,30 a 60 años,1
Nogales,2026,Privación ilegal de la libertad,Hombre,No especificado,3
Nogales,2026,Privación ilegal de la libertad,Mujer,30 a 60 años,1
Nogales,2026,Retención o sustracción de menores e incapaces,Hombre,0 a 12 años,1
Nogales,2026,Retención o sustracción de menores e incapaces,Mujer,No especificado,1
Nogales,2026,Robo a negocio,Hombre,30 a 60 años,4
Nogales,2026,Robo a negocio,Mujer,30 a 60 años,3
Nogales,2026,Robo a transeúnte en vía pública,Hombre,30 a 60 años,2
Nogales,2026,Robo de vehículo automotor - Coche de 4 ruedas,Hombre,18 a 29 años,3
Nogales,2026,Robo de vehículo automotor - Coche de 4 ruedas,Hombre,30 a 60 años,8
Nogales,2026,Robo de vehículo automotor - Coche de 4 ruedas,Hombre,Más de 60 años,1
Nogales,2026,Robo de vehículo automotor - Coche de 4 ruedas,Hombre,No especificado,10
Nogales,2026,Robo de vehículo automotor - Coche de 4 ruedas,Mujer,18 a 29 años,2
Nogales,2026,Robo de vehículo automotor - Coche de 4 ruedas,Mujer,30 a 60 años,4
Nogales,2026,Robo de vehículo automotor - Coche de 4 ruedas,Mujer,Más de 60 años,2
Nogales,2026,Robo de vehículo automotor - Coche de 4 ruedas,Mujer,No especificado,2
Nogales,2026,Robo de vehículo automotor - Coche de 4 ruedas,No identificado,No especificado,2
Nogales,2026,Robo de vehículo automotor - Motocicleta,Hombre,18 a 29 años,4
Nogales,2026,Robo de vehículo automotor - Motocicleta,Hombre,30 a 60 años,2
Nogales,2026,Robo de vehículo automotor - Motocicleta,Hombre,No especificado,1
Nogales,2026,Secuestro extorsivo,Hombre,30 a 60 años,1
Nogales,2026,Secuestro extorsivo,Mujer,30 a 60 años,1
Nogales,2026,Tentativa de feminicidio,Mujer,30 a 60 años,1
Nogales,2026,Tentativa de homicidio doloso,Hombre,18 a 29 años,1
Nogales,2026,Tentativa de homicidio doloso,Hombre,30 a 60 años,1
Nogales,2026,Tentativa de homicidio doloso,Hombre,No especificado,2
Nogales,2026,Violación simple,Mujer,0 a 12 años,2
Nogales,2026,Violencia familiar,Hombre,13 a 17 años,1
Nogales,2026,Violencia familiar,Hombre,18 a 29 años,2
Nogales,2026,Violencia familiar,Hombre,30 a 60 años,3
Nogales,2026,Violencia familiar,Hombre,Más de 60 años,1
Nogales,2026,Violencia familiar,Hombre,No especificado,2
Nogales,2026,Violencia familiar,Mujer,18 a 29 años,4
Nogales,2026,Violencia familiar,Mujer,30 a 60 años,10
Nogales,2026,Violencia familiar,Mujer,Más de 60 años,2
Nogales,2026,Violencia familiar,Mujer,No especificado,5
Nácori Chico,2026,Aborto,No identificado,No especificado,0
Nácori Chico,2026,Abuso de confianza,No identificado,No especificado,0
Nácori Chico,2026,Abuso sexual,No identificado,No especificado,0
Nácori Chico,2026,Acoso sexual,No identificado,No especificado,0
Nácori Chico,2026,Allanamiento de morada,No identificado,No especificado,0
Nácori Chico,2026,Amenazas,No identificado,No especificado,0
Nácori Chico,2026,Contra el medio ambiente,No identificado,No especificado,0
Nácori Chico,2026,Corrupción de menores,No identificado,No especificado,0
Nácori Chico,2026,Daño a la propiedad,No identificado,No especificado,0
Nácori Chico,2026,Delitos cometidos por servidores públicos,No identificado,No especificado,0
Nácori Chico,2026,Delitos contra la administración de justicia,No identificado,No especificado,0
Nácori Chico,2026,Despojo,No identificado,No especificado,0
Nácori Chico,2026,Discriminación,No identificado,No especificado,0
Nácori Chico,2026,Electorales,No identificado,No especificado,0
Nácori Chico,2026,Evasión de presos,No identificado,No especificado,0
Nácori Chico,2026,Extorsión por otros medios,No identificado,No especificado,0
Nácori Chico,2026,Extorsión presencial,No identificado,No especificado,0
Nácori Chico,2026,Falsedad,No identificado,No especificado,0
Nácori Chico,2026,Falsificación,No identificado,No especificado,0
Nácori Chico,2026,Feminicidio,No identificado,No especificado,0
Nácori Chico,2026,Fraude,No identificado,No especificado,0
Nácori Chico,2026,Homicidio culposo,No identificado,No especificado,0
Nácori Chico,2026,Homicidio doloso,No identificado,No especificado,0
Nácori Chico,2026,Hostigamiento sexual,No identificado,No especificado,0
Nácori Chico,2026,Incesto,No identificado,No especificado,0
Nácori Chico,2026,Incumplimiento de obligaciones de asistencia familiar,No identificado,No especificado,0
Nácori Chico,2026,Lesiones culposas,No identificado,No especificado,0
Nácori Chico,2026,Lesiones dolosas,No identificado,No especificado,0
Nácori Chico,2026,Narcomenudeo con fines de venta,No identificado,No especificado,0
Nácori Chico,2026,Narcomenudeo posesión simple,No identificado,No especificado,0
Nácori Chico,2026,Otros delitos contra el patrimonio,No identificado,No especificado,0
Nácori Chico,2026,Otros delitos contra la familia,No identificado,No especificado,0
Nácori Chico,2026,Otros delitos contra la sociedad,No identificado,No especificado,0
Nácori Chico,2026,Otros delitos del Fuero Común,No identificado,No especificado,0
Nácori Chico,2026,Otros delitos que atentan contra la libertad personal,No identificado,No especificado,0
Nácori Chico,2026,Otros delitos que atentan contra la libertad y la seguridad sexual,No identificado,No especificado,0
Nácori Chico,2026,Otros delitos que atentan contra la vida y la integridad corporal,No identificado,No especificado,0
Nácori Chico,2026,Otros robos,No identificado,No especificado,0
Nácori Chico,2026,Pornografía infantil,No identificado,No especificado,0
Nácori Chico,2026,Privación ilegal de la libertad,No identificado,No especificado,0
Nácori Chico,2026,Rapto,No identificado,No especificado,0
Nácori Chico,2026,Retención o sustracción de menores e incapaces,No identificado,No especificado,0
Nácori Chico,2026,Robo a casa habitación,No identificado,No especificado,0
Nácori Chico,2026,Robo a institución bancaria,No identificado,No especificado,0
Nácori Chico,2026,Robo a negocio,No identificado,No especificado,0
Nácori Chico,2026,Robo a transeúnte en espacio abierto al público,No identificado,No especificado,0
Nácori Chico,2026,Robo a transeúnte en vía pública,No identificado,No especificado,0
Nácori Chico,2026,Robo a transportista,No identificado,No especificado,0
Nácori Chico,2026,Robo de autopartes,No identificado,No especificado,0
Nácori Chico,2026,Robo de ganado,No identificado,No especificado,0
Nácori Chico,2026,"Robo de maquinaria - Cables, tubos y otros objetos destinados a servicios públicos",No identificado,No especificado,0
Nácori Chico,2026,Robo de maquinaria - Herramienta industrial o agrícola,No identificado,No especificado,0
Nácori Chico,2026,Robo de maquinaria - Tractores y/o montacargas,No identificado,No especificado,0
Nácori Chico,2026,Robo de vehículo automotor - Coche de 4 ruedas,No identificado,No especificado,0
Nácori Chico,2026,Robo de vehículo automotor - Embarcaciones,No identificado,No especificado,0
Nácori Chico,2026,Robo de vehículo automotor - Motocicleta,No identificado,No especificado,0
Nácori Chico,2026,Robo en transporte individual,No identificado,No especificado,0
Nácori Chico,2026,Robo en transporte público colectivo,No identificado,No especificado,0
Nácori Chico,2026,Robo en transporte público individual,No identificado,No especificado,0
Nácori Chico,2026,Secuestro con calidad de rehén,No identificado,No especificado,0
Nácori Chico,2026,Secuestro exprés,No identificado,No especificado,0
Nácori Chico,2026,Secuestro extorsivo,No identificado,No especificado,0
Nácori Chico,2026,Secuestro para causar daño,No identificado,No especificado,0
Nácori Chico,2026,Suplantación y usurpación de identidad,No identificado,No especificado,0
Nácori Chico,2026,Tentativa de extorsión por otros medios,No identificado,No especificado,0
Nácori Chico,2026,Tentativa de extorsión presencial,No identificado,No especificado,0
Nácori Chico,2026,Tentativa de feminicidio,No identificado,No especificado,0
Nácori Chico,2026,Tentativa de homicidio doloso,No identificado,No especificado,0
Nácori Chico,2026,Tortura,No identificado,No especificado,0
Nácori Chico,2026,Trata de personas con fines de explotación sexual,No identificado,No especificado,0
Nácori Chico,2026,Trata de personas con fines de trabajo o servicios forzados,No identificado,No especificado,0
Nácori Chico,2026,Trata de personas con fines de tráfico de órganos,No identificado,No especificado,0
Nácori Chico,2026,Trata de personas con otros fines,No identificado,No especificado,0
Nácori Chico,2026,Tráfico de menores,No identificado,No especificado,0
Nácori Chico,2026,Violación a la intimidad sexual,No identificado,No especificado,0
Nácori Chico,2026,Violación equiparada,No identificado,No especificado,0
Nácori Chico,2026,Violación simple,No identificado,No especificado,0
Nácori Chico,2026,Violencia de género en todas sus modalidades distinta a la violencia familiar,No identificado,No especificado,0
Nácori Chico,2026,Violencia familiar,No identificado,No especificado,0
Opodepe,2026,Daño a la propiedad,Hombre,30 a 60 años,1
Opodepe,2026,Otros robos,No identificado,No especificado,2
Opodepe,2026,Robo a casa habitación,No identificado,No especificado,1
Opodepe,2026,Violencia familiar,Mujer,30 a 60 años,1
Oquitoa,2026,Aborto,No identificado,No especificado,0
Oquitoa,2026,Abuso de confianza,No identificado,No especificado,0
Oquitoa,2026,Abuso sexual,No identificado,No especificado,0
Oquitoa,2026,Acoso sexual,No identificado,No especificado,0
Oquitoa,2026,Allanamiento de morada,No identificado,No especificado,0
Oquitoa,2026,Amenazas,No identificado,No especificado,0
Oquitoa,2026,Contra el medio ambiente,No identificado,No especificado,0
Oquitoa,2026,Corrupción de menores,No identificado,No especificado,0
Oquitoa,2026,Daño a la propiedad,No identificado,No especificado,0
Oquitoa,2026,Delitos cometidos por servidores públicos,No identificado,No especificado,0
Oquitoa,2026,Delitos contra la administración de justicia,No identificado,No especificado,0
Oquitoa,2026,Despojo,No identificado,No especificado,0
Oquitoa,2026,Discriminación,No identificado,No especificado,0
Oquitoa,2026,Electorales,No identificado,No especificado,0
Oquitoa,2026,Evasión de presos,No identificado,No especificado,0
Oquitoa,2026,Extorsión por otros medios,No identificado,No especificado,0
Oquitoa,2026,Extorsión presencial,No identificado,No especificado,0
Oquitoa,2026,Falsedad,No identificado,No especificado,0
Oquitoa,2026,Falsificación,No identificado,No especificado,0
Oquitoa,2026,Feminicidio,No identificado,No especificado,0
Oquitoa,2026,Fraude,No identificado,No especificado,0
Oquitoa,2026,Homicidio culposo,No identificado,No especificado,0
Oquitoa,2026,Homicidio doloso,No identificado,No especificado,0
Oquitoa,2026,Hostigamiento sexual,No identificado,No especificado,0
Oquitoa,2026,Incesto,No identificado,No especificado,0
Oquitoa,2026,Incumplimiento de obligaciones de asistencia familiar,No identificado,No especificado,0
Oquitoa,2026,Lesiones culposas,No identificado,No especificado,0
Oquitoa,2026,Lesiones dolosas,No identificado,No especificado,0
Oquitoa,2026,Narcomenudeo con fines de venta,No identificado,No especificado,0
Oquitoa,2026,Narcomenudeo posesión simple,No identificado,No especificado,0
Oquitoa,2026,Otros delitos contra el patrimonio,No identificado,No especificado,0
Oquitoa,2026,Otros delitos contra la familia,No identificado,No especificado,0
Oquitoa,2026,Otros delitos contra la sociedad,No identificado,No especificado,0
Oquitoa,2026,Otros delitos del Fuero Común,No identificado,No especificado,0
Oquitoa,2026,Otros delitos que atentan contra la libertad personal,No identificado,No especificado,0
Oquitoa,2026,Otros delitos que atentan contra la libertad y la seguridad sexual,No identificado,No especificado,0
Oquitoa,2026,Otros delitos que atentan contra la vida y la integridad corporal,No identificado,No especificado,0
Oquitoa,2026,Otros robos,No identificado,No especificado,0
Oquitoa,2026,Pornografía infantil,No identificado,No especificado,0
Oquitoa,2026,Privación ilegal de la libertad,No identificado,No especificado,0
Oquitoa,2026,Rapto,No identificado,No especificado,0
Oquitoa,2026,Retención o sustracción de menores e incapaces,No identificado,No especificado,0
Oquitoa,2026,Robo a casa habitación,No identificado,No especificado,0
Oquitoa,2026,Robo a institución bancaria,No identificado,No especificado,0
Oquitoa,2026,Robo a negocio,No identificado,No especificado,0
Oquitoa,2026,Robo a transeúnte en espacio abierto al público,No identificado,No especificado,0
Oquitoa,2026,Robo a transeúnte en vía pública,No identificado,No especificado,0
Oquitoa,2026,Robo a transportista,No identificado,No especificado,0
Oquitoa,2026,Robo de autopartes,No identificado,No especificado,0
Oquitoa,2026,Robo de ganado,No identificado,No especificado,0
Oquitoa,2026,"Robo de maquinaria - Cables, tubos y otros objetos destinados a servicios públicos",No identificado,No especificado,0
Oquitoa,2026,Robo de maquinaria - Herramienta industrial o agrícola,No identificado,No especificado,0
Oquitoa,2026,Robo de maquinaria - Tractores y/o montacargas,No identificado,No especificado,0
Oquitoa,2026,Robo de vehículo automotor - Coche de 4 ruedas,No identificado,No especificado,0
Oquitoa,2026,Robo de vehículo automotor - Embarcaciones,No identificado,No especificado,0
Oquitoa,2026,Robo de vehículo automotor - Motocicleta,No identificado,No especificado,0
Oquitoa,2026,Robo en transporte individual,No identificado,No especificado,0
Oquitoa,2026,Robo en transporte público colectivo,No identificado,No especificado,0
Oquitoa,2026,Robo en transporte público individual,No identificado,No especificado,0
Oquitoa,2026,Secuestro con calidad de rehén,No identificado,No especificado,0
Oquitoa,2026,Secuestro exprés,No identificado,No especificado,0
Oquitoa,2026,Secuestro extorsivo,No identificado,No especificado,0
Oquitoa,2026,Secuestro para causar daño,No identificado,No especificado,0
Oquitoa,2026,Suplantación y usurpación de identidad,No identificado,No especificado,0
Oquitoa,2026,Tentativa de extorsión por otros medios,No identificado,No especificado,0
Oquitoa,2026,Tentativa de extorsión presencial,No identificado,No especificado,0
Oquitoa,2026,Tentativa de feminicidio,No identificado,No especificado,0
Oquitoa,2026,Tentativa de homicidio doloso,No identificado,No especificado,0
Oquitoa,2026,Tortura,No identificado,No especificado,0
Oquitoa,2026,Trata de personas con fines de explotación sexual,No identificado,No especificado,0
Oquitoa,2026,Trata de personas con fines de trabajo o servicios forzados,No identificado,No especificado,0
Oquitoa,2026,Trata de personas con fines de tráfico de órganos,No identificado,No especificado,0
Oquitoa,2026,Trata de personas con otros fines,No identificado,No especificado,0
Oquitoa,2026,Tráfico de menores,No identificado,No especificado,0
Oquitoa,2026,Violación a la intimidad sexual,No identificado,No especificado,0
Oquitoa,2026,Violación equiparada,No identificado,No especificado,0
Oquitoa,2026,Violación simple,No identificado,No especificado,0
Oquitoa,2026,Violencia de género en todas sus modalidades distinta a la violencia familiar,No identificado,No especificado,0
Oquitoa,2026,Violencia familiar,No identificado,No especificado,0
Pitiquito,2026,Abuso sexual,Mujer,0 a 12 años,1
Pitiquito,2026,Allanamiento de morada,Hombre,18 a 29 años,1
Pitiquito,2026,Amenazas,Mujer,30 a 60 años,1
Pitiquito,2026,Homicidio culposo,Mujer,No especificado,1
Pitiquito,2026,Incumplimiento de obligaciones de asistencia familiar,Hombre,0 a 12 años,1
Pitiquito,2026,Lesiones culposas,Hombre,No especificado,1
Pitiquito,2026,Narcomenudeo con fines de venta,No identificado,No especificado,1
Pitiquito,2026,Otros delitos contra el patrimonio,No identificado,No especificado,2
Pitiquito,2026,Otros robos,Hombre,Más de 60 años,1
Pitiquito,2026,Robo de vehículo automotor - Coche de 4 ruedas,Hombre,30 a 60 años,1
Pitiquito,2026,Robo de vehículo automotor - Coche de 4 ruedas,Hombre,Más de 60 años,1
Puerto Peñasco,2026,Amenazas,Hombre,18 a 29 años,1
Puerto Peñasco,2026,Daño a la propiedad,Hombre,18 a 29 años,1
Puerto Peñasco,2026,Daño a la propiedad,Hombre,30 a 60 años,1
Puerto Peñasco,2026,Daño a la propiedad,Mujer,30 a 60 años,1
Puerto Peñasco,2026,Daño a la propiedad,Mujer,No especificado,3
Puerto Peñasco,2026,Despojo,Hombre,No especificado,2
Puerto Peñasco,2026,Despojo,Mujer,30 a 60 años,1
Puerto Peñasco,2026,Despojo,Mujer,No especificado,1
Puerto Peñasco,2026,Feminicidio,Mujer,30 a 60 años,1
Puerto Peñasco,2026,Homicidio culposo,Hombre,Más de 60 años,1
Puerto Peñasco,2026,Homicidio culposo,Mujer,30 a 60 años,1
Puerto Peñasco,2026,Homicidio doloso,Hombre,No especificado,1
Puerto Peñasco,2026,Incumplimiento de obligaciones de asistencia familiar,Hombre,0 a 12 años,2
Puerto Peñasco,2026,Incumplimiento de obligaciones de asistencia familiar,Hombre,No especificado,1
Puerto Peñasco,2026,Incumplimiento de obligaciones de asistencia familiar,Mujer,0 a 12 años,3
Puerto Peñasco,2026,Incumplimiento de obligaciones de asistencia familiar,Mujer,No especificado,3
Puerto Peñasco,2026,Lesiones culposas,Hombre,Más de 60 años,1
Puerto Peñasco,2026,Lesiones dolosas,Hombre,18 a 29 años,1
Puerto Peñasco,2026,Narcomenudeo con fines de venta,No identificado,No especificado,2
Puerto Peñasco,2026,Narcomenudeo posesión simple,No identificado,No especificado,7
Puerto Peñasco,2026,Otros delitos contra el patrimonio,Mujer,30 a 60 años,1
Puerto Peñasco,2026,Otros delitos contra el patrimonio,No identificado,No especificado,1
Puerto Peñasco,2026,Otros delitos contra la sociedad,No identificado,No especificado,1
Puerto Peñasco,2026,Otros delitos del Fuero Común,No identificado,No especificado,10
Puerto Peñasco,2026,Otros robos,Mujer,30 a 60 años,1
Puerto Peñasco,2026,Robo de vehículo automotor - Coche de 4 ruedas,Hombre,No especificado,1
Puerto Peñasco,2026,Robo de vehículo automotor - Coche de 4 ruedas,Mujer,18 a 29 años,1
Puerto Peñasco,2026,Robo de vehículo automotor - Coche de 4 ruedas,Mujer,No especificado,2
Puerto Peñasco,2026,Robo de vehículo automotor - Motocicleta,Hombre,18 a 29 años,1
Puerto Peñasco,2026,Robo de vehículo automotor - Motocicleta,Hombre,Más de 60 años,1
Puerto Peñasco,2026,Violación a la intimidad sexual,Mujer,30 a 60 años,1
Puerto Peñasco,2026,Violación simple,Mujer,No especificado,1
Puerto Peñasco,2026,Violencia familiar,Hombre,Más de 60 años,1
Puerto Peñasco,2026,Violencia familiar,Hombre,No especificado,3
Puerto Peñasco,2026,Violencia familiar,Mujer,18 a 29 años,2
Puerto Peñasco,2026,Violencia familiar,Mujer,30 a 60 años,7
Puerto Peñasco,2026,Violencia familiar,Mujer,No especificado,1
Quiriego,2026,Violencia familiar,Mujer,30 a 60 años,1
Rayón,2026,Allanamiento de morada,Hombre,Más de 60 años,1
Rosario,2026,Abuso sexual,Mujer,13 a 17 años,2
Rosario,2026,Allanamiento de morada,Mujer,Más de 60 años,1
Rosario,2026,Amenazas,Mujer,18 a 29 años,1
Rosario,2026,Amenazas,Mujer,Más de 60 años,1
Rosario,2026,Incumplimiento de obligaciones de asistencia familiar,Mujer,13 a 17 años,1
Rosario,2026,Lesiones dolosas,Hombre,30 a 60 años,1
Rosario,2026,Otros delitos contra el patrimonio,Mujer,30 a 60 años,1
Sahuaripa,2026,Despojo,Hombre,30 a 60 años,1
Sahuaripa,2026,Fraude,Hombre,30 a 60 años,2
Sahuaripa,2026,Fraude,Mujer,Más de 60 años,1
Sahuaripa,2026,Narcomenudeo con fines de venta,No identificado,No especificado,1
Sahuaripa,2026,Otros robos,Hombre,30 a 60 años,1
Sahuaripa,2026,Violación equiparada,Mujer,0 a 12 años,1
Sahuaripa,2026,Violencia familiar,Hombre,Más de 60 años,1
Sahuaripa,2026,Violencia familiar,Mujer,30 a 60 años,1
San Felipe de Jesús,2026,Aborto,No identificado,No especificado,0
San Felipe de Jesús,2026,Abuso de confianza,No identificado,No especificado,0
San Felipe de Jesús,2026,Abuso sexual,No identificado,No especificado,0
San Felipe de Jesús,2026,Acoso sexual,No identificado,No especificado,0
San Felipe de Jesús,2026,Allanamiento de morada,No identificado,No especificado,0
San Felipe de Jesús,2026,Amenazas,No identificado,No especificado,0
San Felipe de Jesús,2026,Contra el medio ambiente,No identificado,No especificado,0
San Felipe de Jesús,2026,Corrupción de menores,No identificado,No especificado,0
San Felipe de Jesús,2026,Daño a la propiedad,No identificado,No especificado,0
San Felipe de Jesús,2026,Delitos cometidos por servidores públicos,No identificado,No especificado,0
San Felipe de Jesús,2026,Delitos contra la administración de justicia,No identificado,No especificado,0
San Felipe de Jesús,2026,Despojo,No identificado,No especificado,0
San Felipe de Jesús,2026,Discriminación,No identificado,No especificado,0
San Felipe de Jesús,2026,Electorales,No identificado,No especificado,0
San Felipe de Jesús,2026,Evasión de presos,No identificado,No especificado,0
San Felipe de Jesús,2026,Extorsión por otros medios,No identificado,No especificado,0
San Felipe de Jesús,2026,Extorsión presencial,No identificado,No especificado,0
San Felipe de Jesús,2026,Falsedad,No identificado,No especificado,0
San Felipe de Jesús,2026,Falsificación,No identificado,No especificado,0
San Felipe de Jesús,2026,Feminicidio,No identificado,No especificado,0
San Felipe de Jesús,2026,Fraude,No identificado,No especificado,0
San Felipe de Jesús,2026,Homicidio culposo,No identificado,No especificado,0
San Felipe de Jesús,2026,Homicidio doloso,No identificado,No especificado,0
San Felipe de Jesús,2026,Hostigamiento sexual,No identificado,No especificado,0
San Felipe de Jesús,2026,Incesto,No identificado,No especificado,0
San Felipe de Jesús,2026,Incumplimiento de obligaciones de asistencia familiar,No identificado,No especificado,0
San Felipe de Jesús,2026,Lesiones culposas,No identificado,No especificado,0
San Felipe de Jesús,2026,Lesiones dolosas,No identificado,No especificado,0
San Felipe de Jesús,2026,Narcomenudeo con fines de venta,No identificado,No especificado,0
San Felipe de Jesús,2026,Narcomenudeo posesión simple,No identificado,No especificado,0
San Felipe de Jesús,2026,Otros delitos contra el patrimonio,No identificado,No especificado,0
San Felipe de Jesús,2026,Otros delitos contra la familia,No identificado,No especificado,0
San Felipe de Jesús,2026,Otros delitos contra la sociedad,No identificado,No especificado,0
San Felipe de Jesús,2026,Otros delitos del Fuero Común,No identificado,No especificado,0
San Felipe de Jesús,2026,Otros delitos que atentan contra la libertad personal,No identificado,No especificado,0
San Felipe de Jesús,2026,Otros delitos que atentan contra la libertad y la seguridad sexual,No identificado,No especificado,0
San Felipe de Jesús,2026,Otros delitos que atentan contra la vida y la integridad corporal,No identificado,No especificado,0
San Felipe de Jesús,2026,Otros robos,No identificado,No especificado,0
San Felipe de Jesús,2026,Pornografía infantil,No identificado,No especificado,0
San Felipe de Jesús,2026,Privación ilegal de la libertad,No identificado,No especificado,0
San Felipe de Jesús,2026,Rapto,No identificado,No especificado,0
San Felipe de Jesús,2026,Retención o sustracción de menores e incapaces,No identificado,No especificado,0
San Felipe de Jesús,2026,Robo a casa habitación,No identificado,No especificado,0
San Felipe de Jesús,2026,Robo a institución bancaria,No identificado,No especificado,0
San Felipe de Jesús,2026,Robo a negocio,No identificado,No especificado,0
San Felipe de Jesús,2026,Robo a transeúnte en espacio abierto al público,No identificado,No especificado,0
San Felipe de Jesús,2026,Robo a transeúnte en vía pública,No identificado,No especificado,0
San Felipe de Jesús,2026,Robo a transportista,No identificado,No especificado,0
San Felipe de Jesús,2026,Robo de autopartes,No identificado,No especificado,0
San Felipe de Jesús,2026,Robo de ganado,No identificado,No especificado,0
San Felipe de Jesús,2026,"Robo de maquinaria - Cables, tubos y otros objetos destinados a servicios públicos",No identificado,No especificado,0
San Felipe de Jesús,2026,Robo de maquinaria - Herramienta industrial o agrícola,No identificado,No especificado,0
San Felipe de Jesús,2026,Robo de maquinaria - Tractores y/o montacargas,No identificado,No especificado,0
San Felipe de Jesús,2026,Robo de vehículo automotor - Coche de 4 ruedas,No identificado,No especificado,0
San Felipe de Jesús,2026,Robo de vehículo automotor - Embarcaciones,No identificado,No especificado,0
San Felipe de Jesús,2026,Robo de vehículo automotor - Motocicleta,No identificado,No especificado,0
San Felipe de Jesús,2026,Robo en transporte individual,No identificado,No especificado,0
San Felipe de Jesús,2026,Robo en transporte público colectivo,No identificado,No especificado,0
San Felipe de Jesús,2026,Robo en transporte público individual,No identificado,No especificado,0
San Felipe de Jesús,2026,Secuestro con calidad de rehén,No identificado,No especificado,0
San Felipe de Jesús,2026,Secuestro exprés,No identificado,No especificado,0
San Felipe de Jesús,2026,Secuestro extorsivo,No identificado,No especificado,0
San Felipe de Jesús,2026,Secuestro para causar daño,No identificado,No especificado,0
San Felipe de Jesús,2026,Suplantación y usurpación de identidad,No identificado,No especificado,0
San Felipe de Jesús,2026,Tentativa de extorsión por otros medios,No identificado,No especificado,0
San Felipe de Jesús,2026,Tentativa de extorsión presencial,No identificado,No especificado,0
San Felipe de Jesús,2026,Tentativa de feminicidio,No identificado,No especificado,0
San Felipe de Jesús,2026,Tentativa de homicidio doloso,No identificado,No especificado,0
San Felipe de Jesús,2026,Tortura,No identificado,No especificado,0
San Felipe de Jesús,2026,Trata de personas con fines de explotación sexual,No identificado,No especificado,0
San Felipe de Jesús,2026,Trata de personas con fines de trabajo o servicios forzados,No identificado,No especificado,0
San Felipe de Jesús,2026,Trata de personas con fines de tráfico de órganos,No identificado,No especificado,0
San Felipe de Jesús,2026,Trata de personas con otros fines,No identificado,No especificado,0
San Felipe de Jesús,2026,Tráfico de menores,No identificado,No especificado,0
San Felipe de Jesús,2026,Violación a la intimidad sexual,No identificado,No especificado,0
San Felipe de Jesús,2026,Violación equiparada,No identificado,No especificado,0
San Felipe de Jesús,2026,Violación simple,No identificado,No especificado,0
San Felipe de Jesús,2026,Violencia de género en todas sus modalidades distinta a la violencia familiar,No identificado,No especificado,0
San Felipe de Jesús,2026,Violencia familiar,No identificado,No especificado,0
San Ignacio Río Muerto,2026,Amenazas,Hombre,18 a 29 años,1
San Ignacio Río Muerto,2026,Daño a la propiedad,Mujer,30 a 60 años,1
San Ignacio Río Muerto,2026,Despojo,Mujer,No especificado,1
San Ignacio Río Muerto,2026,Falsificación,Hombre,No especificado,1
San Ignacio Río Muerto,2026,Incumplimiento de obligaciones de asistencia familiar,Hombre,0 a 12 años,2
San Ignacio Río Muerto,2026,Incumplimiento de obligaciones de asistencia familiar,Mujer,18 a 29 años,1
San Ignacio Río Muerto,2026,Lesiones culposas,Hombre,No especificado,1
San Ignacio Río Muerto,2026,Lesiones dolosas,Hombre,18 a 29 años,1
San Ignacio Río Muerto,2026,Lesiones dolosas,Mujer,18 a 29 años,1
San Ignacio Río Muerto,2026,Otros delitos del Fuero Común,No identificado,No especificado,2
San Ignacio Río Muerto,2026,Otros delitos que atentan contra la libertad personal,No identificado,No especificado,1
San Ignacio Río Muerto,2026,Otros robos,No identificado,No especificado,2
San Ignacio Río Muerto,2026,Privación ilegal de la libertad,Hombre,18 a 29 años,1
San Ignacio Río Muerto,2026,Violencia familiar,Mujer,18 a 29 años,1
San Ignacio Río Muerto,2026,Violencia familiar,Mujer,30 a 60 años,2
San Ignacio Río Muerto,2026,Violencia familiar,Mujer,Más de 60 años,1
San Javier,2026,Aborto,No identificado,No especificado,0
San Javier,2026,Abuso de confianza,No identificado,No especificado,0
San Javier,2026,Abuso sexual,No identificado,No especificado,0
San Javier,2026,Acoso sexual,No identificado,No especificado,0
San Javier,2026,Allanamiento de morada,No identificado,No especificado,0
San Javier,2026,Amenazas,No identificado,No especificado,0
San Javier,2026,Contra el medio ambiente,No identificado,No especificado,0
San Javier,2026,Corrupción de menores,No identificado,No especificado,0
San Javier,2026,Daño a la propiedad,No identificado,No especificado,0
San Javier,2026,Delitos cometidos por servidores públicos,No identificado,No especificado,0
San Javier,2026,Delitos contra la administración de justicia,No identificado,No especificado,0
San Javier,2026,Despojo,No identificado,No especificado,0
San Javier,2026,Discriminación,No identificado,No especificado,0
San Javier,2026,Electorales,No identificado,No especificado,0
San Javier,2026,Evasión de presos,No identificado,No especificado,0
San Javier,2026,Extorsión por otros medios,No identificado,No especificado,0
San Javier,2026,Extorsión presencial,No identificado,No especificado,0
San Javier,2026,Falsedad,No identificado,No especificado,0
San Javier,2026,Falsificación,No identificado,No especificado,0
San Javier,2026,Feminicidio,No identificado,No especificado,0
San Javier,2026,Fraude,No identificado,No especificado,0
San Javier,2026,Homicidio culposo,No identificado,No especificado,0
San Javier,2026,Homicidio doloso,No identificado,No especificado,0
San Javier,2026,Hostigamiento sexual,No identificado,No especificado,0
San Javier,2026,Incesto,No identificado,No especificado,0
San Javier,2026,Incumplimiento de obligaciones de asistencia familiar,No identificado,No especificado,0
San Javier,2026,Lesiones culposas,No identificado,No especificado,0
San Javier,2026,Lesiones dolosas,No identificado,No especificado,0
San Javier,2026,Narcomenudeo con fines de venta,No identificado,No especificado,0
San Javier,2026,Narcomenudeo posesión simple,No identificado,No especificado,0
San Javier,2026,Otros delitos contra el patrimonio,No identificado,No especificado,0
San Javier,2026,Otros delitos contra la familia,No identificado,No especificado,0
San Javier,2026,Otros delitos contra la sociedad,No identificado,No especificado,0
San Javier,2026,Otros delitos del Fuero Común,No identificado,No especificado,0
San Javier,2026,Otros delitos que atentan contra la libertad personal,No identificado,No especificado,0
San Javier,2026,Otros delitos que atentan contra la libertad y la seguridad sexual,No identificado,No especificado,0
San Javier,2026,Otros delitos que atentan contra la vida y la integridad corporal,No identificado,No especificado,0
San Javier,2026,Otros robos,No identificado,No especificado,0
San Javier,2026,Pornografía infantil,No identificado,No especificado,0
San Javier,2026,Privación ilegal de la libertad,No identificado,No especificado,0
San Javier,2026,Rapto,No identificado,No especificado,0
San Javier,2026,Retención o sustracción de menores e incapaces,No identificado,No especificado,0
San Javier,2026,Robo a casa habitación,No identificado,No especificado,0
San Javier,2026,Robo a institución bancaria,No identificado,No especificado,0
San Javier,2026,Robo a negocio,No identificado,No especificado,0
San Javier,2026,Robo a transeúnte en espacio abierto al público,No identificado,No especificado,0
San Javier,2026,Robo a transeúnte en vía pública,No identificado,No especificado,0
San Javier,2026,Robo a transportista,No identificado,No especificado,0
San Javier,2026,Robo de autopartes,No identificado,No especificado,0
San Javier,2026,Robo de ganado,No identificado,No especificado,0
San Javier,2026,"Robo de maquinaria - Cables, tubos y otros objetos destinados a servicios públicos",No identificado,No especificado,0
San Javier,2026,Robo de maquinaria - Herramienta industrial o agrícola,No identificado,No especificado,0
San Javier,2026,Robo de maquinaria - Tractores y/o montacargas,No identificado,No especificado,0
San Javier,2026,Robo de vehículo automotor - Coche de 4 ruedas,No identificado,No especificado,0
San Javier,2026,Robo de vehículo automotor - Embarcaciones,No identificado,No especificado,0
San Javier,2026,Robo de vehículo automotor - Motocicleta,No identificado,No especificado,0
San Javier,2026,Robo en transporte individual,No identificado,No especificado,0
San Javier,2026,Robo en transporte público colectivo,No identificado,No especificado,0
San Javier,2026,Robo en transporte público individual,No identificado,No especificado,0
San Javier,2026,Secuestro con calidad de rehén,No identificado,No especificado,0
San Javier,2026,Secuestro exprés,No identificado,No especificado,0
San Javier,2026,Secuestro extorsivo,No identificado,No especificado,0
San Javier,2026,Secuestro para causar daño,No identificado,No especificado,0
San Javier,2026,Suplantación y usurpación de identidad,No identificado,No especificado,0
San Javier,2026,Tentativa de extorsión por otros medios,No identificado,No especificado,0
San Javier,2026,Tentativa de extorsión presencial,No identificado,No especificado,0
San Javier,2026,Tentativa de feminicidio,No identificado,No especificado,0
San Javier,2026,Tentativa de homicidio doloso,No identificado,No especificado,0
San Javier,2026,Tortura,No identificado,No especificado,0
San Javier,2026,Trata de personas con fines de explotación sexual,No identificado,No especificado,0
San Javier,2026,Trata de personas con fines de trabajo o servicios forzados,No identificado,No especificado,0
San Javier,2026,Trata de personas con fines de tráfico de órganos,No identificado,No especificado,0
San Javier,2026,Trata de personas con otros fines,No identificado,No especificado,0
San Javier,2026,Tráfico de menores,No identificado,No especificado,0
San Javier,2026,Violación a la intimidad sexual,No identificado,No especificado,0
San Javier,2026,Violación equiparada,No identificado,No especificado,0
San Javier,2026,Violación simple,No identificado,No especificado,0
San Javier,2026,Violencia de género en todas sus modalidades distinta a la violencia familiar,No identificado,No especificado,0
San Javier,2026,Violencia familiar,No identificado,No especificado,0
San Luis Río Colorado,2026,Abuso sexual,Mujer,0 a 12 años,7
San Luis Río Colorado,2026,Abuso sexual,Mujer,13 a 17 años,3
San Luis Río Colorado,2026,Abuso sexual,Mujer,18 a 29 años,1
San Luis Río Colorado,2026,Abuso sexual,Mujer,30 a 60 años,1
San Luis Río Colorado,2026,Abuso sexual,Mujer,No especificado,1
San Luis Río Colorado,2026,Acoso sexual,Hombre,13 a 17 años,1
San Luis Río Colorado,2026,Acoso sexual,Mujer,13 a 17 años,1
San Luis Río Colorado,2026,Acoso sexual,Mujer,18 a 29 años,1
San Luis Río Colorado,2026,Allanamiento de morada,Mujer,30 a 60 años,2
San Luis Río Colorado,2026,Amenazas,No identificado,No especificado,1
San Luis Río Colorado,2026,Daño a la propiedad,Hombre,30 a 60 años,2
San Luis Río Colorado,2026,Daño a la propiedad,Hombre,No especificado,1
San Luis Río Colorado,2026,Daño a la propiedad,Mujer,30 a 60 años,3
San Luis Río Colorado,2026,Daño a la propiedad,No identificado,No especificado,7
San Luis Río Colorado,2026,Delitos cometidos por servidores públicos,No identificado,No especificado,1
San Luis Río Colorado,2026,Extorsión por otros medios,Hombre,13 a 17 años,1
San Luis Río Colorado,2026,Extorsión presencial,Mujer,30 a 60 años,1
San Luis Río Colorado,2026,Homicidio culposo,Mujer,18 a 29 años,1
San Luis Río Colorado,2026,Homicidio doloso,Hombre,30 a 60 años,4
San Luis Río Colorado,2026,Homicidio doloso,Hombre,Más de 60 años,2
San Luis Río Colorado,2026,Homicidio doloso,Hombre,No especificado,2
San Luis Río Colorado,2026,Incumplimiento de obligaciones de asistencia familiar,Hombre,0 a 12 años,5
San Luis Río Colorado,2026,Incumplimiento de obligaciones de asistencia familiar,Hombre,13 a 17 años,1
San Luis Río Colorado,2026,Incumplimiento de obligaciones de asistencia familiar,Hombre,No especificado,1
San Luis Río Colorado,2026,Incumplimiento de obligaciones de asistencia familiar,Mujer,0 a 12 años,4
San Luis Río Colorado,2026,Incumplimiento de obligaciones de asistencia familiar,Mujer,18 a 29 años,2
San Luis Río Colorado,2026,Incumplimiento de obligaciones de asistencia familiar,Mujer,No especificado,1
San Luis Río Colorado,2026,Lesiones culposas,Hombre,18 a 29 años,2
San Luis Río Colorado,2026,Lesiones culposas,Hombre,30 a 60 años,1
San Luis Río Colorado,2026,Lesiones culposas,Hombre,No especificado,1
San Luis Río Colorado,2026,Lesiones culposas,Mujer,18 a 29 años,1
San Luis Río Colorado,2026,Lesiones dolosas,Hombre,18 a 29 años,1
San Luis Río Colorado,2026,Lesiones dolosas,Hombre,30 a 60 años,2
San Luis Río Colorado,2026,Lesiones dolosas,Mujer,18 a 29 años,1
San Luis Río Colorado,2026,Lesiones dolosas,Mujer,30 a 60 años,2
San Luis Río Colorado,2026,Narcomenudeo con fines de venta,No identificado,No especificado,13
San Luis Río Colorado,2026,Narcomenudeo posesión simple,No identificado,No especificado,10
San Luis Río Colorado,2026,Otros delitos contra el patrimonio,Hombre,No especificado,1
San Luis Río Colorado,2026,Otros delitos contra el patrimonio,No identificado,No especificado,2
San Luis Río Colorado,2026,Otros delitos contra la familia,Hombre,0 a 12 años,1
San Luis Río Colorado,2026,Otros delitos contra la familia,Mujer,0 a 12 años,1
San Luis Río Colorado,2026,Otros delitos contra la familia,Mujer,13 a 17 años,1
San Luis Río Colorado,2026,Otros delitos del Fuero Común,Hombre,30 a 60 años,1
San Luis Río Colorado,2026,Otros delitos del Fuero Común,No identificado,No especificado,6
San Luis Río Colorado,2026,Otros delitos que atentan contra la libertad personal,Hombre,30 a 60 años,1
San Luis Río Colorado,2026,Otros delitos que atentan contra la libertad y la seguridad sexual,Mujer,13 a 17 años,1
San Luis Río Colorado,2026,Otros delitos que atentan contra la libertad y la seguridad sexual,Mujer,No especificado,2
San Luis Río Colorado,2026,Otros delitos que atentan contra la vida y la integridad corporal,Hombre,18 a 29 años,1
San Luis Río Colorado,2026,Otros delitos que atentan contra la vida y la integridad corporal,No identificado,No especificado,2
San Luis Río Colorado,2026,Otros robos,Hombre,No especificado,2
San Luis Río Colorado,2026,Otros robos,Mujer,30 a 60 años,1
San Luis Río Colorado,2026,Otros robos,No identificado,No especificado,2
San Luis Río Colorado,2026,Privación ilegal de la libertad,Hombre,18 a 29 años,4
San Luis Río Colorado,2026,Privación ilegal de la libertad,Hombre,30 a 60 años,5
San Luis Río Colorado,2026,Privación ilegal de la libertad,Mujer,30 a 60 años,4
San Luis Río Colorado,2026,Retención o sustracción de menores e incapaces,Mujer,0 a 12 años,2
San Luis Río Colorado,2026,Robo a casa habitación,Hombre,30 a 60 años,1
San Luis Río Colorado,2026,Robo a casa habitación,Hombre,No especificado,1
San Luis Río Colorado,2026,Robo a negocio,Mujer,18 a 29 años,1
San Luis Río Colorado,2026,Robo a negocio,No identificado,No especificado,1
San Luis Río Colorado,2026,Robo de vehículo automotor - Coche de 4 ruedas,Hombre,18 a 29 años,1
San Luis Río Colorado,2026,Robo de vehículo automotor - Coche de 4 ruedas,Hombre,30 a 60 años,8
San Luis Río Colorado,2026,Robo de vehículo automotor - Coche de 4 ruedas,Hombre,Más de 60 años,2
San Luis Río Colorado,2026,Robo de vehículo automotor - Coche de 4 ruedas,Hombre,No especificado,10
San Luis Río Colorado,2026,Robo de vehículo automotor - Coche de 4 ruedas,Mujer,30 a 60 años,3
San Luis Río Colorado,2026,Robo de vehículo automotor - Coche de 4 ruedas,Mujer,No especificado,5
San Luis Río Colorado,2026,Robo de vehículo automotor - Coche de 4 ruedas,No identificado,No especificado,1
San Luis Río Colorado,2026,Robo de vehículo automotor - Motocicleta,Hombre,30 a 60 años,2
San Luis Río Colorado,2026,Robo de vehículo automotor - Motocicleta,Hombre,No especificado,1
San Luis Río Colorado,2026,Tentativa de feminicidio,Mujer,30 a 60 años,2
San Luis Río Colorado,2026,Tentativa de homicidio doloso,Hombre,30 a 60 años,4
San Luis Río Colorado,2026,Violación a la intimidad sexual,Mujer,No especificado,1
San Luis Río Colorado,2026,Violación simple,Hombre,No especificado,1
San Luis Río Colorado,2026,Violación simple,Mujer,18 a 29 años,1
San Luis Río Colorado,2026,Violencia familiar,Hombre,0 a 12 años,1
San Luis Río Colorado,2026,Violencia familiar,Hombre,18 a 29 años,2
San Luis Río Colorado,2026,Violencia familiar,Hombre,30 a 60 años,7
San Luis Río Colorado,2026,Violencia familiar,Hombre,Más de 60 años,3
San Luis Río Colorado,2026,Violencia familiar,Mujer,0 a 12 años,1
San Luis Río Colorado,2026,Violencia familiar,Mujer,13 a 17 años,1
San Luis Río Colorado,2026,Violencia familiar,Mujer,18 a 29 años,42
San Luis Río Colorado,2026,Violencia familiar,Mujer,30 a 60 años,89
San Luis Río Colorado,2026,Violencia familiar,Mujer,Más de 60 años,6
San Luis Río Colorado,2026,Violencia familiar,Mujer,No especificado,2
San Miguel de Horcasitas,2026,Abuso sexual,Mujer,0 a 12 años,1
San Miguel de Horcasitas,2026,Amenazas,Hombre,13 a 17 años,1
San Miguel de Horcasitas,2026,Amenazas,Mujer,30 a 60 años,1
San Miguel de Horcasitas,2026,Amenazas,Mujer,No especificado,1
San Miguel de Horcasitas,2026,Lesiones dolosas,Mujer,30 a 60 años,1
San Miguel de Horcasitas,2026,Violencia familiar,Mujer,13 a 17 años,1
San Miguel de Horcasitas,2026,Violencia familiar,Mujer,30 a 60 años,1
San Pedro de la Cueva,2026,Acoso sexual,Mujer,Más de 60 años,1
San Pedro de la Cueva,2026,Allanamiento de morada,Mujer,Más de 60 años,1
San Pedro de la Cueva,2026,Robo de vehículo automotor - Motocicleta,Hombre,30 a 60 años,1
Santa Ana,2026,Amenazas,Hombre,Más de 60 años,1
Santa Ana,2026,Daño a la propiedad,Hombre,No especificado,1
Santa Ana,2026,Daño a la propiedad,Mujer,No especificado,2
Santa Ana,2026,Despojo,Hombre,No especificado,1
Santa Ana,2026,Homicidio culposo,Hombre,18 a 29 años,1
Santa Ana,2026,Incumplimiento de obligaciones de asistencia familiar,Hombre,0 a 12 años,2
Santa Ana,2026,Incumplimiento de obligaciones de asistencia familiar,Hombre,No especificado,3
Santa Ana,2026,Incumplimiento de obligaciones de asistencia familiar,Mujer,No especificado,2
Santa Ana,2026,Lesiones culposas,Hombre,No especificado,1
Santa Ana,2026,Lesiones culposas,Mujer,0 a 12 años,1
Santa Ana,2026,Lesiones culposas,Mujer,No especificado,1
Santa Ana,2026,Narcomenudeo con fines de venta,No identificado,No especificado,3
Santa Ana,2026,Otros delitos del Fuero Común,Hombre,18 a 29 años,1
Santa Ana,2026,Otros delitos del Fuero Común,No identificado,No especificado,2
Santa Ana,2026,Otros robos,No identificado,No especificado,1
Santa Ana,2026,Robo a casa habitación,No identificado,No especificado,1
Santa Ana,2026,Robo de vehículo automotor - Coche de 4 ruedas,Hombre,18 a 29 años,1
Santa Ana,2026,Robo de vehículo automotor - Coche de 4 ruedas,Hombre,30 a 60 años,1
Santa Ana,2026,Violencia familiar,Mujer,30 a 60 años,1
Santa Ana,2026,Violencia familiar,Mujer,No especificado,2
Santa Cruz,2026,Aborto,No identificado,No especificado,0
Santa Cruz,2026,Abuso de confianza,No identificado,No especificado,0
Santa Cruz,2026,Abuso sexual,No identificado,No especificado,0
Santa Cruz,2026,Acoso sexual,No identificado,No especificado,0
Santa Cruz,2026,Allanamiento de morada,No identificado,No especificado,0
Santa Cruz,2026,Amenazas,No identificado,No especificado,0
Santa Cruz,2026,Contra el medio ambiente,No identificado,No especificado,0
Santa Cruz,2026,Corrupción de menores,No identificado,No especificado,0
Santa Cruz,2026,Daño a la propiedad,No identificado,No especificado,0
Santa Cruz,2026,Delitos cometidos por servidores públicos,No identificado,No especificado,0
Santa Cruz,2026,Delitos contra la administración de justicia,No identificado,No especificado,0
Santa Cruz,2026,Despojo,No identificado,No especificado,0
Santa Cruz,2026,Discriminación,No identificado,No especificado,0
Santa Cruz,2026,Electorales,No identificado,No especificado,0
Santa Cruz,2026,Evasión de presos,No identificado,No especificado,0
Santa Cruz,2026,Extorsión por otros medios,No identificado,No especificado,0
Santa Cruz,2026,Extorsión presencial,No identificado,No especificado,0
Santa Cruz,2026,Falsedad,No identificado,No especificado,0
Santa Cruz,2026,Falsificación,No identificado,No especificado,0
Santa Cruz,2026,Feminicidio,No identificado,No especificado,0
Santa Cruz,2026,Fraude,No identificado,No especificado,0
Santa Cruz,2026,Homicidio culposo,No identificado,No especificado,0
Santa Cruz,2026,Homicidio doloso,No identificado,No especificado,0
Santa Cruz,2026,Hostigamiento sexual,No identificado,No especificado,0
Santa Cruz,2026,Incesto,No identificado,No especificado,0
Santa Cruz,2026,Incumplimiento de obligaciones de asistencia familiar,No identificado,No especificado,0
Santa Cruz,2026,Lesiones culposas,No identificado,No especificado,0
Santa Cruz,2026,Lesiones dolosas,No identificado,No especificado,0
Santa Cruz,2026,Narcomenudeo con fines de venta,No identificado,No especificado,0
Santa Cruz,2026,Narcomenudeo posesión simple,No identificado,No especificado,0
Santa Cruz,2026,Otros delitos contra el patrimonio,No identificado,No especificado,0
Santa Cruz,2026,Otros delitos contra la familia,No identificado,No especificado,0
Santa Cruz,2026,Otros delitos contra la sociedad,No identificado,No especificado,0
Santa Cruz,2026,Otros delitos del Fuero Común,No identificado,No especificado,0
Santa Cruz,2026,Otros delitos que atentan contra la libertad personal,No identificado,No especificado,0
Santa Cruz,2026,Otros delitos que atentan contra la libertad y la seguridad sexual,No identificado,No especificado,0
Santa Cruz,2026,Otros delitos que atentan contra la vida y la integridad corporal,No identificado,No especificado,0
Santa Cruz,2026,Otros robos,No identificado,No especificado,0
Santa Cruz,2026,Pornografía infantil,No identificado,No especificado,0
Santa Cruz,2026,Privación ilegal de la libertad,No identificado,No especificado,0
Santa Cruz,2026,Rapto,No identificado,No especificado,0
Santa Cruz,2026,Retención o sustracción de menores e incapaces,No identificado,No especificado,0
Santa Cruz,2026,Robo a casa habitación,No identificado,No especificado,0
Santa Cruz,2026,Robo a institución bancaria,No identificado,No especificado,0
Santa Cruz,2026,Robo a negocio,No identificado,No especificado,0
Santa Cruz,2026,Robo a transeúnte en espacio abierto al público,No identificado,No especificado,0
Santa Cruz,2026,Robo a transeúnte en vía pública,No identificado,No especificado,0
Santa Cruz,2026,Robo a transportista,No identificado,No especificado,0
Santa Cruz,2026,Robo de autopartes,No identificado,No especificado,0
Santa Cruz,2026,Robo de ganado,No identificado,No especificado,0
Santa Cruz,2026,"Robo de maquinaria - Cables, tubos y otros objetos destinados a servicios públicos",No identificado,No especificado,0
Santa Cruz,2026,Robo de maquinaria - Herramienta industrial o agrícola,No identificado,No especificado,0
Santa Cruz,2026,Robo de maquinaria - Tractores y/o montacargas,No identificado,No especificado,0
Santa Cruz,2026,Robo de vehículo automotor - Coche de 4 ruedas,No identificado,No especificado,0
Santa Cruz,2026,Robo de vehículo automotor - Embarcaciones,No identificado,No especificado,0
Santa Cruz,2026,Robo de vehículo automotor - Motocicleta,No identificado,No especificado,0
Santa Cruz,2026,Robo en transporte individual,No identificado,No especificado,0
Santa Cruz,2026,Robo en transporte público colectivo,No identificado,No especificado,0
Santa Cruz,2026,Robo en transporte público individual,No identificado,No especificado,0
Santa Cruz,2026,Secuestro con calidad de rehén,No identificado,No especificado,0
Santa Cruz,2026,Secuestro exprés,No identificado,No especificado,0
Santa Cruz,2026,Secuestro extorsivo,No identificado,No especificado,0
Santa Cruz,2026,Secuestro para causar daño,No identificado,No especificado,0
Santa Cruz,2026,Suplantación y usurpación de identidad,No identificado,No especificado,0
Santa Cruz,2026,Tentativa de extorsión por otros medios,No identificado,No especificado,0
Santa Cruz,2026,Tentativa de extorsión presencial,No identificado,No especificado,0
Santa Cruz,2026,Tentativa de feminicidio,No identificado,No especificado,0
Santa Cruz,2026,Tentativa de homicidio doloso,No identificado,No especificado,0
Santa Cruz,2026,Tortura,No identificado,No especificado,0
Santa Cruz,2026,Trata de personas con fines de explotación sexual,No identificado,No especificado,0
Santa Cruz,2026,Trata de personas con fines de trabajo o servicios forzados,No identificado,No especificado,0
Santa Cruz,2026,Trata de personas con fines de tráfico de órganos,No identificado,No especificado,0
Santa Cruz,2026,Trata de personas con otros fines,No identificado,No especificado,0
Santa Cruz,2026,Tráfico de menores,No identificado,No especificado,0
Santa Cruz,2026,Violación a la intimidad sexual,No identificado,No especificado,0
Santa Cruz,2026,Violación equiparada,No identificado,No especificado,0
Santa Cruz,2026,Violación simple,No identificado,No especificado,0
Santa Cruz,2026,Violencia de género en todas sus modalidades distinta a la violencia familiar,No identificado,No especificado,0
Santa Cruz,2026,Violencia familiar,No identificado,No especificado,0
Soyopa,2026,Otros delitos contra el patrimonio,No identificado,No especificado,1
Suaqui Grande,2026,Aborto,No identificado,No especificado,0
Suaqui Grande,2026,Abuso de confianza,No identificado,No especificado,0
Suaqui Grande,2026,Abuso sexual,No identificado,No especificado,0
Suaqui Grande,2026,Acoso sexual,No identificado,No especificado,0
Suaqui Grande,2026,Allanamiento de morada,No identificado,No especificado,0
Suaqui Grande,2026,Amenazas,No identificado,No especificado,0
Suaqui Grande,2026,Contra el medio ambiente,No identificado,No especificado,0
Suaqui Grande,2026,Corrupción de menores,No identificado,No especificado,0
Suaqui Grande,2026,Daño a la propiedad,No identificado,No especificado,0
Suaqui Grande,2026,Delitos cometidos por servidores públicos,No identificado,No especificado,0
Suaqui Grande,2026,Delitos contra la administración de justicia,No identificado,No especificado,0
Suaqui Grande,2026,Despojo,No identificado,No especificado,0
Suaqui Grande,2026,Discriminación,No identificado,No especificado,0
Suaqui Grande,2026,Electorales,No identificado,No especificado,0
Suaqui Grande,2026,Evasión de presos,No identificado,No especificado,0
Suaqui Grande,2026,Extorsión por otros medios,No identificado,No especificado,0
Suaqui Grande,2026,Extorsión presencial,No identificado,No especificado,0
Suaqui Grande,2026,Falsedad,No identificado,No especificado,0
Suaqui Grande,2026,Falsificación,No identificado,No especificado,0
Suaqui Grande,2026,Feminicidio,No identificado,No especificado,0
Suaqui Grande,2026,Fraude,No identificado,No especificado,0
Suaqui Grande,2026,Homicidio culposo,No identificado,No especificado,0
Suaqui Grande,2026,Homicidio doloso,No identificado,No especificado,0
Suaqui Grande,2026,Hostigamiento sexual,No identificado,No especificado,0
Suaqui Grande,2026,Incesto,No identificado,No especificado,0
Suaqui Grande,2026,Incumplimiento de obligaciones de asistencia familiar,No identificado,No especificado,0
Suaqui Grande,2026,Lesiones culposas,No identificado,No especificado,0
Suaqui Grande,2026,Lesiones dolosas,No identificado,No especificado,0
Suaqui Grande,2026,Narcomenudeo con fines de venta,No identificado,No especificado,0
Suaqui Grande,2026,Narcomenudeo posesión simple,No identificado,No especificado,0
Suaqui Grande,2026,Otros delitos contra el patrimonio,No identificado,No especificado,0
Suaqui Grande,2026,Otros delitos contra la familia,No identificado,No especificado,0
Suaqui Grande,2026,Otros delitos contra la sociedad,No identificado,No especificado,0
Suaqui Grande,2026,Otros delitos del Fuero Común,No identificado,No especificado,0
Suaqui Grande,2026,Otros delitos que atentan contra la libertad personal,No identificado,No especificado,0
Suaqui Grande,2026,Otros delitos que atentan contra la libertad y la seguridad sexual,No identificado,No especificado,0
Suaqui Grande,2026,Otros delitos que atentan contra la vida y la integridad corporal,No identificado,No especificado,0
Suaqui Grande,2026,Otros robos,No identificado,No especificado,0
Suaqui Grande,2026,Pornografía infantil,No identificado,No especificado,0
Suaqui Grande,2026,Privación ilegal de la libertad,No identificado,No especificado,0
Suaqui Grande,2026,Rapto,No identificado,No especificado,0
Suaqui Grande,2026,Retención o sustracción de menores e incapaces,No identificado,No especificado,0
Suaqui Grande,2026,Robo a casa habitación,No identificado,No especificado,0
Suaqui Grande,2026,Robo a institución bancaria,No identificado,No especificado,0
Suaqui Grande,2026,Robo a negocio,No identificado,No especificado,0
Suaqui Grande,2026,Robo a transeúnte en espacio abierto al público,No identificado,No especificado,0
Suaqui Grande,2026,Robo a transeúnte en vía pública,No identificado,No especificado,0
Suaqui Grande,2026,Robo a transportista,No identificado,No especificado,0
Suaqui Grande,2026,Robo de autopartes,No identificado,No especificado,0
Suaqui Grande,2026,Robo de ganado,No identificado,No especificado,0
Suaqui Grande,2026,"Robo de maquinaria - Cables, tubos y otros objetos destinados a servicios públicos",No identificado,No especificado,0
Suaqui Grande,2026,Robo de maquinaria - Herramienta industrial o agrícola,No identificado,No especificado,0
Suaqui Grande,2026,Robo de maquinaria - Tractores y/o montacargas,No identificado,No especificado,0
Suaqui Grande,2026,Robo de vehículo automotor - Coche de 4 ruedas,No identificado,No especificado,0
Suaqui Grande,2026,Robo de vehículo automotor - Embarcaciones,No identificado,No especificado,0
Suaqui Grande,2026,Robo de vehículo automotor - Motocicleta,No identificado,No especificado,0
Suaqui Grande,2026,Robo en transporte individual,No identificado,No especificado,0
Suaqui Grande,2026,Robo en transporte público colectivo,No identificado,No especificado,0
Suaqui Grande,2026,Robo en transporte público individual,No identificado,No especificado,0
Suaqui Grande,2026,Secuestro con calidad de rehén,No identificado,No especificado,0
Suaqui Grande,2026,Secuestro exprés,No identificado,No especificado,0
Suaqui Grande,2026,Secuestro extorsivo,No identificado,No especificado,0
Suaqui Grande,2026,Secuestro para causar daño,No identificado,No especificado,0
Suaqui Grande,2026,Suplantación y usurpación de identidad,No identificado,No especificado,0
Suaqui Grande,2026,Tentativa de extorsión por otros medios,No identificado,No especificado,0
Suaqui Grande,2026,Tentativa de extorsión presencial,No identificado,No especificado,0
Suaqui Grande,2026,Tentativa de feminicidio,No identificado,No especificado,0
Suaqui Grande,2026,Tentativa de homicidio doloso,No identificado,No especificado,0
Suaqui Grande,2026,Tortura,No identificado,No especificado,0
Suaqui Grande,2026,Trata de personas con fines de explotación sexual,No identificado,No especificado,0
Suaqui Grande,2026,Trata de personas con fines de trabajo o servicios forzados,No identificado,No especificado,0
Suaqui Grande,2026,Trata de personas con fines de tráfico de órganos,No identificado,No especificado,0
Suaqui Grande,2026,Trata de personas con otros fines,No identificado,No especificado,0
Suaqui Grande,2026,Tráfico de menores,No identificado,No especificado,0
Suaqui Grande,2026,Violación a la intimidad sexual,No identificado,No especificado,0
Suaqui Grande,2026,Violación equiparada,No identificado,No especificado,0
Suaqui Grande,2026,Violación simple,No identificado,No especificado,0
Suaqui Grande,2026,Violencia de género en todas sus modalidades distinta a la violencia familiar,No identificado,No especificado,0
Suaqui Grande,2026,Violencia familiar,No identificado,No especificado,0
Sáric,2026,Narcomenudeo con fines de venta,No identificado,No especificado,1
Sáric,2026,Otros delitos del Fuero Común,No identificado,No especificado,6
Tepache,2026,Lesiones dolosas,Hombre,30 a 60 años,1
Tepache,2026,Narcomenudeo con fines de venta,No identificado,No especificado,3
Trincheras,2026,Despojo,Mujer,No especificado,1
Trincheras,2026,Otros delitos contra el patrimonio,Hombre,30 a 60 años,1
Tubutama,2026,Otros delitos que atentan contra la vida y la integridad corporal,No identificado,No especificado,1
Ures,2026,Allanamiento de morada,Mujer,30 a 60 años,1
Ures,2026,Daño a la propiedad,Hombre,30 a 60 años,4
Ures,2026,Daño a la propiedad,No identificado,No especificado,2
Ures,2026,Lesiones culposas,Hombre,30 a 60 años,1
Ures,2026,Lesiones culposas,Mujer,30 a 60 años,1
Ures,2026,Narcomenudeo con fines de venta,No identificado,No especificado,1
Ures,2026,Otros delitos del Fuero Común,Hombre,18 a 29 años,1
Ures,2026,Otros robos,Hombre,30 a 60 años,2
Ures,2026,Otros robos,Mujer,Más de 60 años,1
Ures,2026,Otros robos,No identificado,No especificado,1
Ures,2026,Robo a negocio,No identificado,No especificado,1
Ures,2026,Robo de vehículo automotor - Coche de 4 ruedas,Hombre,30 a 60 años,1
Ures,2026,Robo de vehículo automotor - Coche de 4 ruedas,Hombre,No especificado,1
Ures,2026,Robo de vehículo automotor - Coche de 4 ruedas,Mujer,18 a 29 años,1
Ures,2026,Robo de vehículo automotor - Motocicleta,Hombre,18 a 29 años,1
Ures,2026,Violencia familiar,Mujer,18 a 29 años,3
Ures,2026,Violencia familiar,Mujer,30 a 60 años,1
Villa Hidalgo,2026,Abuso sexual,Mujer,Más de 60 años,1
Villa Hidalgo,2026,Allanamiento de morada,Mujer,Más de 60 años,1
Villa Pesqueira,2026,Aborto,No identificado,No especificado,0
Villa Pesqueira,2026,Abuso de confianza,No identificado,No especificado,0
Villa Pesqueira,2026,Abuso sexual,No identificado,No especificado,0
Villa Pesqueira,2026,Acoso sexual,No identificado,No especificado,0
Villa Pesqueira,2026,Allanamiento de morada,No identificado,No especificado,0
Villa Pesqueira,2026,Amenazas,No identificado,No especificado,0
Villa Pesqueira,2026,Contra el medio ambiente,No identificado,No especificado,0
Villa Pesqueira,2026,Corrupción de menores,No identificado,No especificado,0
Villa Pesqueira,2026,Daño a la propiedad,No identificado,No especificado,0
Villa Pesqueira,2026,Delitos cometidos por servidores públicos,No identificado,No especificado,0
Villa Pesqueira,2026,Delitos contra la administración de justicia,No identificado,No especificado,0
Villa Pesqueira,2026,Despojo,No identificado,No especificado,0
Villa Pesqueira,2026,Discriminación,No identificado,No especificado,0
Villa Pesqueira,2026,Electorales,No identificado,No especificado,0
Villa Pesqueira,2026,Evasión de presos,No identificado,No especificado,0
Villa Pesqueira,2026,Extorsión por otros medios,No identificado,No especificado,0
Villa Pesqueira,2026,Extorsión presencial,No identificado,No especificado,0
Villa Pesqueira,2026,Falsedad,No identificado,No especificado,0
Villa Pesqueira,2026,Falsificación,No identificado,No especificado,0
Villa Pesqueira,2026,Feminicidio,No identificado,No especificado,0
Villa Pesqueira,2026,Fraude,No identificado,No especificado,0
Villa Pesqueira,2026,Homicidio culposo,No identificado,No especificado,0
Villa Pesqueira,2026,Homicidio doloso,No identificado,No especificado,0
Villa Pesqueira,2026,Hostigamiento sexual,No identificado,No especificado,0
Villa Pesqueira,2026,Incesto,No identificado,No especificado,0
Villa Pesqueira,2026,Incumplimiento de obligaciones de asistencia familiar,No identificado,No especificado,0
Villa Pesqueira,2026,Lesiones culposas,No identificado,No especificado,0
Villa Pesqueira,2026,Lesiones dolosas,No identificado,No especificado,0
Villa Pesqueira,2026,Narcomenudeo con fines de venta,No identificado,No especificado,0
Villa Pesqueira,2026,Narcomenudeo posesión simple,No identificado,No especificado,0
Villa Pesqueira,2026,Otros delitos contra el patrimonio,No identificado,No especificado,0
Villa Pesqueira,2026,Otros delitos contra la familia,No identificado,No especificado,0
Villa Pesqueira,2026,Otros delitos contra la sociedad,No identificado,No especificado,0
Villa Pesqueira,2026,Otros delitos del Fuero Común,No identificado,No especificado,0
Villa Pesqueira,2026,Otros delitos que atentan contra la libertad personal,No identificado,No especificado,0
Villa Pesqueira,2026,Otros delitos que atentan contra la libertad y la seguridad sexual,No identificado,No especificado,0
Villa Pesqueira,2026,Otros delitos que atentan contra la vida y la integridad corporal,No identificado,No especificado,0
Villa Pesqueira,2026,Otros robos,No identificado,No especificado,0
Villa Pesqueira,2026,Pornografía infantil,No identificado,No especificado,0
Villa Pesqueira,2026,Privación ilegal de la libertad,No identificado,No especificado,0
Villa Pesqueira,2026,Rapto,No identificado,No especificado,0
Villa Pesqueira,2026,Retención o sustracción de menores e incapaces,No identificado,No especificado,0
Villa Pesqueira,2026,Robo a casa habitación,No identificado,No especificado,0
Villa Pesqueira,2026,Robo a institución bancaria,No identificado,No especificado,0
Villa Pesqueira,2026,Robo a negocio,No identificado,No especificado,0
Villa Pesqueira,2026,Robo a transeúnte en espacio abierto al público,No identificado,No especificado,0
Villa Pesqueira,2026,Robo a transeúnte en vía pública,No identificado,No especificado,0
Villa Pesqueira,2026,Robo a transportista,No identificado,No especificado,0
Villa Pesqueira,2026,Robo de autopartes,No identificado,No especificado,0
Villa Pesqueira,2026,Robo de ganado,No identificado,No especificado,0
Villa Pesqueira,2026,"Robo de maquinaria - Cables, tubos y otros objetos destinados a servicios públicos",No identificado,No especificado,0
Villa Pesqueira,2026,Robo de maquinaria - Herramienta industrial o agrícola,No identificado,No especificado,0
Villa Pesqueira,2026,Robo de maquinaria - Tractores y/o montacargas,No identificado,No especificado,0
Villa Pesqueira,2026,Robo de vehículo automotor - Coche de 4 ruedas,No identificado,No especificado,0
Villa Pesqueira,2026,Robo de vehículo automotor - Embarcaciones,No identificado,No especificado,0
Villa Pesqueira,2026,Robo de vehículo automotor - Motocicleta,No identificado,No especificado,0
Villa Pesqueira,2026,Robo en transporte individual,No identificado,No especificado,0
Villa Pesqueira,2026,Robo en transporte público colectivo,No identificado,No especificado,0
Villa Pesqueira,2026,Robo en transporte público individual,No identificado,No especificado,0
Villa Pesqueira,2026,Secuestro con calidad de rehén,No identificado,No especificado,0
Villa Pesqueira,2026,Secuestro exprés,No identificado,No especificado,0
Villa Pesqueira,2026,Secuestro extorsivo,No identificado,No especificado,0
Villa Pesqueira,2026,Secuestro para causar daño,No identificado,No especificado,0
Villa Pesqueira,2026,Suplantación y usurpación de identidad,No identificado,No especificado,0
Villa Pesqueira,2026,Tentativa de extorsión por otros medios,No identificado,No especificado,0
Villa Pesqueira,2026,Tentativa de extorsión presencial,No identificado,No especificado,0
Villa Pesqueira,2026,Tentativa de feminicidio,No identificado,No especificado,0
Villa Pesqueira,2026,Tentativa de homicidio doloso,No identificado,No especificado,0
Villa Pesqueira,2026,Tortura,No identificado,No especificado,0
Villa Pesqueira,2026,Trata de personas con fines de explotación sexual,No identificado,No especificado,0
Villa Pesqueira,2026,Trata de personas con fines de trabajo o servicios forzados,No identificado,No especificado,0
Villa Pesqueira,2026,Trata de personas con fines de tráfico de órganos,No identificado,No especificado,0
Villa Pesqueira,2026,Trata de personas con otros fines,No identificado,No especificado,0
Villa Pesqueira,2026,Tráfico de menores,No identificado,No especificado,0
Villa Pesqueira,2026,Violación a la intimidad sexual,No identificado,No especificado,0
Villa Pesqueira,2026,Violación equiparada,No identificado,No especificado,0
Villa Pesqueira,2026,Violación simple,No identificado,No especificado,0
Villa Pesqueira,2026,Violencia de género en todas sus modalidades distinta a la violencia familiar,No identificado,No especificado,0
Villa Pesqueira,2026,Violencia familiar,No identificado,No especificado,0
Yécora,2026,Daño a la propiedad,Mujer,30 a 60 años,1
Yécora,2026,Narcomenudeo con fines de venta,No identificado,No especificado,1
Yécora,2026,Otros delitos del Fuero Común,No identificado,No especificado,1
Yécora,2026,Violencia familiar,Hombre,Más de 60 años,2
Álamos,2026,Abuso de confianza,Mujer,No especificado,1
Álamos,2026,Abuso sexual,Mujer,30 a 60 años,1
Álamos,2026,Amenazas,Hombre,30 a 60 años,1
Álamos,2026,Daño a la propiedad,Hombre,18 a 29 años,1
Álamos,2026,Homicidio doloso,Hombre,No especificado,1
Álamos,2026,Incumplimiento de obligaciones de asistencia familiar,Mujer,0 a 12 años,1
Álamos,2026,Incumplimiento de obligaciones de asistencia familiar,Mujer,13 a 17 años,3
Álamos,2026,Lesiones culposas,Hombre,18 a 29 años,1
Álamos,2026,Lesiones dolosas,Mujer,30 a 60 años,2
Álamos,2026,Lesiones dolosas,Mujer,No especificado,1
Álamos,2026,Otros robos,Mujer,No especificado,1
Álamos,2026,Tentativa de feminicidio,Mujer,18 a 29 años,1
Álamos,2026,Violencia familiar,Hombre,13 a 17 años,1
Álamos,2026,Violencia familiar,Hombre,Más de 60 años,1
Álamos,2026,Violencia familiar,Mujer,18 a 29 años,1
Álamos,2026,Violencia familiar,Mujer,30 a 60 años,3
Álamos,2026,Violencia familiar,Mujer,Más de 60 años,1
Álamos,2026,Violencia familiar,Mujer,No especificado,1
Ónavas,2026,Aborto,No identificado,No especificado,0
Ónavas,2026,Abuso de confianza,No identificado,No especificado,0
Ónavas,2026,Abuso sexual,No identificado,No especificado,0
Ónavas,2026,Acoso sexual,No identificado,No especificado,0
Ónavas,2026,Allanamiento de morada,No identificado,No especificado,0
Ónavas,2026,Amenazas,No identificado,No especificado,0
Ónavas,2026,Contra el medio ambiente,No identificado,No especificado,0
Ónavas,2026,Corrupción de menores,No identificado,No especificado,0
Ónavas,2026,Daño a la propiedad,No identificado,No especificado,0
Ónavas,2026,Delitos cometidos por servidores públicos,No identificado,No especificado,0
Ónavas,2026,Delitos contra la administración de justicia,No identificado,No especificado,0
Ónavas,2026,Despojo,No identificado,No especificado,0
Ónavas,2026,Discriminación,No identificado,No especificado,0
Ónavas,2026,Electorales,No identificado,No especificado,0
Ónavas,2026,Evasión de presos,No identificado,No especificado,0
Ónavas,2026,Extorsión por otros medios,No identificado,No especificado,0
Ónavas,2026,Extorsión presencial,No identificado,No especificado,0
Ónavas,2026,Falsedad,No identificado,No especificado,0
Ónavas,2026,Falsificación,No identificado,No especificado,0
Ónavas,2026,Feminicidio,No identificado,No especificado,0
Ónavas,2026,Fraude,No identificado,No especificado,0
Ónavas,2026,Homicidio culposo,No identificado,No especificado,0
Ónavas,2026,Homicidio doloso,No identificado,No especificado,0
Ónavas,2026,Hostigamiento sexual,No identificado,No especificado,0
Ónavas,2026,Incesto,No identificado,No especificado,0
Ónavas,2026,Incumplimiento de obligaciones de asistencia familiar,No identificado,No especificado,0
Ónavas,2026,Lesiones culposas,No identificado,No especificado,0
Ónavas,2026,Lesiones dolosas,No identificado,No especificado,0
Ónavas,2026,Narcomenudeo con fines de venta,No identificado,No especificado,0
Ónavas,2026,Narcomenudeo posesión simple,No identificado,No especificado,0
Ónavas,2026,Otros delitos contra el patrimonio,No identificado,No especificado,0
Ónavas,2026,Otros delitos contra la familia,No identificado,No especificado,0
Ónavas,2026,Otros delitos contra la sociedad,No identificado,No especificado,0
Ónavas,2026,Otros delitos del Fuero Común,No identificado,No especificado,0
Ónavas,2026,Otros delitos que atentan contra la libertad personal,No identificado,No especificado,0
Ónavas,2026,Otros delitos que atentan contra la libertad y la seguridad sexual,No identificado,No especificado,0
Ónavas,2026,Otros delitos que atentan contra la vida y la integridad corporal,No identificado,No especificado,0
Ónavas,2026,Otros robos,No identificado,No especificado,0
Ónavas,2026,Pornografía infantil,No identificado,No especificado,0
Ónavas,2026,Privación ilegal de la libertad,No identificado,No especificado,0
Ónavas,2026,Rapto,No identificado,No especificado,0
Ónavas,2026,Retención o sustracción de menores e incapaces,No identificado,No especificado,0
Ónavas,2026,Robo a casa habitación,No identificado,No especificado,0
Ónavas,2026,Robo a institución bancaria,No identificado,No especificado,0
Ónavas,2026,Robo a negocio,No identificado,No especificado,0
Ónavas,2026,Robo a transeúnte en espacio abierto al público,No identificado,No especificado,0
Ónavas,2026,Robo a transeúnte en vía pública,No identificado,No especificado,0
Ónavas,2026,Robo a transportista,No identificado,No especificado,0
Ónavas,2026,Robo de autopartes,No identificado,No especificado,0
Ónavas,2026,Robo de ganado,No identificado,No especificado,0
Ónavas,2026,"Robo de maquinaria - Cables, tubos y otros objetos destinados a servicios públicos",No identificado,No especificado,0
Ónavas,2026,Robo de maquinaria - Herramienta industrial o agrícola,No identificado,No especificado,0
Ónavas,2026,Robo de maquinaria - Tractores y/o montacargas,No identificado,No especificado,0
Ónavas,2026,Robo de vehículo automotor - Coche de 4 ruedas,No identificado,No especificado,0
Ónavas,2026,Robo de vehículo automotor - Embarcaciones,No identificado,No especificado,0
Ónavas,2026,Robo de vehículo automotor - Motocicleta,No identificado,No especificado,0
Ónavas,2026,Robo en transporte individual,No identificado,No especificado,0
Ónavas,2026,Robo en transporte público colectivo,No identificado,No especificado,0
Ónavas,2026,Robo en transporte público individual,No identificado,No especificado,0
Ónavas,2026,Secuestro con calidad de rehén,No identificado,No especificado,0
Ónavas,2026,Secuestro exprés,No identificado,No especificado,0
Ónavas,2026,Secuestro extorsivo,No identificado,No especificado,0
Ónavas,2026,Secuestro para causar daño,No identificado,No especificado,0
Ónavas,2026,Suplantación y usurpación de identidad,No identificado,No especificado,0
Ónavas,2026,Tentativa de extorsión por otros medios,No identificado,No especificado,0
Ónavas,2026,Tentativa de extorsión presencial,No identificado,No especificado,0
Ónavas,2026,Tentativa de feminicidio,No identificado,No especificado,0
Ónavas,2026,Tentativa de homicidio doloso,No identificado,No especificado,0
Ónavas,2026,Tortura,No identificado,No especificado,0
Ónavas,2026,Trata de personas con fines de explotación sexual,No identificado,No especificado,0
Ónavas,2026,Trata de personas con fines de trabajo o servicios forzados,No identificado,No especificado,0
Ónavas,2026,Trata de personas con fines de tráfico de órganos,No identificado,No especificado,0
Ónavas,2026,Trata de personas con otros fines,No identificado,No especificado,0
Ónavas,2026,Tráfico de menores,No identificado,No especificado,0
Ónavas,2026,Violación a la intimidad sexual,No identificado,No especificado,0
Ónavas,2026,Violación equiparada,No identificado,No especificado,0
Ónavas,2026,Violación simple,No identificado,No especificado,0
Ónavas,2026,Violencia de género en todas sus modalidades distinta a la violencia familiar,No identificado,No especificado,0
Ónavas,2026,Violencia familiar,No identificado,No especificado,0
