Año,Clave_Ent,Entidad,Bien jurídico afectado,Tipo de delito,Subtipo de delito,Modalidad,Mes,Valor,Fecha
2026,26,Sonora,El patrimonio,Abuso de confianza,Abuso de confianza,Abuso de confianza,Enero,7,2026-01-01
2026,26,Sonora,El patrimonio,Daño a la propiedad,Daño a la propiedad,Daño a la propiedad,Enero,113,2026-01-01
2026,26,Sonora,El patrimonio,Despojo,Despojo,Despojo,Enero,12,2026-01-01
2026,26,Sonora,El patrimonio,Extorsión,Extorsión por otros medios,Extorsión por otros medios,Enero,3,2026-01-01
2026,26,Sonora,El patrimonio,Extorsión,Extorsión presencial,Extorsión presencial,Enero,3,2026-01-01
2026,26,Sonora,El patrimonio,Extorsión,Tentativa de extorsión por otros medios,Tentativa de extorsión por otros medios,Enero,1,2026-01-01
2026,26,Sonora,El patrimonio,Extorsión,Tentativa de extorsión presencial,Tentativa de extorsión presencial,Enero,0,2026-01-01
2026,26,Sonora,El patrimonio,Fraude,Fraude,Fraude,Enero,22,2026-01-01
2026,26,Sonora,El patrimonio,Otros delitos contra el patrimonio,Otros delitos contra el patrimonio,Otros delitos contra el patrimonio,Enero,41,2026-01-01
2026,26,Sonora,El patrimonio,Robo,Otros robos,Con violencia,Enero,69,2026-01-01
2026,26,Sonora,El patrimonio,Robo,Otros robos,Sin violencia,Enero,33,2026-01-01
2026,26,Sonora,El patrimonio,Robo,Robo a casa habitación,Con violencia,Enero,7,2026-01-01
2026,26,Sonora,El patrimonio,Robo,Robo a casa habitación,Sin violencia,Enero,8,2026-01-01
2026,26,Sonora,El patrimonio,Robo,Robo a institución bancaria,Con violencia,Enero,0,2026-01-01
2026,26,Sonora,El patrimonio,Robo,Robo a institución bancaria,Sin violencia,Enero,0,2026-01-01
2026,26,Sonora,El patrimonio,Robo,Robo a negocio,Con violencia,Enero,7,2026-01-01
2026,26,Sonora,El patrimonio,Robo,Robo a negocio,Sin violencia,Enero,23,2026-01-01
2026,26,Sonora,El patrimonio,Robo,Robo a transeúnte en espacio abierto al público,Con violencia,Enero,2,2026-01-01
2026,26,Sonora,El patrimonio,Robo,Robo a transeúnte en espacio abierto al público,Sin violencia,Enero,2,2026-01-01
2026,26,Sonora,El patrimonio,Robo,Robo a transeúnte en vía pública,Con violencia,Enero,11,2026-01-01
2026,26,Sonora,El patrimonio,Robo,Robo a transeúnte en vía pública,Sin violencia,Enero,6,2026-01-01
2026,26,Sonora,El patrimonio,Robo,Robo a transportista,Con violencia,Enero,1,2026-01-01
2026,26,Sonora,El patrimonio,Robo,Robo a transportista,Sin violencia,Enero,1,2026-01-01
2026,26,Sonora,El patrimonio,Robo,Robo de autopartes,Con violencia,Enero,2,2026-01-01
2026,26,Sonora,El patrimonio,Robo,Robo de autopartes,Sin violencia,Enero,5,2026-01-01
2026,26,Sonora,El patrimonio,Robo,Robo de ganado,Con violencia,Enero,0,2026-01-01
2026,26,Sonora,El patrimonio,Robo,Robo de ganado,Sin violencia,Enero,2,2026-01-01
2026,26,Sonora,El patrimonio,Robo,"Robo de maquinaria - Cables, tubos y otros objetos destinados a servicios públicos",Con violencia,Enero,0,2026-01-01
2026,26,Sonora,El patrimonio,Robo,"Robo de maquinaria - Cables, tubos y otros objetos destinados a servicios públicos",Sin violencia,Enero,0,2026-01-01
2026,26,Sonora,El patrimonio,Robo,Robo de maquinaria - Herramienta industrial o agrícola,Con violencia,Enero,0,2026-01-01
2026,26,Sonora,El patrimonio,Robo,Robo de maquinaria - Herramienta industrial o agrícola,Sin violencia,Enero,1,2026-01-01
2026,26,Sonora,El patrimonio,Robo,Robo de maquinaria - Tractores y/o montacargas,Con violencia,Enero,1,2026-01-01
2026,26,Sonora,El patrimonio,Robo,Robo de maquinaria - Tractores y/o montacargas,Sin violencia,Enero,0,2026-01-01
2026,26,Sonora,El patrimonio,Robo,Robo de vehículo automotor - Coche de 4 ruedas,Con violencia,Enero,34,2026-01-01
2026,26,Sonora,El patrimonio,Robo,Robo de vehículo automotor - Coche de 4 ruedas,Sin violencia,Enero,74,2026-01-01
2026,26,Sonora,El patrimonio,Robo,Robo de vehículo automotor - Embarcaciones,Con violencia,Enero,0,2026-01-01
2026,26,Sonora,El patrimonio,Robo,Robo de vehículo automotor - Embarcaciones,Sin violencia,Enero,0,2026-01-01
2026,26,Sonora,El patrimonio,Robo,Robo de vehículo automotor - Motocicleta,Con violencia,Enero,12,2026-01-01
2026,26,Sonora,El patrimonio,Robo,Robo de vehículo automotor - Motocicleta,Sin violencia,Enero,37,2026-01-01
2026,26,Sonora,El patrimonio,Robo,Robo en transporte individual,Con violencia,Enero,1,2026-01-01
2026,26,Sonora,El patrimonio,Robo,Robo en transporte individual,Sin violencia,Enero,0,2026-01-01
2026,26,Sonora,El patrimonio,Robo,Robo en transporte público colectivo,Con violencia,Enero,0,2026-01-01
2026,26,Sonora,El patrimonio,Robo,Robo en transporte público colectivo,Sin violencia,Enero,0,2026-01-01
2026,26,Sonora,El patrimonio,Robo,Robo en transporte público individual,Con violencia,Enero,0,2026-01-01
2026,26,Sonora,El patrimonio,Robo,Robo en transporte público individual,Sin violencia,Enero,0,2026-01-01
2026,26,Sonora,La familia,Incumplimiento de obligaciones de asistencia familiar,Incumplimiento de obligaciones de asistencia familiar,Incumplimiento de obligaciones de asistencia familiar,Enero,110,2026-01-01
2026,26,Sonora,La familia,Otros delitos contra la familia,Otros delitos contra la familia,Otros delitos contra la familia,Enero,7,2026-01-01
2026,26,Sonora,La familia,Violencia de género en todas sus modalidades distinta a la violencia familiar,Violencia de género en todas sus modalidades distinta a la violencia familiar,Violencia de género en todas sus modalidades distinta a la violencia familiar,Enero,0,2026-01-01
2026,26,Sonora,La familia,Violencia familiar,Violencia familiar,Violencia familiar,Enero,382,2026-01-01
2026,26,Sonora,La libertad y la seguridad sexual,Abuso sexual,Abuso sexual,Abuso sexual,Enero,32,2026-01-01
2026,26,Sonora,La libertad y la seguridad sexual,Acoso sexual,Acoso sexual,Acoso sexual,Enero,3,2026-01-01
2026,26,Sonora,La libertad y la seguridad sexual,Hostigamiento sexual,Hostigamiento sexual,Hostigamiento sexual,Enero,0,2026-01-01
2026,26,Sonora,La libertad y la seguridad sexual,Incesto,Incesto,Incesto,Enero,0,2026-01-01
2026,26,Sonora,La libertad y la seguridad sexual,Otros delitos que atentan contra la libertad y la seguridad sexual,Otros delitos que atentan contra la libertad y la seguridad sexual,Otros delitos que atentan contra la libertad y la seguridad sexual,Enero,6,2026-01-01
2026,26,Sonora,La libertad y la seguridad sexual,Violación,Violación equiparada,Violación equiparada,Enero,3,2026-01-01
2026,26,Sonora,La libertad y la seguridad sexual,Violación,Violación simple,Violación simple,Enero,16,2026-01-01
2026,26,Sonora,La libertad y la seguridad sexual,Violación a la intimidad sexual,Violación a la intimidad sexual,Violación a la intimidad sexual,Enero,4,2026-01-01
2026,26,Sonora,La sociedad,Corrupción de menores,Corrupción de menores,Corrupción de menores,Enero,5,2026-01-01
2026,26,Sonora,La sociedad,Discriminación,Discriminación,Discriminación,Enero,1,2026-01-01
2026,26,Sonora,La sociedad,Otros delitos contra la sociedad,Otros delitos contra la sociedad,Otros delitos contra la sociedad,Enero,8,2026-01-01
2026,26,Sonora,La sociedad,Pornografía infantil,Pornografía infantil,Pornografía infantil,Enero,0,2026-01-01
2026,26,Sonora,La sociedad,Trata de personas,Trata de personas con fines de explotación sexual,Trata de personas con fines de explotación sexual,Enero,0,2026-01-01
2026,26,Sonora,La sociedad,Trata de personas,Trata de personas con fines de trabajo o servicios forzados,Trata de personas con fines de trabajo o servicios forzados,Enero,0,2026-01-01
2026,26,Sonora,La sociedad,Trata de personas,Trata de personas con fines de tráfico de órganos,Trata de personas con fines de tráfico de órganos,Enero,0,2026-01-01
2026,26,Sonora,La sociedad,Trata de personas,Trata de personas con otros fines,Trata de personas con otros fines,Enero,0,2026-01-01
2026,26,Sonora,La vida y la Integridad corporal,Aborto,Aborto,Aborto,Enero,0,2026-01-01
2026,26,Sonora,La vida y la Integridad corporal,Feminicidio,Feminicidio,Con arma blanca,Enero,0,2026-01-01
2026,26,Sonora,La vida y la Integridad corporal,Feminicidio,Feminicidio,Con arma de fuego,Enero,0,2026-01-01
2026,26,Sonora,La vida y la Integridad corporal,Feminicidio,Feminicidio,Con otro elemento,Enero,2,2026-01-01
2026,26,Sonora,La vida y la Integridad corporal,Feminicidio,Feminicidio,No especificado,Enero,0,2026-01-01
2026,26,Sonora,La vida y la Integridad corporal,Feminicidio,Tentativa de feminicidio,Tentativa de feminicidio,Enero,7,2026-01-01
2026,26,Sonora,La vida y la Integridad corporal,Homicidio,Homicidio culposo,Con arma blanca,Enero,0,2026-01-01
2026,26,Sonora,La vida y la Integridad corporal,Homicidio,Homicidio culposo,Con arma de fuego,Enero,0,2026-01-01
2026,26,Sonora,La vida y la Integridad corporal,Homicidio,Homicidio culposo,Con otro elemento,Enero,0,2026-01-01
2026,26,Sonora,La vida y la Integridad corporal,Homicidio,Homicidio culposo,En accidente de tránsito,Enero,14,2026-01-01
2026,26,Sonora,La vida y la Integridad corporal,Homicidio,Homicidio culposo,No especificado,Enero,0,2026-01-01
2026,26,Sonora,La vida y la Integridad corporal,Homicidio,Homicidio doloso,Con arma blanca,Enero,2,2026-01-01
2026,26,Sonora,La vida y la Integridad corporal,Homicidio,Homicidio doloso,Con arma de fuego,Enero,55,2026-01-01
2026,26,Sonora,La vida y la Integridad corporal,Homicidio,Homicidio doloso,Con otro elemento,Enero,14,2026-01-01
2026,26,Sonora,La vida y la Integridad corporal,Homicidio,Homicidio doloso,No especificado,Enero,0,2026-01-01
2026,26,Sonora,La vida y la Integridad corporal,Homicidio,Tentativa de homicidio doloso,Tentativa de homicidio doloso,Enero,35,2026-01-01
2026,26,Sonora,La vida y la Integridad corporal,Lesiones,Lesiones culposas,Con arma blanca,Enero,0,2026-01-01
2026,26,Sonora,La vida y la Integridad corporal,Lesiones,Lesiones culposas,Con arma de fuego,Enero,0,2026-01-01
2026,26,Sonora,La vida y la Integridad corporal,Lesiones,Lesiones culposas,Con otro elemento,Enero,3,2026-01-01
2026,26,Sonora,La vida y la Integridad corporal,Lesiones,Lesiones culposas,En accidente de tránsito,Enero,45,2026-01-01
2026,26,Sonora,La vida y la Integridad corporal,Lesiones,Lesiones culposas,No especificado,Enero,0,2026-01-01
2026,26,Sonora,La vida y la Integridad corporal,Lesiones,Lesiones dolosas,Con arma blanca,Enero,6,2026-01-01
2026,26,Sonora,La vida y la Integridad corporal,Lesiones,Lesiones dolosas,Con arma de fuego,Enero,1,2026-01-01
2026,26,Sonora,La vida y la Integridad corporal,Lesiones,Lesiones dolosas,Con otro elemento,Enero,70,2026-01-01
2026,26,Sonora,La vida y la Integridad corporal,Lesiones,Lesiones dolosas,No especificado,Enero,0,2026-01-01
2026,26,Sonora,La vida y la Integridad corporal,Otros delitos que atentan contra la vida y la integridad corporal,Otros delitos que atentan contra la vida y la integridad corporal,Otros delitos que atentan contra la vida y la integridad corporal,Enero,5,2026-01-01
2026,26,Sonora,Libertad personal,Otros delitos que atentan contra la libertad personal,Otros delitos que atentan contra la libertad personal,Otros delitos que atentan contra la libertad personal,Enero,6,2026-01-01
2026,26,Sonora,Libertad personal,Privación ilegal de la libertad,Privación ilegal de la libertad,Privación ilegal de la libertad,Enero,30,2026-01-01
2026,26,Sonora,Libertad personal,Rapto,Rapto,Rapto,Enero,0,2026-01-01
2026,26,Sonora,Libertad personal,Retención o sustracción de menores e incapaces,Retención o sustracción de menores e incapaces,Retención o sustracción de menores e incapaces,Enero,4,2026-01-01
2026,26,Sonora,Libertad personal,Secuestro,Secuestro con calidad de rehén,Secuestro con calidad de rehén,Enero,0,2026-01-01
2026,26,Sonora,Libertad personal,Secuestro,Secuestro exprés,Secuestro exprés,Enero,0,2026-01-01
2026,26,Sonora,Libertad personal,Secuestro,Secuestro extorsivo,Secuestro extorsivo,Enero,2,2026-01-01
2026,26,Sonora,Libertad personal,Secuestro,Secuestro para causar daño,Secuestro para causar daño,Enero,1,2026-01-01
2026,26,Sonora,Libertad personal,Tráfico de menores,Tráfico de menores,Tráfico de menores,Enero,0,2026-01-01
2026,26,Sonora,Otros bienes jurídicos afectados (del fuero común),Allanamiento de morada,Allanamiento de morada,Allanamiento de morada,Enero,31,2026-01-01
2026,26,Sonora,Otros bienes jurídicos afectados (del fuero común),Amenazas,Amenazas,Amenazas,Enero,76,2026-01-01
2026,26,Sonora,Otros bienes jurídicos afectados (del fuero común),Contra el medio ambiente,Contra el medio ambiente,Contra el medio ambiente,Enero,0,2026-01-01
2026,26,Sonora,Otros bienes jurídicos afectados (del fuero común),Delitos cometidos por servidores públicos,Delitos cometidos por servidores públicos,Delitos cometidos por servidores públicos,Enero,2,2026-01-01
2026,26,Sonora,Otros bienes jurídicos afectados (del fuero común),Delitos contra la administración de justicia,Delitos contra la administración de justicia,Delitos contra la administración de justicia,Enero,0,2026-01-01
2026,26,Sonora,Otros bienes jurídicos afectados (del fuero común),Electorales,Electorales,Electorales,Enero,0,2026-01-01
2026,26,Sonora,Otros bienes jurídicos afectados (del fuero común),Evasión de presos,Evasión de presos,Evasión de presos,Enero,0,2026-01-01
2026,26,Sonora,Otros bienes jurídicos afectados (del fuero común),Falsedad,Falsedad,Falsedad,Enero,4,2026-01-01
2026,26,Sonora,Otros bienes jurídicos afectados (del fuero común),Falsificación,Falsificación,Falsificación,Enero,4,2026-01-01
2026,26,Sonora,Otros bienes jurídicos afectados (del fuero común),Narcomenudeo,Narcomenudeo con fines de venta,Narcomenudeo con fines de venta,Enero,225,2026-01-01
2026,26,Sonora,Otros bienes jurídicos afectados (del fuero común),Narcomenudeo,Narcomenudeo posesión simple,Narcomenudeo posesión simple,Enero,167,2026-01-01
2026,26,Sonora,Otros bienes jurídicos afectados (del fuero común),Otros delitos del Fuero Común,Otros delitos del Fuero Común,Otros delitos del Fuero Común,Enero,159,2026-01-01
2026,26,Sonora,Otros bienes jurídicos afectados (del fuero común),Suplantación y usurpación de identidad,Suplantación y usurpación de identidad,Suplantación y usurpación de identidad,Enero,1,2026-01-01
2026,26,Sonora,Otros bienes jurídicos afectados (del fuero común),Tortura,Tortura,Tortura,Enero,0,2026-01-01
2026,26,Sonora,El patrimonio,Abuso de confianza,Abuso de confianza,Abuso de confianza,Febrero,7,2026-02-01
2026,26,Sonora,El patrimonio,Daño a la propiedad,Daño a la propiedad,Daño a la propiedad,Febrero,174,2026-02-01
2026,26,Sonora,El patrimonio,Despojo,Despojo,Despojo,Febrero,27,2026-02-01
2026,26,Sonora,El patrimonio,Extorsión,Extorsión por otros medios,Extorsión por otros medios,Febrero,3,2026-02-01
2026,26,Sonora,El patrimonio,Extorsión,Extorsión presencial,Extorsión presencial,Febrero,0,2026-02-01
2026,26,Sonora,El patrimonio,Extorsión,Tentativa de extorsión por otros medios,Tentativa de extorsión por otros medios,Febrero,0,2026-02-01
2026,26,Sonora,El patrimonio,Extorsión,Tentativa de extorsión presencial,Tentativa de extorsión presencial,Febrero,0,2026-02-01
2026,26,Sonora,El patrimonio,Fraude,Fraude,Fraude,Febrero,18,2026-02-01
2026,26,Sonora,El patrimonio,Otros delitos contra el patrimonio,Otros delitos contra el patrimonio,Otros delitos contra el patrimonio,Febrero,49,2026-02-01
2026,26,Sonora,El patrimonio,Robo,Otros robos,Con violencia,Febrero,60,2026-02-01
2026,26,Sonora,El patrimonio,Robo,Otros robos,Sin violencia,Febrero,26,2026-02-01
2026,26,Sonora,El patrimonio,Robo,Robo a casa habitación,Con violencia,Febrero,4,2026-02-01
2026,26,Sonora,El patrimonio,Robo,Robo a casa habitación,Sin violencia,Febrero,15,2026-02-01
2026,26,Sonora,El patrimonio,Robo,Robo a institución bancaria,Con violencia,Febrero,0,2026-02-01
2026,26,Sonora,El patrimonio,Robo,Robo a institución bancaria,Sin violencia,Febrero,0,2026-02-01
2026,26,Sonora,El patrimonio,Robo,Robo a negocio,Con violencia,Febrero,5,2026-02-01
2026,26,Sonora,El patrimonio,Robo,Robo a negocio,Sin violencia,Febrero,19,2026-02-01
2026,26,Sonora,El patrimonio,Robo,Robo a transeúnte en espacio abierto al público,Con violencia,Febrero,1,2026-02-01
2026,26,Sonora,El patrimonio,Robo,Robo a transeúnte en espacio abierto al público,Sin violencia,Febrero,0,2026-02-01
2026,26,Sonora,El patrimonio,Robo,Robo a transeúnte en vía pública,Con violencia,Febrero,6,2026-02-01
2026,26,Sonora,El patrimonio,Robo,Robo a transeúnte en vía pública,Sin violencia,Febrero,3,2026-02-01
2026,26,Sonora,El patrimonio,Robo,Robo a transportista,Con violencia,Febrero,0,2026-02-01
2026,26,Sonora,El patrimonio,Robo,Robo a transportista,Sin violencia,Febrero,0,2026-02-01
2026,26,Sonora,El patrimonio,Robo,Robo de autopartes,Con violencia,Febrero,0,2026-02-01
2026,26,Sonora,El patrimonio,Robo,Robo de autopartes,Sin violencia,Febrero,2,2026-02-01
2026,26,Sonora,El patrimonio,Robo,Robo de ganado,Con violencia,Febrero,0,2026-02-01
2026,26,Sonora,El patrimonio,Robo,Robo de ganado,Sin violencia,Febrero,0,2026-02-01
2026,26,Sonora,El patrimonio,Robo,"Robo de maquinaria - Cables, tubos y otros objetos destinados a servicios públicos",Con violencia,Febrero,0,2026-02-01
2026,26,Sonora,El patrimonio,Robo,"Robo de maquinaria - Cables, tubos y otros objetos destinados a servicios públicos",Sin violencia,Febrero,0,2026-02-01
2026,26,Sonora,El patrimonio,Robo,Robo de maquinaria - Herramienta industrial o agrícola,Con violencia,Febrero,0,2026-02-01
2026,26,Sonora,El patrimonio,Robo,Robo de maquinaria - Herramienta industrial o agrícola,Sin violencia,Febrero,0,2026-02-01
2026,26,Sonora,El patrimonio,Robo,Robo de maquinaria - Tractores y/o montacargas,Con violencia,Febrero,0,2026-02-01
2026,26,Sonora,El patrimonio,Robo,Robo de maquinaria - Tractores y/o montacargas,Sin violencia,Febrero,0,2026-02-01
2026,26,Sonora,El patrimonio,Robo,Robo de vehículo automotor - Coche de 4 ruedas,Con violencia,Febrero,23,2026-02-01
2026,26,Sonora,El patrimonio,Robo,Robo de vehículo automotor - Coche de 4 ruedas,Sin violencia,Febrero,86,2026-02-01
2026,26,Sonora,El patrimonio,Robo,Robo de vehículo automotor - Embarcaciones,Con violencia,Febrero,0,2026-02-01
2026,26,Sonora,El patrimonio,Robo,Robo de vehículo automotor - Embarcaciones,Sin violencia,Febrero,0,2026-02-01
2026,26,Sonora,El patrimonio,Robo,Robo de vehículo automotor - Motocicleta,Con violencia,Febrero,13,2026-02-01
2026,26,Sonora,El patrimonio,Robo,Robo de vehículo automotor - Motocicleta,Sin violencia,Febrero,64,2026-02-01
2026,26,Sonora,El patrimonio,Robo,Robo en transporte individual,Con violencia,Febrero,0,2026-02-01
2026,26,Sonora,El patrimonio,Robo,Robo en transporte individual,Sin violencia,Febrero,0,2026-02-01
2026,26,Sonora,El patrimonio,Robo,Robo en transporte público colectivo,Con violencia,Febrero,0,2026-02-01
2026,26,Sonora,El patrimonio,Robo,Robo en transporte público colectivo,Sin violencia,Febrero,0,2026-02-01
2026,26,Sonora,El patrimonio,Robo,Robo en transporte público individual,Con violencia,Febrero,0,2026-02-01
2026,26,Sonora,El patrimonio,Robo,Robo en transporte público individual,Sin violencia,Febrero,0,2026-02-01
2026,26,Sonora,La familia,Incumplimiento de obligaciones de asistencia familiar,Incumplimiento de obligaciones de asistencia familiar,Incumplimiento de obligaciones de asistencia familiar,Febrero,143,2026-02-01
2026,26,Sonora,La familia,Otros delitos contra la familia,Otros delitos contra la familia,Otros delitos contra la familia,Febrero,9,2026-02-01
2026,26,Sonora,La familia,Violencia de género en todas sus modalidades distinta a la violencia familiar,Violencia de género en todas sus modalidades distinta a la violencia familiar,Violencia de género en todas sus modalidades distinta a la violencia familiar,Febrero,1,2026-02-01
2026,26,Sonora,La familia,Violencia familiar,Violencia familiar,Violencia familiar,Febrero,398,2026-02-01
2026,26,Sonora,La libertad y la seguridad sexual,Abuso sexual,Abuso sexual,Abuso sexual,Febrero,55,2026-02-01
2026,26,Sonora,La libertad y la seguridad sexual,Acoso sexual,Acoso sexual,Acoso sexual,Febrero,11,2026-02-01
2026,26,Sonora,La libertad y la seguridad sexual,Hostigamiento sexual,Hostigamiento sexual,Hostigamiento sexual,Febrero,1,2026-02-01
2026,26,Sonora,La libertad y la seguridad sexual,Incesto,Incesto,Incesto,Febrero,0,2026-02-01
2026,26,Sonora,La libertad y la seguridad sexual,Otros delitos que atentan contra la libertad y la seguridad sexual,Otros delitos que atentan contra la libertad y la seguridad sexual,Otros delitos que atentan contra la libertad y la seguridad sexual,Febrero,4,2026-02-01
2026,26,Sonora,La libertad y la seguridad sexual,Violación,Violación equiparada,Violación equiparada,Febrero,5,2026-02-01
2026,26,Sonora,La libertad y la seguridad sexual,Violación,Violación simple,Violación simple,Febrero,10,2026-02-01
2026,26,Sonora,La libertad y la seguridad sexual,Violación a la intimidad sexual,Violación a la intimidad sexual,Violación a la intimidad sexual,Febrero,5,2026-02-01
2026,26,Sonora,La sociedad,Corrupción de menores,Corrupción de menores,Corrupción de menores,Febrero,5,2026-02-01
2026,26,Sonora,La sociedad,Discriminación,Discriminación,Discriminación,Febrero,0,2026-02-01
2026,26,Sonora,La sociedad,Otros delitos contra la sociedad,Otros delitos contra la sociedad,Otros delitos contra la sociedad,Febrero,11,2026-02-01
2026,26,Sonora,La sociedad,Pornografía infantil,Pornografía infantil,Pornografía infantil,Febrero,1,2026-02-01
2026,26,Sonora,La sociedad,Trata de personas,Trata de personas con fines de explotación sexual,Trata de personas con fines de explotación sexual,Febrero,0,2026-02-01
2026,26,Sonora,La sociedad,Trata de personas,Trata de personas con fines de trabajo o servicios forzados,Trata de personas con fines de trabajo o servicios forzados,Febrero,0,2026-02-01
2026,26,Sonora,La sociedad,Trata de personas,Trata de personas con fines de tráfico de órganos,Trata de personas con fines de tráfico de órganos,Febrero,0,2026-02-01
2026,26,Sonora,La sociedad,Trata de personas,Trata de personas con otros fines,Trata de personas con otros fines,Febrero,0,2026-02-01
2026,26,Sonora,La vida y la Integridad corporal,Aborto,Aborto,Aborto,Febrero,1,2026-02-01
2026,26,Sonora,La vida y la Integridad corporal,Feminicidio,Feminicidio,Con arma blanca,Febrero,1,2026-02-01
2026,26,Sonora,La vida y la Integridad corporal,Feminicidio,Feminicidio,Con arma de fuego,Febrero,1,2026-02-01
2026,26,Sonora,La vida y la Integridad corporal,Feminicidio,Feminicidio,Con otro elemento,Febrero,2,2026-02-01
2026,26,Sonora,La vida y la Integridad corporal,Feminicidio,Feminicidio,No especificado,Febrero,0,2026-02-01
2026,26,Sonora,La vida y la Integridad corporal,Feminicidio,Tentativa de feminicidio,Tentativa de feminicidio,Febrero,5,2026-02-01
2026,26,Sonora,La vida y la Integridad corporal,Homicidio,Homicidio culposo,Con arma blanca,Febrero,0,2026-02-01
2026,26,Sonora,La vida y la Integridad corporal,Homicidio,Homicidio culposo,Con arma de fuego,Febrero,0,2026-02-01
2026,26,Sonora,La vida y la Integridad corporal,Homicidio,Homicidio culposo,Con otro elemento,Febrero,0,2026-02-01
2026,26,Sonora,La vida y la Integridad corporal,Homicidio,Homicidio culposo,En accidente de tránsito,Febrero,16,2026-02-01
2026,26,Sonora,La vida y la Integridad corporal,Homicidio,Homicidio culposo,No especificado,Febrero,0,2026-02-01
2026,26,Sonora,La vida y la Integridad corporal,Homicidio,Homicidio doloso,Con arma blanca,Febrero,4,2026-02-01
2026,26,Sonora,La vida y la Integridad corporal,Homicidio,Homicidio doloso,Con arma de fuego,Febrero,32,2026-02-01
2026,26,Sonora,La vida y la Integridad corporal,Homicidio,Homicidio doloso,Con otro elemento,Febrero,12,2026-02-01
2026,26,Sonora,La vida y la Integridad corporal,Homicidio,Homicidio doloso,No especificado,Febrero,0,2026-02-01
2026,26,Sonora,La vida y la Integridad corporal,Homicidio,Tentativa de homicidio doloso,Tentativa de homicidio doloso,Febrero,38,2026-02-01
2026,26,Sonora,La vida y la Integridad corporal,Lesiones,Lesiones culposas,Con arma blanca,Febrero,0,2026-02-01
2026,26,Sonora,La vida y la Integridad corporal,Lesiones,Lesiones culposas,Con arma de fuego,Febrero,0,2026-02-01
2026,26,Sonora,La vida y la Integridad corporal,Lesiones,Lesiones culposas,Con otro elemento,Febrero,9,2026-02-01
2026,26,Sonora,La vida y la Integridad corporal,Lesiones,Lesiones culposas,En accidente de tránsito,Febrero,51,2026-02-01
2026,26,Sonora,La vida y la Integridad corporal,Lesiones,Lesiones culposas,No especificado,Febrero,0,2026-02-01
2026,26,Sonora,La vida y la Integridad corporal,Lesiones,Lesiones dolosas,Con arma blanca,Febrero,16,2026-02-01
2026,26,Sonora,La vida y la Integridad corporal,Lesiones,Lesiones dolosas,Con arma de fuego,Febrero,5,2026-02-01
2026,26,Sonora,La vida y la Integridad corporal,Lesiones,Lesiones dolosas,Con otro elemento,Febrero,102,2026-02-01
2026,26,Sonora,La vida y la Integridad corporal,Lesiones,Lesiones dolosas,No especificado,Febrero,0,2026-02-01
2026,26,Sonora,La vida y la Integridad corporal,Otros delitos que atentan contra la vida y la integridad corporal,Otros delitos que atentan contra la vida y la integridad corporal,Otros delitos que atentan contra la vida y la integridad corporal,Febrero,6,2026-02-01
2026,26,Sonora,Libertad personal,Otros delitos que atentan contra la libertad personal,Otros delitos que atentan contra la libertad personal,Otros delitos que atentan contra la libertad personal,Febrero,5,2026-02-01
2026,26,Sonora,Libertad personal,Privación ilegal de la libertad,Privación ilegal de la libertad,Privación ilegal de la libertad,Febrero,32,2026-02-01
2026,26,Sonora,Libertad personal,Rapto,Rapto,Rapto,Febrero,0,2026-02-01
2026,26,Sonora,Libertad personal,Retención o sustracción de menores e incapaces,Retención o sustracción de menores e incapaces,Retención o sustracción de menores e incapaces,Febrero,1,2026-02-01
2026,26,Sonora,Libertad personal,Secuestro,Secuestro con calidad de rehén,Secuestro con calidad de rehén,Febrero,0,2026-02-01
2026,26,Sonora,Libertad personal,Secuestro,Secuestro exprés,Secuestro exprés,Febrero,0,2026-02-01
2026,26,Sonora,Libertad personal,Secuestro,Secuestro extorsivo,Secuestro extorsivo,Febrero,1,2026-02-01
2026,26,Sonora,Libertad personal,Secuestro,Secuestro para causar daño,Secuestro para causar daño,Febrero,0,2026-02-01
2026,26,Sonora,Libertad personal,Tráfico de menores,Tráfico de menores,Tráfico de menores,Febrero,0,2026-02-01
2026,26,Sonora,Otros bienes jurídicos afectados (del fuero común),Allanamiento de morada,Allanamiento de morada,Allanamiento de morada,Febrero,36,2026-02-01
2026,26,Sonora,Otros bienes jurídicos afectados (del fuero común),Amenazas,Amenazas,Amenazas,Febrero,109,2026-02-01
2026,26,Sonora,Otros bienes jurídicos afectados (del fuero común),Contra el medio ambiente,Contra el medio ambiente,Contra el medio ambiente,Febrero,8,2026-02-01
2026,26,Sonora,Otros bienes jurídicos afectados (del fuero común),Delitos cometidos por servidores públicos,Delitos cometidos por servidores públicos,Delitos cometidos por servidores públicos,Febrero,3,2026-02-01
2026,26,Sonora,Otros bienes jurídicos afectados (del fuero común),Delitos contra la administración de justicia,Delitos contra la administración de justicia,Delitos contra la administración de justicia,Febrero,0,2026-02-01
2026,26,Sonora,Otros bienes jurídicos afectados (del fuero común),Electorales,Electorales,Electorales,Febrero,0,2026-02-01
2026,26,Sonora,Otros bienes jurídicos afectados (del fuero común),Evasión de presos,Evasión de presos,Evasión de presos,Febrero,0,2026-02-01
2026,26,Sonora,Otros bienes jurídicos afectados (del fuero común),Falsedad,Falsedad,Falsedad,Febrero,4,2026-02-01
2026,26,Sonora,Otros bienes jurídicos afectados (del fuero común),Falsificación,Falsificación,Falsificación,Febrero,4,2026-02-01
2026,26,Sonora,Otros bienes jurídicos afectados (del fuero común),Narcomenudeo,Narcomenudeo con fines de venta,Narcomenudeo con fines de venta,Febrero,346,2026-02-01
2026,26,Sonora,Otros bienes jurídicos afectados (del fuero común),Narcomenudeo,Narcomenudeo posesión simple,Narcomenudeo posesión simple,Febrero,168,2026-02-01
2026,26,Sonora,Otros bienes jurídicos afectados (del fuero común),Otros delitos del Fuero Común,Otros delitos del Fuero Común,Otros delitos del Fuero Común,Febrero,176,2026-02-01
2026,26,Sonora,Otros bienes jurídicos afectados (del fuero común),Suplantación y usurpación de identidad,Suplantación y usurpación de identidad,Suplantación y usurpación de identidad,Febrero,1,2026-02-01
2026,26,Sonora,Otros bienes jurídicos afectados (del fuero común),Tortura,Tortura,Tortura,Febrero,0,2026-02-01
2026,26,Sonora,El patrimonio,Abuso de confianza,Abuso de confianza,Abuso de confianza,Marzo,0,2026-03-01
2026,26,Sonora,El patrimonio,Daño a la propiedad,Daño a la propiedad,Daño a la propiedad,Marzo,0,2026-03-01
2026,26,Sonora,El patrimonio,Despojo,Despojo,Despojo,Marzo,0,2026-03-01
2026,26,Sonora,El patrimonio,Extorsión,Extorsión por otros medios,Extorsión por otros medios,Marzo,0,2026-03-01
2026,26,Sonora,El patrimonio,Extorsión,Extorsión presencial,Extorsión presencial,Marzo,0,2026-03-01
2026,26,Sonora,El patrimonio,Extorsión,Tentativa de extorsión por otros medios,Tentativa de extorsión por otros medios,Marzo,0,2026-03-01
2026,26,Sonora,El patrimonio,Extorsión,Tentativa de extorsión presencial,Tentativa de extorsión presencial,Marzo,0,2026-03-01
2026,26,Sonora,El patrimonio,Fraude,Fraude,Fraude,Marzo,0,2026-03-01
2026,26,Sonora,El patrimonio,Otros delitos contra el patrimonio,Otros delitos contra el patrimonio,Otros delitos contra el patrimonio,Marzo,0,2026-03-01
2026,26,Sonora,El patrimonio,Robo,Otros robos,Con violencia,Marzo,0,2026-03-01
2026,26,Sonora,El patrimonio,Robo,Otros robos,Sin violencia,Marzo,0,2026-03-01
2026,26,Sonora,El patrimonio,Robo,Robo a casa habitación,Con violencia,Marzo,0,2026-03-01
2026,26,Sonora,El patrimonio,Robo,Robo a casa habitación,Sin violencia,Marzo,0,2026-03-01
2026,26,Sonora,El patrimonio,Robo,Robo a institución bancaria,Con violencia,Marzo,0,2026-03-01
2026,26,Sonora,El patrimonio,Robo,Robo a institución bancaria,Sin violencia,Marzo,0,2026-03-01
2026,26,Sonora,El patrimonio,Robo,Robo a negocio,Con violencia,Marzo,0,2026-03-01
2026,26,Sonora,El patrimonio,Robo,Robo a negocio,Sin violencia,Marzo,0,2026-03-01
2026,26,Sonora,El patrimonio,Robo,Robo a transeúnte en espacio abierto al público,Con violencia,Marzo,0,2026-03-01
2026,26,Sonora,El patrimonio,Robo,Robo a transeúnte en espacio abierto al público,Sin violencia,Marzo,0,2026-03-01
2026,26,Sonora,El patrimonio,Robo,Robo a transeúnte en vía pública,Con violencia,Marzo,0,2026-03-01
2026,26,Sonora,El patrimonio,Robo,Robo a transeúnte en vía pública,Sin violencia,Marzo,0,2026-03-01
2026,26,Sonora,El patrimonio,Robo,Robo a transportista,Con violencia,Marzo,0,2026-03-01
2026,26,Sonora,El patrimonio,Robo,Robo a transportista,Sin violencia,Marzo,0,2026-03-01
2026,26,Sonora,El patrimonio,Robo,Robo de autopartes,Con violencia,Marzo,0,2026-03-01
2026,26,Sonora,El patrimonio,Robo,Robo de autopartes,Sin violencia,Marzo,0,2026-03-01
2026,26,Sonora,El patrimonio,Robo,Robo de ganado,Con violencia,Marzo,0,2026-03-01
2026,26,Sonora,El patrimonio,Robo,Robo de ganado,Sin violencia,Marzo,0,2026-03-01
2026,26,Sonora,El patrimonio,Robo,"Robo de maquinaria - Cables, tubos y otros objetos destinados a servicios públicos",Con violencia,Marzo,0,2026-03-01
2026,26,Sonora,El patrimonio,Robo,"Robo de maquinaria - Cables, tubos y otros objetos destinados a servicios públicos",Sin violencia,Marzo,0,2026-03-01
2026,26,Sonora,El patrimonio,Robo,Robo de maquinaria - Herramienta industrial o agrícola,Con violencia,Marzo,0,2026-03-01
2026,26,Sonora,El patrimonio,Robo,Robo de maquinaria - Herramienta industrial o agrícola,Sin violencia,Marzo,0,2026-03-01
2026,26,Sonora,El patrimonio,Robo,Robo de maquinaria - Tractores y/o montacargas,Con violencia,Marzo,0,2026-03-01
2026,26,Sonora,El patrimonio,Robo,Robo de maquinaria - Tractores y/o montacargas,Sin violencia,Marzo,0,2026-03-01
2026,26,Sonora,El patrimonio,Robo,Robo de vehículo automotor - Coche de 4 ruedas,Con violencia,Marzo,0,2026-03-01
2026,26,Sonora,El patrimonio,Robo,Robo de vehículo automotor - Coche de 4 ruedas,Sin violencia,Marzo,0,2026-03-01
2026,26,Sonora,El patrimonio,Robo,Robo de vehículo automotor - Embarcaciones,Con violencia,Marzo,0,2026-03-01
2026,26,Sonora,El patrimonio,Robo,Robo de vehículo automotor - Embarcaciones,Sin violencia,Marzo,0,2026-03-01
2026,26,Sonora,El patrimonio,Robo,Robo de vehículo automotor - Motocicleta,Con violencia,Marzo,0,2026-03-01
2026,26,Sonora,El patrimonio,Robo,Robo de vehículo automotor - Motocicleta,Sin violencia,Marzo,0,2026-03-01
2026,26,Sonora,El patrimonio,Robo,Robo en transporte individual,Con violencia,Marzo,0,2026-03-01
2026,26,Sonora,El patrimonio,Robo,Robo en transporte individual,Sin violencia,Marzo,0,2026-03-01
2026,26,Sonora,El patrimonio,Robo,Robo en transporte público colectivo,Con violencia,Marzo,0,2026-03-01
2026,26,Sonora,El patrimonio,Robo,Robo en transporte público colectivo,Sin violencia,Marzo,0,2026-03-01
2026,26,Sonora,El patrimonio,Robo,Robo en transporte público individual,Con violencia,Marzo,0,2026-03-01
2026,26,Sonora,El patrimonio,Robo,Robo en transporte público individual,Sin violencia,Marzo,0,2026-03-01
2026,26,Sonora,La familia,Incumplimiento de obligaciones de asistencia familiar,Incumplimiento de obligaciones de asistencia familiar,Incumplimiento de obligaciones de asistencia familiar,Marzo,0,2026-03-01
2026,26,Sonora,La familia,Otros delitos contra la familia,Otros delitos contra la familia,Otros delitos contra la familia,Marzo,0,2026-03-01
2026,26,Sonora,La familia,Violencia de género en todas sus modalidades distinta a la violencia familiar,Violencia de género en todas sus modalidades distinta a la violencia familiar,Violencia de género en todas sus modalidades distinta a la violencia familiar,Marzo,0,2026-03-01
2026,26,Sonora,La familia,Violencia familiar,Violencia familiar,Violencia familiar,Marzo,0,2026-03-01
2026,26,Sonora,La libertad y la seguridad sexual,Abuso sexual,Abuso sexual,Abuso sexual,Marzo,0,2026-03-01
2026,26,Sonora,La libertad y la seguridad sexual,Acoso sexual,Acoso sexual,Acoso sexual,Marzo,0,2026-03-01
2026,26,Sonora,La libertad y la seguridad sexual,Hostigamiento sexual,Hostigamiento sexual,Hostigamiento sexual,Marzo,0,2026-03-01
2026,26,Sonora,La libertad y la seguridad sexual,Incesto,Incesto,Incesto,Marzo,0,2026-03-01
2026,26,Sonora,La libertad y la seguridad sexual,Otros delitos que atentan contra la libertad y la seguridad sexual,Otros delitos que atentan contra la libertad y la seguridad sexual,Otros delitos que atentan contra la libertad y la seguridad sexual,Marzo,0,2026-03-01
2026,26,Sonora,La libertad y la seguridad sexual,Violación,Violación equiparada,Violación equiparada,Marzo,0,2026-03-01
2026,26,Sonora,La libertad y la seguridad sexual,Violación,Violación simple,Violación simple,Marzo,0,2026-03-01
2026,26,Sonora,La libertad y la seguridad sexual,Violación a la intimidad sexual,Violación a la intimidad sexual,Violación a la intimidad sexual,Marzo,0,2026-03-01
2026,26,Sonora,La sociedad,Corrupción de menores,Corrupción de menores,Corrupción de menores,Marzo,0,2026-03-01
2026,26,Sonora,La sociedad,Discriminación,Discriminación,Discriminación,Marzo,0,2026-03-01
2026,26,Sonora,La sociedad,Otros delitos contra la sociedad,Otros delitos contra la sociedad,Otros delitos contra la sociedad,Marzo,0,2026-03-01
2026,26,Sonora,La sociedad,Pornografía infantil,Pornografía infantil,Pornografía infantil,Marzo,0,2026-03-01
2026,26,Sonora,La sociedad,Trata de personas,Trata de personas con fines de explotación sexual,Trata de personas con fines de explotación sexual,Marzo,0,2026-03-01
2026,26,Sonora,La sociedad,Trata de personas,Trata de personas con fines de trabajo o servicios forzados,Trata de personas con fines de trabajo o servicios forzados,Marzo,0,2026-03-01
2026,26,Sonora,La sociedad,Trata de personas,Trata de personas con fines de tráfico de órganos,Trata de personas con fines de tráfico de órganos,Marzo,0,2026-03-01
2026,26,Sonora,La sociedad,Trata de personas,Trata de personas con otros fines,Trata de personas con otros fines,Marzo,0,2026-03-01
2026,26,Sonora,La vida y la Integridad corporal,Aborto,Aborto,Aborto,Marzo,0,2026-03-01
2026,26,Sonora,La vida y la Integridad corporal,Feminicidio,Feminicidio,Con arma blanca,Marzo,0,2026-03-01
2026,26,Sonora,La vida y la Integridad corporal,Feminicidio,Feminicidio,Con arma de fuego,Marzo,0,2026-03-01
2026,26,Sonora,La vida y la Integridad corporal,Feminicidio,Feminicidio,Con otro elemento,Marzo,0,2026-03-01
2026,26,Sonora,La vida y la Integridad corporal,Feminicidio,Feminicidio,No especificado,Marzo,0,2026-03-01
2026,26,Sonora,La vida y la Integridad corporal,Feminicidio,Tentativa de feminicidio,Tentativa de feminicidio,Marzo,0,2026-03-01
2026,26,Sonora,La vida y la Integridad corporal,Homicidio,Homicidio culposo,Con arma blanca,Marzo,0,2026-03-01
2026,26,Sonora,La vida y la Integridad corporal,Homicidio,Homicidio culposo,Con arma de fuego,Marzo,0,2026-03-01
2026,26,Sonora,La vida y la Integridad corporal,Homicidio,Homicidio culposo,Con otro elemento,Marzo,0,2026-03-01
2026,26,Sonora,La vida y la Integridad corporal,Homicidio,Homicidio culposo,En accidente de tránsito,Marzo,0,2026-03-01
2026,26,Sonora,La vida y la Integridad corporal,Homicidio,Homicidio culposo,No especificado,Marzo,0,2026-03-01
2026,26,Sonora,La vida y la Integridad corporal,Homicidio,Homicidio doloso,Con arma blanca,Marzo,0,2026-03-01
2026,26,Sonora,La vida y la Integridad corporal,Homicidio,Homicidio doloso,Con arma de fuego,Marzo,0,2026-03-01
2026,26,Sonora,La vida y la Integridad corporal,Homicidio,Homicidio doloso,Con otro elemento,Marzo,0,2026-03-01
2026,26,Sonora,La vida y la Integridad corporal,Homicidio,Homicidio doloso,No especificado,Marzo,0,2026-03-01
2026,26,Sonora,La vida y la Integridad corporal,Homicidio,Tentativa de homicidio doloso,Tentativa de homicidio doloso,Marzo,0,2026-03-01
2026,26,Sonora,La vida y la Integridad corporal,Lesiones,Lesiones culposas,Con arma blanca,Marzo,0,2026-03-01
2026,26,Sonora,La vida y la Integridad corporal,Lesiones,Lesiones culposas,Con arma de fuego,Marzo,0,2026-03-01
2026,26,Sonora,La vida y la Integridad corporal,Lesiones,Lesiones culposas,Con otro elemento,Marzo,0,2026-03-01
2026,26,Sonora,La vida y la Integridad corporal,Lesiones,Lesiones culposas,En accidente de tránsito,Marzo,0,2026-03-01
2026,26,Sonora,La vida y la Integridad corporal,Lesiones,Lesiones culposas,No especificado,Marzo,0,2026-03-01
2026,26,Sonora,La vida y la Integridad corporal,Lesiones,Lesiones dolosas,Con arma blanca,Marzo,0,2026-03-01
2026,26,Sonora,La vida y la Integridad corporal,Lesiones,Lesiones dolosas,Con arma de fuego,Marzo,0,2026-03-01
2026,26,Sonora,La vida y la Integridad corporal,Lesiones,Lesiones dolosas,Con otro elemento,Marzo,0,2026-03-01
2026,26,Sonora,La vida y la Integridad corporal,Lesiones,Lesiones dolosas,No especificado,Marzo,0,2026-03-01
2026,26,Sonora,La vida y la Integridad corporal,Otros delitos que atentan contra la vida y la integridad corporal,Otros delitos que atentan contra la vida y la integridad corporal,Otros delitos que atentan contra la vida y la integridad corporal,Marzo,0,2026-03-01
2026,26,Sonora,Libertad personal,Otros delitos que atentan contra la libertad personal,Otros delitos que atentan contra la libertad personal,Otros delitos que atentan contra la libertad personal,Marzo,0,2026-03-01
2026,26,Sonora,Libertad personal,Privación ilegal de la libertad,Privación ilegal de la libertad,Privación ilegal de la libertad,Marzo,0,2026-03-01
2026,26,Sonora,Libertad personal,Rapto,Rapto,Rapto,Marzo,0,2026-03-01
2026,26,Sonora,Libertad personal,Retención o sustracción de menores e incapaces,Retención o sustracción de menores e incapaces,Retención o sustracción de menores e incapaces,Marzo,0,2026-03-01
2026,26,Sonora,Libertad personal,Secuestro,Secuestro con calidad de rehén,Secuestro con calidad de rehén,Marzo,0,2026-03-01
2026,26,Sonora,Libertad personal,Secuestro,Secuestro exprés,Secuestro exprés,Marzo,0,2026-03-01
2026,26,Sonora,Libertad personal,Secuestro,Secuestro extorsivo,Secuestro extorsivo,Marzo,0,2026-03-01
2026,26,Sonora,Libertad personal,Secuestro,Secuestro para causar daño,Secuestro para causar daño,Marzo,0,2026-03-01
2026,26,Sonora,Libertad personal,Tráfico de menores,Tráfico de menores,Tráfico de menores,Marzo,0,2026-03-01
2026,26,Sonora,Otros bienes jurídicos afectados (del fuero común),Allanamiento de morada,Allanamiento de morada,Allanamiento de morada,Marzo,0,2026-03-01
2026,26,Sonora,Otros bienes jurídicos afectados (del fuero común),Amenazas,Amenazas,Amenazas,Marzo,0,2026-03-01
2026,26,Sonora,Otros bienes jurídicos afectados (del fuero común),Contra el medio ambiente,Contra el medio ambiente,Contra el medio ambiente,Marzo,0,2026-03-01
2026,26,Sonora,Otros bienes jurídicos afectados (del fuero común),Delitos cometidos por servidores públicos,Delitos cometidos por servidores públicos,Delitos cometidos por servidores públicos,Marzo,0,2026-03-01
2026,26,Sonora,Otros bienes jurídicos afectados (del fuero común),Delitos contra la administración de justicia,Delitos contra la administración de justicia,Delitos contra la administración de justicia,Marzo,0,2026-03-01
2026,26,Sonora,Otros bienes jurídicos afectados (del fuero común),Electorales,Electorales,Electorales,Marzo,0,2026-03-01
2026,26,Sonora,Otros bienes jurídicos afectados (del fuero común),Evasión de presos,Evasión de presos,Evasión de presos,Marzo,0,2026-03-01
2026,26,Sonora,Otros bienes jurídicos afectados (del fuero común),Falsedad,Falsedad,Falsedad,Marzo,0,2026-03-01
2026,26,Sonora,Otros bienes jurídicos afectados (del fuero común),Falsificación,Falsificación,Falsificación,Marzo,0,2026-03-01
2026,26,Sonora,Otros bienes jurídicos afectados (del fuero común),Narcomenudeo,Narcomenudeo con fines de venta,Narcomenudeo con fines de venta,Marzo,0,2026-03-01
2026,26,Sonora,Otros bienes jurídicos afectados (del fuero común),Narcomenudeo,Narcomenudeo posesión simple,Narcomenudeo posesión simple,Marzo,0,2026-03-01
2026,26,Sonora,Otros bienes jurídicos afectados (del fuero común),Otros delitos del Fuero Común,Otros delitos del Fuero Común,Otros delitos del Fuero Común,Marzo,0,2026-03-01
2026,26,Sonora,Otros bienes jurídicos afectados (del fuero común),Suplantación y usurpación de identidad,Suplantación y usurpación de identidad,Suplantación y usurpación de identidad,Marzo,0,2026-03-01
2026,26,Sonora,Otros bienes jurídicos afectados (del fuero común),Tortura,Tortura,Tortura,Marzo,0,2026-03-01
2026,26,Sonora,El patrimonio,Abuso de confianza,Abuso de confianza,Abuso de confianza,Abril,0,2026-04-01
2026,26,Sonora,El patrimonio,Daño a la propiedad,Daño a la propiedad,Daño a la propiedad,Abril,0,2026-04-01
2026,26,Sonora,El patrimonio,Despojo,Despojo,Despojo,Abril,0,2026-04-01
2026,26,Sonora,El patrimonio,Extorsión,Extorsión por otros medios,Extorsión por otros medios,Abril,0,2026-04-01
2026,26,Sonora,El patrimonio,Extorsión,Extorsión presencial,Extorsión presencial,Abril,0,2026-04-01
2026,26,Sonora,El patrimonio,Extorsión,Tentativa de extorsión por otros medios,Tentativa de extorsión por otros medios,Abril,0,2026-04-01
2026,26,Sonora,El patrimonio,Extorsión,Tentativa de extorsión presencial,Tentativa de extorsión presencial,Abril,0,2026-04-01
2026,26,Sonora,El patrimonio,Fraude,Fraude,Fraude,Abril,0,2026-04-01
2026,26,Sonora,El patrimonio,Otros delitos contra el patrimonio,Otros delitos contra el patrimonio,Otros delitos contra el patrimonio,Abril,0,2026-04-01
2026,26,Sonora,El patrimonio,Robo,Otros robos,Con violencia,Abril,0,2026-04-01
2026,26,Sonora,El patrimonio,Robo,Otros robos,Sin violencia,Abril,0,2026-04-01
2026,26,Sonora,El patrimonio,Robo,Robo a casa habitación,Con violencia,Abril,0,2026-04-01
2026,26,Sonora,El patrimonio,Robo,Robo a casa habitación,Sin violencia,Abril,0,2026-04-01
2026,26,Sonora,El patrimonio,Robo,Robo a institución bancaria,Con violencia,Abril,0,2026-04-01
2026,26,Sonora,El patrimonio,Robo,Robo a institución bancaria,Sin violencia,Abril,0,2026-04-01
2026,26,Sonora,El patrimonio,Robo,Robo a negocio,Con violencia,Abril,0,2026-04-01
2026,26,Sonora,El patrimonio,Robo,Robo a negocio,Sin violencia,Abril,0,2026-04-01
2026,26,Sonora,El patrimonio,Robo,Robo a transeúnte en espacio abierto al público,Con violencia,Abril,0,2026-04-01
2026,26,Sonora,El patrimonio,Robo,Robo a transeúnte en espacio abierto al público,Sin violencia,Abril,0,2026-04-01
2026,26,Sonora,El patrimonio,Robo,Robo a transeúnte en vía pública,Con violencia,Abril,0,2026-04-01
2026,26,Sonora,El patrimonio,Robo,Robo a transeúnte en vía pública,Sin violencia,Abril,0,2026-04-01
2026,26,Sonora,El patrimonio,Robo,Robo a transportista,Con violencia,Abril,0,2026-04-01
2026,26,Sonora,El patrimonio,Robo,Robo a transportista,Sin violencia,Abril,0,2026-04-01
2026,26,Sonora,El patrimonio,Robo,Robo de autopartes,Con violencia,Abril,0,2026-04-01
2026,26,Sonora,El patrimonio,Robo,Robo de autopartes,Sin violencia,Abril,0,2026-04-01
2026,26,Sonora,El patrimonio,Robo,Robo de ganado,Con violencia,Abril,0,2026-04-01
2026,26,Sonora,El patrimonio,Robo,Robo de ganado,Sin violencia,Abril,0,2026-04-01
2026,26,Sonora,El patrimonio,Robo,"Robo de maquinaria - Cables, tubos y otros objetos destinados a servicios públicos",Con violencia,Abril,0,2026-04-01
2026,26,Sonora,El patrimonio,Robo,"Robo de maquinaria - Cables, tubos y otros objetos destinados a servicios públicos",Sin violencia,Abril,0,2026-04-01
2026,26,Sonora,El patrimonio,Robo,Robo de maquinaria - Herramienta industrial o agrícola,Con violencia,Abril,0,2026-04-01
2026,26,Sonora,El patrimonio,Robo,Robo de maquinaria - Herramienta industrial o agrícola,Sin violencia,Abril,0,2026-04-01
2026,26,Sonora,El patrimonio,Robo,Robo de maquinaria - Tractores y/o montacargas,Con violencia,Abril,0,2026-04-01
2026,26,Sonora,El patrimonio,Robo,Robo de maquinaria - Tractores y/o montacargas,Sin violencia,Abril,0,2026-04-01
2026,26,Sonora,El patrimonio,Robo,Robo de vehículo automotor - Coche de 4 ruedas,Con violencia,Abril,0,2026-04-01
2026,26,Sonora,El patrimonio,Robo,Robo de vehículo automotor - Coche de 4 ruedas,Sin violencia,Abril,0,2026-04-01
2026,26,Sonora,El patrimonio,Robo,Robo de vehículo automotor - Embarcaciones,Con violencia,Abril,0,2026-04-01
2026,26,Sonora,El patrimonio,Robo,Robo de vehículo automotor - Embarcaciones,Sin violencia,Abril,0,2026-04-01
2026,26,Sonora,El patrimonio,Robo,Robo de vehículo automotor - Motocicleta,Con violencia,Abril,0,2026-04-01
2026,26,Sonora,El patrimonio,Robo,Robo de vehículo automotor - Motocicleta,Sin violencia,Abril,0,2026-04-01
2026,26,Sonora,El patrimonio,Robo,Robo en transporte individual,Con violencia,Abril,0,2026-04-01
2026,26,Sonora,El patrimonio,Robo,Robo en transporte individual,Sin violencia,Abril,0,2026-04-01
2026,26,Sonora,El patrimonio,Robo,Robo en transporte público colectivo,Con violencia,Abril,0,2026-04-01
2026,26,Sonora,El patrimonio,Robo,Robo en transporte público colectivo,Sin violencia,Abril,0,2026-04-01
2026,26,Sonora,El patrimonio,Robo,Robo en transporte público individual,Con violencia,Abril,0,2026-04-01
2026,26,Sonora,El patrimonio,Robo,Robo en transporte público individual,Sin violencia,Abril,0,2026-04-01
2026,26,Sonora,La familia,Incumplimiento de obligaciones de asistencia familiar,Incumplimiento de obligaciones de asistencia familiar,Incumplimiento de obligaciones de asistencia familiar,Abril,0,2026-04-01
2026,26,Sonora,La familia,Otros delitos contra la familia,Otros delitos contra la familia,Otros delitos contra la familia,Abril,0,2026-04-01
2026,26,Sonora,La familia,Violencia de género en todas sus modalidades distinta a la violencia familiar,Violencia de género en todas sus modalidades distinta a la violencia familiar,Violencia de género en todas sus modalidades distinta a la violencia familiar,Abril,0,2026-04-01
2026,26,Sonora,La familia,Violencia familiar,Violencia familiar,Violencia familiar,Abril,0,2026-04-01
2026,26,Sonora,La libertad y la seguridad sexual,Abuso sexual,Abuso sexual,Abuso sexual,Abril,0,2026-04-01
2026,26,Sonora,La libertad y la seguridad sexual,Acoso sexual,Acoso sexual,Acoso sexual,Abril,0,2026-04-01
2026,26,Sonora,La libertad y la seguridad sexual,Hostigamiento sexual,Hostigamiento sexual,Hostigamiento sexual,Abril,0,2026-04-01
2026,26,Sonora,La libertad y la seguridad sexual,Incesto,Incesto,Incesto,Abril,0,2026-04-01
2026,26,Sonora,La libertad y la seguridad sexual,Otros delitos que atentan contra la libertad y la seguridad sexual,Otros delitos que atentan contra la libertad y la seguridad sexual,Otros delitos que atentan contra la libertad y la seguridad sexual,Abril,0,2026-04-01
2026,26,Sonora,La libertad y la seguridad sexual,Violación,Violación equiparada,Violación equiparada,Abril,0,2026-04-01
2026,26,Sonora,La libertad y la seguridad sexual,Violación,Violación simple,Violación simple,Abril,0,2026-04-01
2026,26,Sonora,La libertad y la seguridad sexual,Violación a la intimidad sexual,Violación a la intimidad sexual,Violación a la intimidad sexual,Abril,0,2026-04-01
2026,26,Sonora,La sociedad,Corrupción de menores,Corrupción de menores,Corrupción de menores,Abril,0,2026-04-01
2026,26,Sonora,La sociedad,Discriminación,Discriminación,Discriminación,Abril,0,2026-04-01
2026,26,Sonora,La sociedad,Otros delitos contra la sociedad,Otros delitos contra la sociedad,Otros delitos contra la sociedad,Abril,0,2026-04-01
2026,26,Sonora,La sociedad,Pornografía infantil,Pornografía infantil,Pornografía infantil,Abril,0,2026-04-01
2026,26,Sonora,La sociedad,Trata de personas,Trata de personas con fines de explotación sexual,Trata de personas con fines de explotación sexual,Abril,0,2026-04-01
2026,26,Sonora,La sociedad,Trata de personas,Trata de personas con fines de trabajo o servicios forzados,Trata de personas con fines de trabajo o servicios forzados,Abril,0,2026-04-01
2026,26,Sonora,La sociedad,Trata de personas,Trata de personas con fines de tráfico de órganos,Trata de personas con fines de tráfico de órganos,Abril,0,2026-04-01
2026,26,Sonora,La sociedad,Trata de personas,Trata de personas con otros fines,Trata de personas con otros fines,Abril,0,2026-04-01
2026,26,Sonora,La vida y la Integridad corporal,Aborto,Aborto,Aborto,Abril,0,2026-04-01
2026,26,Sonora,La vida y la Integridad corporal,Feminicidio,Feminicidio,Con arma blanca,Abril,0,2026-04-01
2026,26,Sonora,La vida y la Integridad corporal,Feminicidio,Feminicidio,Con arma de fuego,Abril,0,2026-04-01
2026,26,Sonora,La vida y la Integridad corporal,Feminicidio,Feminicidio,Con otro elemento,Abril,0,2026-04-01
2026,26,Sonora,La vida y la Integridad corporal,Feminicidio,Feminicidio,No especificado,Abril,0,2026-04-01
2026,26,Sonora,La vida y la Integridad corporal,Feminicidio,Tentativa de feminicidio,Tentativa de feminicidio,Abril,0,2026-04-01
2026,26,Sonora,La vida y la Integridad corporal,Homicidio,Homicidio culposo,Con arma blanca,Abril,0,2026-04-01
2026,26,Sonora,La vida y la Integridad corporal,Homicidio,Homicidio culposo,Con arma de fuego,Abril,0,2026-04-01
2026,26,Sonora,La vida y la Integridad corporal,Homicidio,Homicidio culposo,Con otro elemento,Abril,0,2026-04-01
2026,26,Sonora,La vida y la Integridad corporal,Homicidio,Homicidio culposo,En accidente de tránsito,Abril,0,2026-04-01
2026,26,Sonora,La vida y la Integridad corporal,Homicidio,Homicidio culposo,No especificado,Abril,0,2026-04-01
2026,26,Sonora,La vida y la Integridad corporal,Homicidio,Homicidio doloso,Con arma blanca,Abril,0,2026-04-01
2026,26,Sonora,La vida y la Integridad corporal,Homicidio,Homicidio doloso,Con arma de fuego,Abril,0,2026-04-01
2026,26,Sonora,La vida y la Integridad corporal,Homicidio,Homicidio doloso,Con otro elemento,Abril,0,2026-04-01
2026,26,Sonora,La vida y la Integridad corporal,Homicidio,Homicidio doloso,No especificado,Abril,0,2026-04-01
2026,26,Sonora,La vida y la Integridad corporal,Homicidio,Tentativa de homicidio doloso,Tentativa de homicidio doloso,Abril,0,2026-04-01
2026,26,Sonora,La vida y la Integridad corporal,Lesiones,Lesiones culposas,Con arma blanca,Abril,0,2026-04-01
2026,26,Sonora,La vida y la Integridad corporal,Lesiones,Lesiones culposas,Con arma de fuego,Abril,0,2026-04-01
2026,26,Sonora,La vida y la Integridad corporal,Lesiones,Lesiones culposas,Con otro elemento,Abril,0,2026-04-01
2026,26,Sonora,La vida y la Integridad corporal,Lesiones,Lesiones culposas,En accidente de tránsito,Abril,0,2026-04-01
2026,26,Sonora,La vida y la Integridad corporal,Lesiones,Lesiones culposas,No especificado,Abril,0,2026-04-01
2026,26,Sonora,La vida y la Integridad corporal,Lesiones,Lesiones dolosas,Con arma blanca,Abril,0,2026-04-01
2026,26,Sonora,La vida y la Integridad corporal,Lesiones,Lesiones dolosas,Con arma de fuego,Abril,0,2026-04-01
2026,26,Sonora,La vida y la Integridad corporal,Lesiones,Lesiones dolosas,Con otro elemento,Abril,0,2026-04-01
2026,26,Sonora,La vida y la Integridad corporal,Lesiones,Lesiones dolosas,No especificado,Abril,0,2026-04-01
2026,26,Sonora,La vida y la Integridad corporal,Otros delitos que atentan contra la vida y la integridad corporal,Otros delitos que atentan contra la vida y la integridad corporal,Otros delitos que atentan contra la vida y la integridad corporal,Abril,0,2026-04-01
2026,26,Sonora,Libertad personal,Otros delitos que atentan contra la libertad personal,Otros delitos que atentan contra la libertad personal,Otros delitos que atentan contra la libertad personal,Abril,0,2026-04-01
2026,26,Sonora,Libertad personal,Privación ilegal de la libertad,Privación ilegal de la libertad,Privación ilegal de la libertad,Abril,0,2026-04-01
2026,26,Sonora,Libertad personal,Rapto,Rapto,Rapto,Abril,0,2026-04-01
2026,26,Sonora,Libertad personal,Retención o sustracción de menores e incapaces,Retención o sustracción de menores e incapaces,Retención o sustracción de menores e incapaces,Abril,0,2026-04-01
2026,26,Sonora,Libertad personal,Secuestro,Secuestro con calidad de rehén,Secuestro con calidad de rehén,Abril,0,2026-04-01
2026,26,Sonora,Libertad personal,Secuestro,Secuestro exprés,Secuestro exprés,Abril,0,2026-04-01
2026,26,Sonora,Libertad personal,Secuestro,Secuestro extorsivo,Secuestro extorsivo,Abril,0,2026-04-01
2026,26,Sonora,Libertad personal,Secuestro,Secuestro para causar daño,Secuestro para causar daño,Abril,0,2026-04-01
2026,26,Sonora,Libertad personal,Tráfico de menores,Tráfico de menores,Tráfico de menores,Abril,0,2026-04-01
2026,26,Sonora,Otros bienes jurídicos afectados (del fuero común),Allanamiento de morada,Allanamiento de morada,Allanamiento de morada,Abril,0,2026-04-01
2026,26,Sonora,Otros bienes jurídicos afectados (del fuero común),Amenazas,Amenazas,Amenazas,Abril,0,2026-04-01
2026,26,Sonora,Otros bienes jurídicos afectados (del fuero común),Contra el medio ambiente,Contra el medio ambiente,Contra el medio ambiente,Abril,0,2026-04-01
2026,26,Sonora,Otros bienes jurídicos afectados (del fuero común),Delitos cometidos por servidores públicos,Delitos cometidos por servidores públicos,Delitos cometidos por servidores públicos,Abril,0,2026-04-01
2026,26,Sonora,Otros bienes jurídicos afectados (del fuero común),Delitos contra la administración de justicia,Delitos contra la administración de justicia,Delitos contra la administración de justicia,Abril,0,2026-04-01
2026,26,Sonora,Otros bienes jurídicos afectados (del fuero común),Electorales,Electorales,Electorales,Abril,0,2026-04-01
2026,26,Sonora,Otros bienes jurídicos afectados (del fuero común),Evasión de presos,Evasión de presos,Evasión de presos,Abril,0,2026-04-01
2026,26,Sonora,Otros bienes jurídicos afectados (del fuero común),Falsedad,Falsedad,Falsedad,Abril,0,2026-04-01
2026,26,Sonora,Otros bienes jurídicos afectados (del fuero común),Falsificación,Falsificación,Falsificación,Abril,0,2026-04-01
2026,26,Sonora,Otros bienes jurídicos afectados (del fuero común),Narcomenudeo,Narcomenudeo con fines de venta,Narcomenudeo con fines de venta,Abril,0,2026-04-01
2026,26,Sonora,Otros bienes jurídicos afectados (del fuero común),Narcomenudeo,Narcomenudeo posesión simple,Narcomenudeo posesión simple,Abril,0,2026-04-01
2026,26,Sonora,Otros bienes jurídicos afectados (del fuero común),Otros delitos del Fuero Común,Otros delitos del Fuero Común,Otros delitos del Fuero Común,Abril,0,2026-04-01
2026,26,Sonora,Otros bienes jurídicos afectados (del fuero común),Suplantación y usurpación de identidad,Suplantación y usurpación de identidad,Suplantación y usurpación de identidad,Abril,0,2026-04-01
2026,26,Sonora,Otros bienes jurídicos afectados (del fuero común),Tortura,Tortura,Tortura,Abril,0,2026-04-01
2026,26,Sonora,El patrimonio,Abuso de confianza,Abuso de confianza,Abuso de confianza,Mayo,0,2026-05-01
2026,26,Sonora,El patrimonio,Daño a la propiedad,Daño a la propiedad,Daño a la propiedad,Mayo,0,2026-05-01
2026,26,Sonora,El patrimonio,Despojo,Despojo,Despojo,Mayo,0,2026-05-01
2026,26,Sonora,El patrimonio,Extorsión,Extorsión por otros medios,Extorsión por otros medios,Mayo,0,2026-05-01
2026,26,Sonora,El patrimonio,Extorsión,Extorsión presencial,Extorsión presencial,Mayo,0,2026-05-01
2026,26,Sonora,El patrimonio,Extorsión,Tentativa de extorsión por otros medios,Tentativa de extorsión por otros medios,Mayo,0,2026-05-01
2026,26,Sonora,El patrimonio,Extorsión,Tentativa de extorsión presencial,Tentativa de extorsión presencial,Mayo,0,2026-05-01
2026,26,Sonora,El patrimonio,Fraude,Fraude,Fraude,Mayo,0,2026-05-01
2026,26,Sonora,El patrimonio,Otros delitos contra el patrimonio,Otros delitos contra el patrimonio,Otros delitos contra el patrimonio,Mayo,0,2026-05-01
2026,26,Sonora,El patrimonio,Robo,Otros robos,Con violencia,Mayo,0,2026-05-01
2026,26,Sonora,El patrimonio,Robo,Otros robos,Sin violencia,Mayo,0,2026-05-01
2026,26,Sonora,El patrimonio,Robo,Robo a casa habitación,Con violencia,Mayo,0,2026-05-01
2026,26,Sonora,El patrimonio,Robo,Robo a casa habitación,Sin violencia,Mayo,0,2026-05-01
2026,26,Sonora,El patrimonio,Robo,Robo a institución bancaria,Con violencia,Mayo,0,2026-05-01
2026,26,Sonora,El patrimonio,Robo,Robo a institución bancaria,Sin violencia,Mayo,0,2026-05-01
2026,26,Sonora,El patrimonio,Robo,Robo a negocio,Con violencia,Mayo,0,2026-05-01
2026,26,Sonora,El patrimonio,Robo,Robo a negocio,Sin violencia,Mayo,0,2026-05-01
2026,26,Sonora,El patrimonio,Robo,Robo a transeúnte en espacio abierto al público,Con violencia,Mayo,0,2026-05-01
2026,26,Sonora,El patrimonio,Robo,Robo a transeúnte en espacio abierto al público,Sin violencia,Mayo,0,2026-05-01
2026,26,Sonora,El patrimonio,Robo,Robo a transeúnte en vía pública,Con violencia,Mayo,0,2026-05-01
2026,26,Sonora,El patrimonio,Robo,Robo a transeúnte en vía pública,Sin violencia,Mayo,0,2026-05-01
2026,26,Sonora,El patrimonio,Robo,Robo a transportista,Con violencia,Mayo,0,2026-05-01
2026,26,Sonora,El patrimonio,Robo,Robo a transportista,Sin violencia,Mayo,0,2026-05-01
2026,26,Sonora,El patrimonio,Robo,Robo de autopartes,Con violencia,Mayo,0,2026-05-01
2026,26,Sonora,El patrimonio,Robo,Robo de autopartes,Sin violencia,Mayo,0,2026-05-01
2026,26,Sonora,El patrimonio,Robo,Robo de ganado,Con violencia,Mayo,0,2026-05-01
2026,26,Sonora,El patrimonio,Robo,Robo de ganado,Sin violencia,Mayo,0,2026-05-01
2026,26,Sonora,El patrimonio,Robo,"Robo de maquinaria - Cables, tubos y otros objetos destinados a servicios públicos",Con violencia,Mayo,0,2026-05-01
2026,26,Sonora,El patrimonio,Robo,"Robo de maquinaria - Cables, tubos y otros objetos destinados a servicios públicos",Sin violencia,Mayo,0,2026-05-01
2026,26,Sonora,El patrimonio,Robo,Robo de maquinaria - Herramienta industrial o agrícola,Con violencia,Mayo,0,2026-05-01
2026,26,Sonora,El patrimonio,Robo,Robo de maquinaria - Herramienta industrial o agrícola,Sin violencia,Mayo,0,2026-05-01
2026,26,Sonora,El patrimonio,Robo,Robo de maquinaria - Tractores y/o montacargas,Con violencia,Mayo,0,2026-05-01
2026,26,Sonora,El patrimonio,Robo,Robo de maquinaria - Tractores y/o montacargas,Sin violencia,Mayo,0,2026-05-01
2026,26,Sonora,El patrimonio,Robo,Robo de vehículo automotor - Coche de 4 ruedas,Con violencia,Mayo,0,2026-05-01
2026,26,Sonora,El patrimonio,Robo,Robo de vehículo automotor - Coche de 4 ruedas,Sin violencia,Mayo,0,2026-05-01
2026,26,Sonora,El patrimonio,Robo,Robo de vehículo automotor - Embarcaciones,Con violencia,Mayo,0,2026-05-01
2026,26,Sonora,El patrimonio,Robo,Robo de vehículo automotor - Embarcaciones,Sin violencia,Mayo,0,2026-05-01
2026,26,Sonora,El patrimonio,Robo,Robo de vehículo automotor - Motocicleta,Con violencia,Mayo,0,2026-05-01
2026,26,Sonora,El patrimonio,Robo,Robo de vehículo automotor - Motocicleta,Sin violencia,Mayo,0,2026-05-01
2026,26,Sonora,El patrimonio,Robo,Robo en transporte individual,Con violencia,Mayo,0,2026-05-01
2026,26,Sonora,El patrimonio,Robo,Robo en transporte individual,Sin violencia,Mayo,0,2026-05-01
2026,26,Sonora,El patrimonio,Robo,Robo en transporte público colectivo,Con violencia,Mayo,0,2026-05-01
2026,26,Sonora,El patrimonio,Robo,Robo en transporte público colectivo,Sin violencia,Mayo,0,2026-05-01
2026,26,Sonora,El patrimonio,Robo,Robo en transporte público individual,Con violencia,Mayo,0,2026-05-01
2026,26,Sonora,El patrimonio,Robo,Robo en transporte público individual,Sin violencia,Mayo,0,2026-05-01
2026,26,Sonora,La familia,Incumplimiento de obligaciones de asistencia familiar,Incumplimiento de obligaciones de asistencia familiar,Incumplimiento de obligaciones de asistencia familiar,Mayo,0,2026-05-01
2026,26,Sonora,La familia,Otros delitos contra la familia,Otros delitos contra la familia,Otros delitos contra la familia,Mayo,0,2026-05-01
2026,26,Sonora,La familia,Violencia de género en todas sus modalidades distinta a la violencia familiar,Violencia de género en todas sus modalidades distinta a la violencia familiar,Violencia de género en todas sus modalidades distinta a la violencia familiar,Mayo,0,2026-05-01
2026,26,Sonora,La familia,Violencia familiar,Violencia familiar,Violencia familiar,Mayo,0,2026-05-01
2026,26,Sonora,La libertad y la seguridad sexual,Abuso sexual,Abuso sexual,Abuso sexual,Mayo,0,2026-05-01
2026,26,Sonora,La libertad y la seguridad sexual,Acoso sexual,Acoso sexual,Acoso sexual,Mayo,0,2026-05-01
2026,26,Sonora,La libertad y la seguridad sexual,Hostigamiento sexual,Hostigamiento sexual,Hostigamiento sexual,Mayo,0,2026-05-01
2026,26,Sonora,La libertad y la seguridad sexual,Incesto,Incesto,Incesto,Mayo,0,2026-05-01
2026,26,Sonora,La libertad y la seguridad sexual,Otros delitos que atentan contra la libertad y la seguridad sexual,Otros delitos que atentan contra la libertad y la seguridad sexual,Otros delitos que atentan contra la libertad y la seguridad sexual,Mayo,0,2026-05-01
2026,26,Sonora,La libertad y la seguridad sexual,Violación,Violación equiparada,Violación equiparada,Mayo,0,2026-05-01
2026,26,Sonora,La libertad y la seguridad sexual,Violación,Violación simple,Violación simple,Mayo,0,2026-05-01
2026,26,Sonora,La libertad y la seguridad sexual,Violación a la intimidad sexual,Violación a la intimidad sexual,Violación a la intimidad sexual,Mayo,0,2026-05-01
2026,26,Sonora,La sociedad,Corrupción de menores,Corrupción de menores,Corrupción de menores,Mayo,0,2026-05-01
2026,26,Sonora,La sociedad,Discriminación,Discriminación,Discriminación,Mayo,0,2026-05-01
2026,26,Sonora,La sociedad,Otros delitos contra la sociedad,Otros delitos contra la sociedad,Otros delitos contra la sociedad,Mayo,0,2026-05-01
2026,26,Sonora,La sociedad,Pornografía infantil,Pornografía infantil,Pornografía infantil,Mayo,0,2026-05-01
2026,26,Sonora,La sociedad,Trata de personas,Trata de personas con fines de explotación sexual,Trata de personas con fines de explotación sexual,Mayo,0,2026-05-01
2026,26,Sonora,La sociedad,Trata de personas,Trata de personas con fines de trabajo o servicios forzados,Trata de personas con fines de trabajo o servicios forzados,Mayo,0,2026-05-01
2026,26,Sonora,La sociedad,Trata de personas,Trata de personas con fines de tráfico de órganos,Trata de personas con fines de tráfico de órganos,Mayo,0,2026-05-01
2026,26,Sonora,La sociedad,Trata de personas,Trata de personas con otros fines,Trata de personas con otros fines,Mayo,0,2026-05-01
2026,26,Sonora,La vida y la Integridad corporal,Aborto,Aborto,Aborto,Mayo,0,2026-05-01
2026,26,Sonora,La vida y la Integridad corporal,Feminicidio,Feminicidio,Con arma blanca,Mayo,0,2026-05-01
2026,26,Sonora,La vida y la Integridad corporal,Feminicidio,Feminicidio,Con arma de fuego,Mayo,0,2026-05-01
2026,26,Sonora,La vida y la Integridad corporal,Feminicidio,Feminicidio,Con otro elemento,Mayo,0,2026-05-01
2026,26,Sonora,La vida y la Integridad corporal,Feminicidio,Feminicidio,No especificado,Mayo,0,2026-05-01
2026,26,Sonora,La vida y la Integridad corporal,Feminicidio,Tentativa de feminicidio,Tentativa de feminicidio,Mayo,0,2026-05-01
2026,26,Sonora,La vida y la Integridad corporal,Homicidio,Homicidio culposo,Con arma blanca,Mayo,0,2026-05-01
2026,26,Sonora,La vida y la Integridad corporal,Homicidio,Homicidio culposo,Con arma de fuego,Mayo,0,2026-05-01
2026,26,Sonora,La vida y la Integridad corporal,Homicidio,Homicidio culposo,Con otro elemento,Mayo,0,2026-05-01
2026,26,Sonora,La vida y la Integridad corporal,Homicidio,Homicidio culposo,En accidente de tránsito,Mayo,0,2026-05-01
2026,26,Sonora,La vida y la Integridad corporal,Homicidio,Homicidio culposo,No especificado,Mayo,0,2026-05-01
2026,26,Sonora,La vida y la Integridad corporal,Homicidio,Homicidio doloso,Con arma blanca,Mayo,0,2026-05-01
2026,26,Sonora,La vida y la Integridad corporal,Homicidio,Homicidio doloso,Con arma de fuego,Mayo,0,2026-05-01
2026,26,Sonora,La vida y la Integridad corporal,Homicidio,Homicidio doloso,Con otro elemento,Mayo,0,2026-05-01
2026,26,Sonora,La vida y la Integridad corporal,Homicidio,Homicidio doloso,No especificado,Mayo,0,2026-05-01
2026,26,Sonora,La vida y la Integridad corporal,Homicidio,Tentativa de homicidio doloso,Tentativa de homicidio doloso,Mayo,0,2026-05-01
2026,26,Sonora,La vida y la Integridad corporal,Lesiones,Lesiones culposas,Con arma blanca,Mayo,0,2026-05-01
2026,26,Sonora,La vida y la Integridad corporal,Lesiones,Lesiones culposas,Con arma de fuego,Mayo,0,2026-05-01
2026,26,Sonora,La vida y la Integridad corporal,Lesiones,Lesiones culposas,Con otro elemento,Mayo,0,2026-05-01
2026,26,Sonora,La vida y la Integridad corporal,Lesiones,Lesiones culposas,En accidente de tránsito,Mayo,0,2026-05-01
2026,26,Sonora,La vida y la Integridad corporal,Lesiones,Lesiones culposas,No especificado,Mayo,0,2026-05-01
2026,26,Sonora,La vida y la Integridad corporal,Lesiones,Lesiones dolosas,Con arma blanca,Mayo,0,2026-05-01
2026,26,Sonora,La vida y la Integridad corporal,Lesiones,Lesiones dolosas,Con arma de fuego,Mayo,0,2026-05-01
2026,26,Sonora,La vida y la Integridad corporal,Lesiones,Lesiones dolosas,Con otro elemento,Mayo,0,2026-05-01
2026,26,Sonora,La vida y la Integridad corporal,Lesiones,Lesiones dolosas,No especificado,Mayo,0,2026-05-01
2026,26,Sonora,La vida y la Integridad corporal,Otros delitos que atentan contra la vida y la integridad corporal,Otros delitos que atentan contra la vida y la integridad corporal,Otros delitos que atentan contra la vida y la integridad corporal,Mayo,0,2026-05-01
2026,26,Sonora,Libertad personal,Otros delitos que atentan contra la libertad personal,Otros delitos que atentan contra la libertad personal,Otros delitos que atentan contra la libertad personal,Mayo,0,2026-05-01
2026,26,Sonora,Libertad personal,Privación ilegal de la libertad,Privación ilegal de la libertad,Privación ilegal de la libertad,Mayo,0,2026-05-01
2026,26,Sonora,Libertad personal,Rapto,Rapto,Rapto,Mayo,0,2026-05-01
2026,26,Sonora,Libertad personal,Retención o sustracción de menores e incapaces,Retención o sustracción de menores e incapaces,Retención o sustracción de menores e incapaces,Mayo,0,2026-05-01
2026,26,Sonora,Libertad personal,Secuestro,Secuestro con calidad de rehén,Secuestro con calidad de rehén,Mayo,0,2026-05-01
2026,26,Sonora,Libertad personal,Secuestro,Secuestro exprés,Secuestro exprés,Mayo,0,2026-05-01
2026,26,Sonora,Libertad personal,Secuestro,Secuestro extorsivo,Secuestro extorsivo,Mayo,0,2026-05-01
2026,26,Sonora,Libertad personal,Secuestro,Secuestro para causar daño,Secuestro para causar daño,Mayo,0,2026-05-01
2026,26,Sonora,Libertad personal,Tráfico de menores,Tráfico de menores,Tráfico de menores,Mayo,0,2026-05-01
2026,26,Sonora,Otros bienes jurídicos afectados (del fuero común),Allanamiento de morada,Allanamiento de morada,Allanamiento de morada,Mayo,0,2026-05-01
2026,26,Sonora,Otros bienes jurídicos afectados (del fuero común),Amenazas,Amenazas,Amenazas,Mayo,0,2026-05-01
2026,26,Sonora,Otros bienes jurídicos afectados (del fuero común),Contra el medio ambiente,Contra el medio ambiente,Contra el medio ambiente,Mayo,0,2026-05-01
2026,26,Sonora,Otros bienes jurídicos afectados (del fuero común),Delitos cometidos por servidores públicos,Delitos cometidos por servidores públicos,Delitos cometidos por servidores públicos,Mayo,0,2026-05-01
2026,26,Sonora,Otros bienes jurídicos afectados (del fuero común),Delitos contra la administración de justicia,Delitos contra la administración de justicia,Delitos contra la administración de justicia,Mayo,0,2026-05-01
2026,26,Sonora,Otros bienes jurídicos afectados (del fuero común),Electorales,Electorales,Electorales,Mayo,0,2026-05-01
2026,26,Sonora,Otros bienes jurídicos afectados (del fuero común),Evasión de presos,Evasión de presos,Evasión de presos,Mayo,0,2026-05-01
2026,26,Sonora,Otros bienes jurídicos afectados (del fuero común),Falsedad,Falsedad,Falsedad,Mayo,0,2026-05-01
2026,26,Sonora,Otros bienes jurídicos afectados (del fuero común),Falsificación,Falsificación,Falsificación,Mayo,0,2026-05-01
2026,26,Sonora,Otros bienes jurídicos afectados (del fuero común),Narcomenudeo,Narcomenudeo con fines de venta,Narcomenudeo con fines de venta,Mayo,0,2026-05-01
2026,26,Sonora,Otros bienes jurídicos afectados (del fuero común),Narcomenudeo,Narcomenudeo posesión simple,Narcomenudeo posesión simple,Mayo,0,2026-05-01
2026,26,Sonora,Otros bienes jurídicos afectados (del fuero común),Otros delitos del Fuero Común,Otros delitos del Fuero Común,Otros delitos del Fuero Común,Mayo,0,2026-05-01
2026,26,Sonora,Otros bienes jurídicos afectados (del fuero común),Suplantación y usurpación de identidad,Suplantación y usurpación de identidad,Suplantación y usurpación de identidad,Mayo,0,2026-05-01
2026,26,Sonora,Otros bienes jurídicos afectados (del fuero común),Tortura,Tortura,Tortura,Mayo,0,2026-05-01
2026,26,Sonora,El patrimonio,Abuso de confianza,Abuso de confianza,Abuso de confianza,Junio,0,2026-06-01
2026,26,Sonora,El patrimonio,Daño a la propiedad,Daño a la propiedad,Daño a la propiedad,Junio,0,2026-06-01
2026,26,Sonora,El patrimonio,Despojo,Despojo,Despojo,Junio,0,2026-06-01
2026,26,Sonora,El patrimonio,Extorsión,Extorsión por otros medios,Extorsión por otros medios,Junio,0,2026-06-01
2026,26,Sonora,El patrimonio,Extorsión,Extorsión presencial,Extorsión presencial,Junio,0,2026-06-01
2026,26,Sonora,El patrimonio,Extorsión,Tentativa de extorsión por otros medios,Tentativa de extorsión por otros medios,Junio,0,2026-06-01
2026,26,Sonora,El patrimonio,Extorsión,Tentativa de extorsión presencial,Tentativa de extorsión presencial,Junio,0,2026-06-01
2026,26,Sonora,El patrimonio,Fraude,Fraude,Fraude,Junio,0,2026-06-01
2026,26,Sonora,El patrimonio,Otros delitos contra el patrimonio,Otros delitos contra el patrimonio,Otros delitos contra el patrimonio,Junio,0,2026-06-01
2026,26,Sonora,El patrimonio,Robo,Otros robos,Con violencia,Junio,0,2026-06-01
2026,26,Sonora,El patrimonio,Robo,Otros robos,Sin violencia,Junio,0,2026-06-01
2026,26,Sonora,El patrimonio,Robo,Robo a casa habitación,Con violencia,Junio,0,2026-06-01
2026,26,Sonora,El patrimonio,Robo,Robo a casa habitación,Sin violencia,Junio,0,2026-06-01
2026,26,Sonora,El patrimonio,Robo,Robo a institución bancaria,Con violencia,Junio,0,2026-06-01
2026,26,Sonora,El patrimonio,Robo,Robo a institución bancaria,Sin violencia,Junio,0,2026-06-01
2026,26,Sonora,El patrimonio,Robo,Robo a negocio,Con violencia,Junio,0,2026-06-01
2026,26,Sonora,El patrimonio,Robo,Robo a negocio,Sin violencia,Junio,0,2026-06-01
2026,26,Sonora,El patrimonio,Robo,Robo a transeúnte en espacio abierto al público,Con violencia,Junio,0,2026-06-01
2026,26,Sonora,El patrimonio,Robo,Robo a transeúnte en espacio abierto al público,Sin violencia,Junio,0,2026-06-01
2026,26,Sonora,El patrimonio,Robo,Robo a transeúnte en vía pública,Con violencia,Junio,0,2026-06-01
2026,26,Sonora,El patrimonio,Robo,Robo a transeúnte en vía pública,Sin violencia,Junio,0,2026-06-01
2026,26,Sonora,El patrimonio,Robo,Robo a transportista,Con violencia,Junio,0,2026-06-01
2026,26,Sonora,El patrimonio,Robo,Robo a transportista,Sin violencia,Junio,0,2026-06-01
2026,26,Sonora,El patrimonio,Robo,Robo de autopartes,Con violencia,Junio,0,2026-06-01
2026,26,Sonora,El patrimonio,Robo,Robo de autopartes,Sin violencia,Junio,0,2026-06-01
2026,26,Sonora,El patrimonio,Robo,Robo de ganado,Con violencia,Junio,0,2026-06-01
2026,26,Sonora,El patrimonio,Robo,Robo de ganado,Sin violencia,Junio,0,2026-06-01
2026,26,Sonora,El patrimonio,Robo,"Robo de maquinaria - Cables, tubos y otros objetos destinados a servicios públicos",Con violencia,Junio,0,2026-06-01
2026,26,Sonora,El patrimonio,Robo,"Robo de maquinaria - Cables, tubos y otros objetos destinados a servicios públicos",Sin violencia,Junio,0,2026-06-01
2026,26,Sonora,El patrimonio,Robo,Robo de maquinaria - Herramienta industrial o agrícola,Con violencia,Junio,0,2026-06-01
2026,26,Sonora,El patrimonio,Robo,Robo de maquinaria - Herramienta industrial o agrícola,Sin violencia,Junio,0,2026-06-01
2026,26,Sonora,El patrimonio,Robo,Robo de maquinaria - Tractores y/o montacargas,Con violencia,Junio,0,2026-06-01
2026,26,Sonora,El patrimonio,Robo,Robo de maquinaria - Tractores y/o montacargas,Sin violencia,Junio,0,2026-06-01
2026,26,Sonora,El patrimonio,Robo,Robo de vehículo automotor - Coche de 4 ruedas,Con violencia,Junio,0,2026-06-01
2026,26,Sonora,El patrimonio,Robo,Robo de vehículo automotor - Coche de 4 ruedas,Sin violencia,Junio,0,2026-06-01
2026,26,Sonora,El patrimonio,Robo,Robo de vehículo automotor - Embarcaciones,Con violencia,Junio,0,2026-06-01
2026,26,Sonora,El patrimonio,Robo,Robo de vehículo automotor - Embarcaciones,Sin violencia,Junio,0,2026-06-01
2026,26,Sonora,El patrimonio,Robo,Robo de vehículo automotor - Motocicleta,Con violencia,Junio,0,2026-06-01
2026,26,Sonora,El patrimonio,Robo,Robo de vehículo automotor - Motocicleta,Sin violencia,Junio,0,2026-06-01
2026,26,Sonora,El patrimonio,Robo,Robo en transporte individual,Con violencia,Junio,0,2026-06-01
2026,26,Sonora,El patrimonio,Robo,Robo en transporte individual,Sin violencia,Junio,0,2026-06-01
2026,26,Sonora,El patrimonio,Robo,Robo en transporte público colectivo,Con violencia,Junio,0,2026-06-01
2026,26,Sonora,El patrimonio,Robo,Robo en transporte público colectivo,Sin violencia,Junio,0,2026-06-01
2026,26,Sonora,El patrimonio,Robo,Robo en transporte público individual,Con violencia,Junio,0,2026-06-01
2026,26,Sonora,El patrimonio,Robo,Robo en transporte público individual,Sin violencia,Junio,0,2026-06-01
2026,26,Sonora,La familia,Incumplimiento de obligaciones de asistencia familiar,Incumplimiento de obligaciones de asistencia familiar,Incumplimiento de obligaciones de asistencia familiar,Junio,0,2026-06-01
2026,26,Sonora,La familia,Otros delitos contra la familia,Otros delitos contra la familia,Otros delitos contra la familia,Junio,0,2026-06-01
2026,26,Sonora,La familia,Violencia de género en todas sus modalidades distinta a la violencia familiar,Violencia de género en todas sus modalidades distinta a la violencia familiar,Violencia de género en todas sus modalidades distinta a la violencia familiar,Junio,0,2026-06-01
2026,26,Sonora,La familia,Violencia familiar,Violencia familiar,Violencia familiar,Junio,0,2026-06-01
2026,26,Sonora,La libertad y la seguridad sexual,Abuso sexual,Abuso sexual,Abuso sexual,Junio,0,2026-06-01
2026,26,Sonora,La libertad y la seguridad sexual,Acoso sexual,Acoso sexual,Acoso sexual,Junio,0,2026-06-01
2026,26,Sonora,La libertad y la seguridad sexual,Hostigamiento sexual,Hostigamiento sexual,Hostigamiento sexual,Junio,0,2026-06-01
2026,26,Sonora,La libertad y la seguridad sexual,Incesto,Incesto,Incesto,Junio,0,2026-06-01
2026,26,Sonora,La libertad y la seguridad sexual,Otros delitos que atentan contra la libertad y la seguridad sexual,Otros delitos que atentan contra la libertad y la seguridad sexual,Otros delitos que atentan contra la libertad y la seguridad sexual,Junio,0,2026-06-01
2026,26,Sonora,La libertad y la seguridad sexual,Violación,Violación equiparada,Violación equiparada,Junio,0,2026-06-01
2026,26,Sonora,La libertad y la seguridad sexual,Violación,Violación simple,Violación simple,Junio,0,2026-06-01
2026,26,Sonora,La libertad y la seguridad sexual,Violación a la intimidad sexual,Violación a la intimidad sexual,Violación a la intimidad sexual,Junio,0,2026-06-01
2026,26,Sonora,La sociedad,Corrupción de menores,Corrupción de menores,Corrupción de menores,Junio,0,2026-06-01
2026,26,Sonora,La sociedad,Discriminación,Discriminación,Discriminación,Junio,0,2026-06-01
2026,26,Sonora,La sociedad,Otros delitos contra la sociedad,Otros delitos contra la sociedad,Otros delitos contra la sociedad,Junio,0,2026-06-01
2026,26,Sonora,La sociedad,Pornografía infantil,Pornografía infantil,Pornografía infantil,Junio,0,2026-06-01
2026,26,Sonora,La sociedad,Trata de personas,Trata de personas con fines de explotación sexual,Trata de personas con fines de explotación sexual,Junio,0,2026-06-01
2026,26,Sonora,La sociedad,Trata de personas,Trata de personas con fines de trabajo o servicios forzados,Trata de personas con fines de trabajo o servicios forzados,Junio,0,2026-06-01
2026,26,Sonora,La sociedad,Trata de personas,Trata de personas con fines de tráfico de órganos,Trata de personas con fines de tráfico de órganos,Junio,0,2026-06-01
2026,26,Sonora,La sociedad,Trata de personas,Trata de personas con otros fines,Trata de personas con otros fines,Junio,0,2026-06-01
2026,26,Sonora,La vida y la Integridad corporal,Aborto,Aborto,Aborto,Junio,0,2026-06-01
2026,26,Sonora,La vida y la Integridad corporal,Feminicidio,Feminicidio,Con arma blanca,Junio,0,2026-06-01
2026,26,Sonora,La vida y la Integridad corporal,Feminicidio,Feminicidio,Con arma de fuego,Junio,0,2026-06-01
2026,26,Sonora,La vida y la Integridad corporal,Feminicidio,Feminicidio,Con otro elemento,Junio,0,2026-06-01
2026,26,Sonora,La vida y la Integridad corporal,Feminicidio,Feminicidio,No especificado,Junio,0,2026-06-01
2026,26,Sonora,La vida y la Integridad corporal,Feminicidio,Tentativa de feminicidio,Tentativa de feminicidio,Junio,0,2026-06-01
2026,26,Sonora,La vida y la Integridad corporal,Homicidio,Homicidio culposo,Con arma blanca,Junio,0,2026-06-01
2026,26,Sonora,La vida y la Integridad corporal,Homicidio,Homicidio culposo,Con arma de fuego,Junio,0,2026-06-01
2026,26,Sonora,La vida y la Integridad corporal,Homicidio,Homicidio culposo,Con otro elemento,Junio,0,2026-06-01
2026,26,Sonora,La vida y la Integridad corporal,Homicidio,Homicidio culposo,En accidente de tránsito,Junio,0,2026-06-01
2026,26,Sonora,La vida y la Integridad corporal,Homicidio,Homicidio culposo,No especificado,Junio,0,2026-06-01
2026,26,Sonora,La vida y la Integridad corporal,Homicidio,Homicidio doloso,Con arma blanca,Junio,0,2026-06-01
2026,26,Sonora,La vida y la Integridad corporal,Homicidio,Homicidio doloso,Con arma de fuego,Junio,0,2026-06-01
2026,26,Sonora,La vida y la Integridad corporal,Homicidio,Homicidio doloso,Con otro elemento,Junio,0,2026-06-01
2026,26,Sonora,La vida y la Integridad corporal,Homicidio,Homicidio doloso,No especificado,Junio,0,2026-06-01
2026,26,Sonora,La vida y la Integridad corporal,Homicidio,Tentativa de homicidio doloso,Tentativa de homicidio doloso,Junio,0,2026-06-01
2026,26,Sonora,La vida y la Integridad corporal,Lesiones,Lesiones culposas,Con arma blanca,Junio,0,2026-06-01
2026,26,Sonora,La vida y la Integridad corporal,Lesiones,Lesiones culposas,Con arma de fuego,Junio,0,2026-06-01
2026,26,Sonora,La vida y la Integridad corporal,Lesiones,Lesiones culposas,Con otro elemento,Junio,0,2026-06-01
2026,26,Sonora,La vida y la Integridad corporal,Lesiones,Lesiones culposas,En accidente de tránsito,Junio,0,2026-06-01
2026,26,Sonora,La vida y la Integridad corporal,Lesiones,Lesiones culposas,No especificado,Junio,0,2026-06-01
2026,26,Sonora,La vida y la Integridad corporal,Lesiones,Lesiones dolosas,Con arma blanca,Junio,0,2026-06-01
2026,26,Sonora,La vida y la Integridad corporal,Lesiones,Lesiones dolosas,Con arma de fuego,Junio,0,2026-06-01
2026,26,Sonora,La vida y la Integridad corporal,Lesiones,Lesiones dolosas,Con otro elemento,Junio,0,2026-06-01
2026,26,Sonora,La vida y la Integridad corporal,Lesiones,Lesiones dolosas,No especificado,Junio,0,2026-06-01
2026,26,Sonora,La vida y la Integridad corporal,Otros delitos que atentan contra la vida y la integridad corporal,Otros delitos que atentan contra la vida y la integridad corporal,Otros delitos que atentan contra la vida y la integridad corporal,Junio,0,2026-06-01
2026,26,Sonora,Libertad personal,Otros delitos que atentan contra la libertad personal,Otros delitos que atentan contra la libertad personal,Otros delitos que atentan contra la libertad personal,Junio,0,2026-06-01
2026,26,Sonora,Libertad personal,Privación ilegal de la libertad,Privación ilegal de la libertad,Privación ilegal de la libertad,Junio,0,2026-06-01
2026,26,Sonora,Libertad personal,Rapto,Rapto,Rapto,Junio,0,2026-06-01
2026,26,Sonora,Libertad personal,Retención o sustracción de menores e incapaces,Retención o sustracción de menores e incapaces,Retención o sustracción de menores e incapaces,Junio,0,2026-06-01
2026,26,Sonora,Libertad personal,Secuestro,Secuestro con calidad de rehén,Secuestro con calidad de rehén,Junio,0,2026-06-01
2026,26,Sonora,Libertad personal,Secuestro,Secuestro exprés,Secuestro exprés,Junio,0,2026-06-01
2026,26,Sonora,Libertad personal,Secuestro,Secuestro extorsivo,Secuestro extorsivo,Junio,0,2026-06-01
2026,26,Sonora,Libertad personal,Secuestro,Secuestro para causar daño,Secuestro para causar daño,Junio,0,2026-06-01
2026,26,Sonora,Libertad personal,Tráfico de menores,Tráfico de menores,Tráfico de menores,Junio,0,2026-06-01
2026,26,Sonora,Otros bienes jurídicos afectados (del fuero común),Allanamiento de morada,Allanamiento de morada,Allanamiento de morada,Junio,0,2026-06-01
2026,26,Sonora,Otros bienes jurídicos afectados (del fuero común),Amenazas,Amenazas,Amenazas,Junio,0,2026-06-01
2026,26,Sonora,Otros bienes jurídicos afectados (del fuero común),Contra el medio ambiente,Contra el medio ambiente,Contra el medio ambiente,Junio,0,2026-06-01
2026,26,Sonora,Otros bienes jurídicos afectados (del fuero común),Delitos cometidos por servidores públicos,Delitos cometidos por servidores públicos,Delitos cometidos por servidores públicos,Junio,0,2026-06-01
2026,26,Sonora,Otros bienes jurídicos afectados (del fuero común),Delitos contra la administración de justicia,Delitos contra la administración de justicia,Delitos contra la administración de justicia,Junio,0,2026-06-01
2026,26,Sonora,Otros bienes jurídicos afectados (del fuero común),Electorales,Electorales,Electorales,Junio,0,2026-06-01
2026,26,Sonora,Otros bienes jurídicos afectados (del fuero común),Evasión de presos,Evasión de presos,Evasión de presos,Junio,0,2026-06-01
2026,26,Sonora,Otros bienes jurídicos afectados (del fuero común),Falsedad,Falsedad,Falsedad,Junio,0,2026-06-01
2026,26,Sonora,Otros bienes jurídicos afectados (del fuero común),Falsificación,Falsificación,Falsificación,Junio,0,2026-06-01
2026,26,Sonora,Otros bienes jurídicos afectados (del fuero común),Narcomenudeo,Narcomenudeo con fines de venta,Narcomenudeo con fines de venta,Junio,0,2026-06-01
2026,26,Sonora,Otros bienes jurídicos afectados (del fuero común),Narcomenudeo,Narcomenudeo posesión simple,Narcomenudeo posesión simple,Junio,0,2026-06-01
2026,26,Sonora,Otros bienes jurídicos afectados (del fuero común),Otros delitos del Fuero Común,Otros delitos del Fuero Común,Otros delitos del Fuero Común,Junio,0,2026-06-01
2026,26,Sonora,Otros bienes jurídicos afectados (del fuero común),Suplantación y usurpación de identidad,Suplantación y usurpación de identidad,Suplantación y usurpación de identidad,Junio,0,2026-06-01
2026,26,Sonora,Otros bienes jurídicos afectados (del fuero común),Tortura,Tortura,Tortura,Junio,0,2026-06-01
2026,26,Sonora,El patrimonio,Abuso de confianza,Abuso de confianza,Abuso de confianza,Julio,0,2026-07-01
2026,26,Sonora,El patrimonio,Daño a la propiedad,Daño a la propiedad,Daño a la propiedad,Julio,0,2026-07-01
2026,26,Sonora,El patrimonio,Despojo,Despojo,Despojo,Julio,0,2026-07-01
2026,26,Sonora,El patrimonio,Extorsión,Extorsión por otros medios,Extorsión por otros medios,Julio,0,2026-07-01
2026,26,Sonora,El patrimonio,Extorsión,Extorsión presencial,Extorsión presencial,Julio,0,2026-07-01
2026,26,Sonora,El patrimonio,Extorsión,Tentativa de extorsión por otros medios,Tentativa de extorsión por otros medios,Julio,0,2026-07-01
2026,26,Sonora,El patrimonio,Extorsión,Tentativa de extorsión presencial,Tentativa de extorsión presencial,Julio,0,2026-07-01
2026,26,Sonora,El patrimonio,Fraude,Fraude,Fraude,Julio,0,2026-07-01
2026,26,Sonora,El patrimonio,Otros delitos contra el patrimonio,Otros delitos contra el patrimonio,Otros delitos contra el patrimonio,Julio,0,2026-07-01
2026,26,Sonora,El patrimonio,Robo,Otros robos,Con violencia,Julio,0,2026-07-01
2026,26,Sonora,El patrimonio,Robo,Otros robos,Sin violencia,Julio,0,2026-07-01
2026,26,Sonora,El patrimonio,Robo,Robo a casa habitación,Con violencia,Julio,0,2026-07-01
2026,26,Sonora,El patrimonio,Robo,Robo a casa habitación,Sin violencia,Julio,0,2026-07-01
2026,26,Sonora,El patrimonio,Robo,Robo a institución bancaria,Con violencia,Julio,0,2026-07-01
2026,26,Sonora,El patrimonio,Robo,Robo a institución bancaria,Sin violencia,Julio,0,2026-07-01
2026,26,Sonora,El patrimonio,Robo,Robo a negocio,Con violencia,Julio,0,2026-07-01
2026,26,Sonora,El patrimonio,Robo,Robo a negocio,Sin violencia,Julio,0,2026-07-01
2026,26,Sonora,El patrimonio,Robo,Robo a transeúnte en espacio abierto al público,Con violencia,Julio,0,2026-07-01
2026,26,Sonora,El patrimonio,Robo,Robo a transeúnte en espacio abierto al público,Sin violencia,Julio,0,2026-07-01
2026,26,Sonora,El patrimonio,Robo,Robo a transeúnte en vía pública,Con violencia,Julio,0,2026-07-01
2026,26,Sonora,El patrimonio,Robo,Robo a transeúnte en vía pública,Sin violencia,Julio,0,2026-07-01
2026,26,Sonora,El patrimonio,Robo,Robo a transportista,Con violencia,Julio,0,2026-07-01
2026,26,Sonora,El patrimonio,Robo,Robo a transportista,Sin violencia,Julio,0,2026-07-01
2026,26,Sonora,El patrimonio,Robo,Robo de autopartes,Con violencia,Julio,0,2026-07-01
2026,26,Sonora,El patrimonio,Robo,Robo de autopartes,Sin violencia,Julio,0,2026-07-01
2026,26,Sonora,El patrimonio,Robo,Robo de ganado,Con violencia,Julio,0,2026-07-01
2026,26,Sonora,El patrimonio,Robo,Robo de ganado,Sin violencia,Julio,0,2026-07-01
2026,26,Sonora,El patrimonio,Robo,"Robo de maquinaria - Cables, tubos y otros objetos destinados a servicios públicos",Con violencia,Julio,0,2026-07-01
2026,26,Sonora,El patrimonio,Robo,"Robo de maquinaria - Cables, tubos y otros objetos destinados a servicios públicos",Sin violencia,Julio,0,2026-07-01
2026,26,Sonora,El patrimonio,Robo,Robo de maquinaria - Herramienta industrial o agrícola,Con violencia,Julio,0,2026-07-01
2026,26,Sonora,El patrimonio,Robo,Robo de maquinaria - Herramienta industrial o agrícola,Sin violencia,Julio,0,2026-07-01
2026,26,Sonora,El patrimonio,Robo,Robo de maquinaria - Tractores y/o montacargas,Con violencia,Julio,0,2026-07-01
2026,26,Sonora,El patrimonio,Robo,Robo de maquinaria - Tractores y/o montacargas,Sin violencia,Julio,0,2026-07-01
2026,26,Sonora,El patrimonio,Robo,Robo de vehículo automotor - Coche de 4 ruedas,Con violencia,Julio,0,2026-07-01
2026,26,Sonora,El patrimonio,Robo,Robo de vehículo automotor - Coche de 4 ruedas,Sin violencia,Julio,0,2026-07-01
2026,26,Sonora,El patrimonio,Robo,Robo de vehículo automotor - Embarcaciones,Con violencia,Julio,0,2026-07-01
2026,26,Sonora,El patrimonio,Robo,Robo de vehículo automotor - Embarcaciones,Sin violencia,Julio,0,2026-07-01
2026,26,Sonora,El patrimonio,Robo,Robo de vehículo automotor - Motocicleta,Con violencia,Julio,0,2026-07-01
2026,26,Sonora,El patrimonio,Robo,Robo de vehículo automotor - Motocicleta,Sin violencia,Julio,0,2026-07-01
2026,26,Sonora,El patrimonio,Robo,Robo en transporte individual,Con violencia,Julio,0,2026-07-01
2026,26,Sonora,El patrimonio,Robo,Robo en transporte individual,Sin violencia,Julio,0,2026-07-01
2026,26,Sonora,El patrimonio,Robo,Robo en transporte público colectivo,Con violencia,Julio,0,2026-07-01
2026,26,Sonora,El patrimonio,Robo,Robo en transporte público colectivo,Sin violencia,Julio,0,2026-07-01
2026,26,Sonora,El patrimonio,Robo,Robo en transporte público individual,Con violencia,Julio,0,2026-07-01
2026,26,Sonora,El patrimonio,Robo,Robo en transporte público individual,Sin violencia,Julio,0,2026-07-01
2026,26,Sonora,La familia,Incumplimiento de obligaciones de asistencia familiar,Incumplimiento de obligaciones de asistencia familiar,Incumplimiento de obligaciones de asistencia familiar,Julio,0,2026-07-01
2026,26,Sonora,La familia,Otros delitos contra la familia,Otros delitos contra la familia,Otros delitos contra la familia,Julio,0,2026-07-01
2026,26,Sonora,La familia,Violencia de género en todas sus modalidades distinta a la violencia familiar,Violencia de género en todas sus modalidades distinta a la violencia familiar,Violencia de género en todas sus modalidades distinta a la violencia familiar,Julio,0,2026-07-01
2026,26,Sonora,La familia,Violencia familiar,Violencia familiar,Violencia familiar,Julio,0,2026-07-01
2026,26,Sonora,La libertad y la seguridad sexual,Abuso sexual,Abuso sexual,Abuso sexual,Julio,0,2026-07-01
2026,26,Sonora,La libertad y la seguridad sexual,Acoso sexual,Acoso sexual,Acoso sexual,Julio,0,2026-07-01
2026,26,Sonora,La libertad y la seguridad sexual,Hostigamiento sexual,Hostigamiento sexual,Hostigamiento sexual,Julio,0,2026-07-01
2026,26,Sonora,La libertad y la seguridad sexual,Incesto,Incesto,Incesto,Julio,0,2026-07-01
2026,26,Sonora,La libertad y la seguridad sexual,Otros delitos que atentan contra la libertad y la seguridad sexual,Otros delitos que atentan contra la libertad y la seguridad sexual,Otros delitos que atentan contra la libertad y la seguridad sexual,Julio,0,2026-07-01
2026,26,Sonora,La libertad y la seguridad sexual,Violación,Violación equiparada,Violación equiparada,Julio,0,2026-07-01
2026,26,Sonora,La libertad y la seguridad sexual,Violación,Violación simple,Violación simple,Julio,0,2026-07-01
2026,26,Sonora,La libertad y la seguridad sexual,Violación a la intimidad sexual,Violación a la intimidad sexual,Violación a la intimidad sexual,Julio,0,2026-07-01
2026,26,Sonora,La sociedad,Corrupción de menores,Corrupción de menores,Corrupción de menores,Julio,0,2026-07-01
2026,26,Sonora,La sociedad,Discriminación,Discriminación,Discriminación,Julio,0,2026-07-01
2026,26,Sonora,La sociedad,Otros delitos contra la sociedad,Otros delitos contra la sociedad,Otros delitos contra la sociedad,Julio,0,2026-07-01
2026,26,Sonora,La sociedad,Pornografía infantil,Pornografía infantil,Pornografía infantil,Julio,0,2026-07-01
2026,26,Sonora,La sociedad,Trata de personas,Trata de personas con fines de explotación sexual,Trata de personas con fines de explotación sexual,Julio,0,2026-07-01
2026,26,Sonora,La sociedad,Trata de personas,Trata de personas con fines de trabajo o servicios forzados,Trata de personas con fines de trabajo o servicios forzados,Julio,0,2026-07-01
2026,26,Sonora,La sociedad,Trata de personas,Trata de personas con fines de tráfico de órganos,Trata de personas con fines de tráfico de órganos,Julio,0,2026-07-01
2026,26,Sonora,La sociedad,Trata de personas,Trata de personas con otros fines,Trata de personas con otros fines,Julio,0,2026-07-01
2026,26,Sonora,La vida y la Integridad corporal,Aborto,Aborto,Aborto,Julio,0,2026-07-01
2026,26,Sonora,La vida y la Integridad corporal,Feminicidio,Feminicidio,Con arma blanca,Julio,0,2026-07-01
2026,26,Sonora,La vida y la Integridad corporal,Feminicidio,Feminicidio,Con arma de fuego,Julio,0,2026-07-01
2026,26,Sonora,La vida y la Integridad corporal,Feminicidio,Feminicidio,Con otro elemento,Julio,0,2026-07-01
2026,26,Sonora,La vida y la Integridad corporal,Feminicidio,Feminicidio,No especificado,Julio,0,2026-07-01
2026,26,Sonora,La vida y la Integridad corporal,Feminicidio,Tentativa de feminicidio,Tentativa de feminicidio,Julio,0,2026-07-01
2026,26,Sonora,La vida y la Integridad corporal,Homicidio,Homicidio culposo,Con arma blanca,Julio,0,2026-07-01
2026,26,Sonora,La vida y la Integridad corporal,Homicidio,Homicidio culposo,Con arma de fuego,Julio,0,2026-07-01
2026,26,Sonora,La vida y la Integridad corporal,Homicidio,Homicidio culposo,Con otro elemento,Julio,0,2026-07-01
2026,26,Sonora,La vida y la Integridad corporal,Homicidio,Homicidio culposo,En accidente de tránsito,Julio,0,2026-07-01
2026,26,Sonora,La vida y la Integridad corporal,Homicidio,Homicidio culposo,No especificado,Julio,0,2026-07-01
2026,26,Sonora,La vida y la Integridad corporal,Homicidio,Homicidio doloso,Con arma blanca,Julio,0,2026-07-01
2026,26,Sonora,La vida y la Integridad corporal,Homicidio,Homicidio doloso,Con arma de fuego,Julio,0,2026-07-01
2026,26,Sonora,La vida y la Integridad corporal,Homicidio,Homicidio doloso,Con otro elemento,Julio,0,2026-07-01
2026,26,Sonora,La vida y la Integridad corporal,Homicidio,Homicidio doloso,No especificado,Julio,0,2026-07-01
2026,26,Sonora,La vida y la Integridad corporal,Homicidio,Tentativa de homicidio doloso,Tentativa de homicidio doloso,Julio,0,2026-07-01
2026,26,Sonora,La vida y la Integridad corporal,Lesiones,Lesiones culposas,Con arma blanca,Julio,0,2026-07-01
2026,26,Sonora,La vida y la Integridad corporal,Lesiones,Lesiones culposas,Con arma de fuego,Julio,0,2026-07-01
2026,26,Sonora,La vida y la Integridad corporal,Lesiones,Lesiones culposas,Con otro elemento,Julio,0,2026-07-01
2026,26,Sonora,La vida y la Integridad corporal,Lesiones,Lesiones culposas,En accidente de tránsito,Julio,0,2026-07-01
2026,26,Sonora,La vida y la Integridad corporal,Lesiones,Lesiones culposas,No especificado,Julio,0,2026-07-01
2026,26,Sonora,La vida y la Integridad corporal,Lesiones,Lesiones dolosas,Con arma blanca,Julio,0,2026-07-01
2026,26,Sonora,La vida y la Integridad corporal,Lesiones,Lesiones dolosas,Con arma de fuego,Julio,0,2026-07-01
2026,26,Sonora,La vida y la Integridad corporal,Lesiones,Lesiones dolosas,Con otro elemento,Julio,0,2026-07-01
2026,26,Sonora,La vida y la Integridad corporal,Lesiones,Lesiones dolosas,No especificado,Julio,0,2026-07-01
2026,26,Sonora,La vida y la Integridad corporal,Otros delitos que atentan contra la vida y la integridad corporal,Otros delitos que atentan contra la vida y la integridad corporal,Otros delitos que atentan contra la vida y la integridad corporal,Julio,0,2026-07-01
2026,26,Sonora,Libertad personal,Otros delitos que atentan contra la libertad personal,Otros delitos que atentan contra la libertad personal,Otros delitos que atentan contra la libertad personal,Julio,0,2026-07-01
2026,26,Sonora,Libertad personal,Privación ilegal de la libertad,Privación ilegal de la libertad,Privación ilegal de la libertad,Julio,0,2026-07-01
2026,26,Sonora,Libertad personal,Rapto,Rapto,Rapto,Julio,0,2026-07-01
2026,26,Sonora,Libertad personal,Retención o sustracción de menores e incapaces,Retención o sustracción de menores e incapaces,Retención o sustracción de menores e incapaces,Julio,0,2026-07-01
2026,26,Sonora,Libertad personal,Secuestro,Secuestro con calidad de rehén,Secuestro con calidad de rehén,Julio,0,2026-07-01
2026,26,Sonora,Libertad personal,Secuestro,Secuestro exprés,Secuestro exprés,Julio,0,2026-07-01
2026,26,Sonora,Libertad personal,Secuestro,Secuestro extorsivo,Secuestro extorsivo,Julio,0,2026-07-01
2026,26,Sonora,Libertad personal,Secuestro,Secuestro para causar daño,Secuestro para causar daño,Julio,0,2026-07-01
2026,26,Sonora,Libertad personal,Tráfico de menores,Tráfico de menores,Tráfico de menores,Julio,0,2026-07-01
2026,26,Sonora,Otros bienes jurídicos afectados (del fuero común),Allanamiento de morada,Allanamiento de morada,Allanamiento de morada,Julio,0,2026-07-01
2026,26,Sonora,Otros bienes jurídicos afectados (del fuero común),Amenazas,Amenazas,Amenazas,Julio,0,2026-07-01
2026,26,Sonora,Otros bienes jurídicos afectados (del fuero común),Contra el medio ambiente,Contra el medio ambiente,Contra el medio ambiente,Julio,0,2026-07-01
2026,26,Sonora,Otros bienes jurídicos afectados (del fuero común),Delitos cometidos por servidores públicos,Delitos cometidos por servidores públicos,Delitos cometidos por servidores públicos,Julio,0,2026-07-01
2026,26,Sonora,Otros bienes jurídicos afectados (del fuero común),Delitos contra la administración de justicia,Delitos contra la administración de justicia,Delitos contra la administración de justicia,Julio,0,2026-07-01
2026,26,Sonora,Otros bienes jurídicos afectados (del fuero común),Electorales,Electorales,Electorales,Julio,0,2026-07-01
2026,26,Sonora,Otros bienes jurídicos afectados (del fuero común),Evasión de presos,Evasión de presos,Evasión de presos,Julio,0,2026-07-01
2026,26,Sonora,Otros bienes jurídicos afectados (del fuero común),Falsedad,Falsedad,Falsedad,Julio,0,2026-07-01
2026,26,Sonora,Otros bienes jurídicos afectados (del fuero común),Falsificación,Falsificación,Falsificación,Julio,0,2026-07-01
2026,26,Sonora,Otros bienes jurídicos afectados (del fuero común),Narcomenudeo,Narcomenudeo con fines de venta,Narcomenudeo con fines de venta,Julio,0,2026-07-01
2026,26,Sonora,Otros bienes jurídicos afectados (del fuero común),Narcomenudeo,Narcomenudeo posesión simple,Narcomenudeo posesión simple,Julio,0,2026-07-01
2026,26,Sonora,Otros bienes jurídicos afectados (del fuero común),Otros delitos del Fuero Común,Otros delitos del Fuero Común,Otros delitos del Fuero Común,Julio,0,2026-07-01
2026,26,Sonora,Otros bienes jurídicos afectados (del fuero común),Suplantación y usurpación de identidad,Suplantación y usurpación de identidad,Suplantación y usurpación de identidad,Julio,0,2026-07-01
2026,26,Sonora,Otros bienes jurídicos afectados (del fuero común),Tortura,Tortura,Tortura,Julio,0,2026-07-01
2026,26,Sonora,El patrimonio,Abuso de confianza,Abuso de confianza,Abuso de confianza,Agosto,0,2026-08-01
2026,26,Sonora,El patrimonio,Daño a la propiedad,Daño a la propiedad,Daño a la propiedad,Agosto,0,2026-08-01
2026,26,Sonora,El patrimonio,Despojo,Despojo,Despojo,Agosto,0,2026-08-01
2026,26,Sonora,El patrimonio,Extorsión,Extorsión por otros medios,Extorsión por otros medios,Agosto,0,2026-08-01
2026,26,Sonora,El patrimonio,Extorsión,Extorsión presencial,Extorsión presencial,Agosto,0,2026-08-01
2026,26,Sonora,El patrimonio,Extorsión,Tentativa de extorsión por otros medios,Tentativa de extorsión por otros medios,Agosto,0,2026-08-01
2026,26,Sonora,El patrimonio,Extorsión,Tentativa de extorsión presencial,Tentativa de extorsión presencial,Agosto,0,2026-08-01
2026,26,Sonora,El patrimonio,Fraude,Fraude,Fraude,Agosto,0,2026-08-01
2026,26,Sonora,El patrimonio,Otros delitos contra el patrimonio,Otros delitos contra el patrimonio,Otros delitos contra el patrimonio,Agosto,0,2026-08-01
2026,26,Sonora,El patrimonio,Robo,Otros robos,Con violencia,Agosto,0,2026-08-01
2026,26,Sonora,El patrimonio,Robo,Otros robos,Sin violencia,Agosto,0,2026-08-01
2026,26,Sonora,El patrimonio,Robo,Robo a casa habitación,Con violencia,Agosto,0,2026-08-01
2026,26,Sonora,El patrimonio,Robo,Robo a casa habitación,Sin violencia,Agosto,0,2026-08-01
2026,26,Sonora,El patrimonio,Robo,Robo a institución bancaria,Con violencia,Agosto,0,2026-08-01
2026,26,Sonora,El patrimonio,Robo,Robo a institución bancaria,Sin violencia,Agosto,0,2026-08-01
2026,26,Sonora,El patrimonio,Robo,Robo a negocio,Con violencia,Agosto,0,2026-08-01
2026,26,Sonora,El patrimonio,Robo,Robo a negocio,Sin violencia,Agosto,0,2026-08-01
2026,26,Sonora,El patrimonio,Robo,Robo a transeúnte en espacio abierto al público,Con violencia,Agosto,0,2026-08-01
2026,26,Sonora,El patrimonio,Robo,Robo a transeúnte en espacio abierto al público,Sin violencia,Agosto,0,2026-08-01
2026,26,Sonora,El patrimonio,Robo,Robo a transeúnte en vía pública,Con violencia,Agosto,0,2026-08-01
2026,26,Sonora,El patrimonio,Robo,Robo a transeúnte en vía pública,Sin violencia,Agosto,0,2026-08-01
2026,26,Sonora,El patrimonio,Robo,Robo a transportista,Con violencia,Agosto,0,2026-08-01
2026,26,Sonora,El patrimonio,Robo,Robo a transportista,Sin violencia,Agosto,0,2026-08-01
2026,26,Sonora,El patrimonio,Robo,Robo de autopartes,Con violencia,Agosto,0,2026-08-01
2026,26,Sonora,El patrimonio,Robo,Robo de autopartes,Sin violencia,Agosto,0,2026-08-01
2026,26,Sonora,El patrimonio,Robo,Robo de ganado,Con violencia,Agosto,0,2026-08-01
2026,26,Sonora,El patrimonio,Robo,Robo de ganado,Sin violencia,Agosto,0,2026-08-01
2026,26,Sonora,El patrimonio,Robo,"Robo de maquinaria - Cables, tubos y otros objetos destinados a servicios públicos",Con violencia,Agosto,0,2026-08-01
2026,26,Sonora,El patrimonio,Robo,"Robo de maquinaria - Cables, tubos y otros objetos destinados a servicios públicos",Sin violencia,Agosto,0,2026-08-01
2026,26,Sonora,El patrimonio,Robo,Robo de maquinaria - Herramienta industrial o agrícola,Con violencia,Agosto,0,2026-08-01
2026,26,Sonora,El patrimonio,Robo,Robo de maquinaria - Herramienta industrial o agrícola,Sin violencia,Agosto,0,2026-08-01
2026,26,Sonora,El patrimonio,Robo,Robo de maquinaria - Tractores y/o montacargas,Con violencia,Agosto,0,2026-08-01
2026,26,Sonora,El patrimonio,Robo,Robo de maquinaria - Tractores y/o montacargas,Sin violencia,Agosto,0,2026-08-01
2026,26,Sonora,El patrimonio,Robo,Robo de vehículo automotor - Coche de 4 ruedas,Con violencia,Agosto,0,2026-08-01
2026,26,Sonora,El patrimonio,Robo,Robo de vehículo automotor - Coche de 4 ruedas,Sin violencia,Agosto,0,2026-08-01
2026,26,Sonora,El patrimonio,Robo,Robo de vehículo automotor - Embarcaciones,Con violencia,Agosto,0,2026-08-01
2026,26,Sonora,El patrimonio,Robo,Robo de vehículo automotor - Embarcaciones,Sin violencia,Agosto,0,2026-08-01
2026,26,Sonora,El patrimonio,Robo,Robo de vehículo automotor - Motocicleta,Con violencia,Agosto,0,2026-08-01
2026,26,Sonora,El patrimonio,Robo,Robo de vehículo automotor - Motocicleta,Sin violencia,Agosto,0,2026-08-01
2026,26,Sonora,El patrimonio,Robo,Robo en transporte individual,Con violencia,Agosto,0,2026-08-01
2026,26,Sonora,El patrimonio,Robo,Robo en transporte individual,Sin violencia,Agosto,0,2026-08-01
2026,26,Sonora,El patrimonio,Robo,Robo en transporte público colectivo,Con violencia,Agosto,0,2026-08-01
2026,26,Sonora,El patrimonio,Robo,Robo en transporte público colectivo,Sin violencia,Agosto,0,2026-08-01
2026,26,Sonora,El patrimonio,Robo,Robo en transporte público individual,Con violencia,Agosto,0,2026-08-01
2026,26,Sonora,El patrimonio,Robo,Robo en transporte público individual,Sin violencia,Agosto,0,2026-08-01
2026,26,Sonora,La familia,Incumplimiento de obligaciones de asistencia familiar,Incumplimiento de obligaciones de asistencia familiar,Incumplimiento de obligaciones de asistencia familiar,Agosto,0,2026-08-01
2026,26,Sonora,La familia,Otros delitos contra la familia,Otros delitos contra la familia,Otros delitos contra la familia,Agosto,0,2026-08-01
2026,26,Sonora,La familia,Violencia de género en todas sus modalidades distinta a la violencia familiar,Violencia de género en todas sus modalidades distinta a la violencia familiar,Violencia de género en todas sus modalidades distinta a la violencia familiar,Agosto,0,2026-08-01
2026,26,Sonora,La familia,Violencia familiar,Violencia familiar,Violencia familiar,Agosto,0,2026-08-01
2026,26,Sonora,La libertad y la seguridad sexual,Abuso sexual,Abuso sexual,Abuso sexual,Agosto,0,2026-08-01
2026,26,Sonora,La libertad y la seguridad sexual,Acoso sexual,Acoso sexual,Acoso sexual,Agosto,0,2026-08-01
2026,26,Sonora,La libertad y la seguridad sexual,Hostigamiento sexual,Hostigamiento sexual,Hostigamiento sexual,Agosto,0,2026-08-01
2026,26,Sonora,La libertad y la seguridad sexual,Incesto,Incesto,Incesto,Agosto,0,2026-08-01
2026,26,Sonora,La libertad y la seguridad sexual,Otros delitos que atentan contra la libertad y la seguridad sexual,Otros delitos que atentan contra la libertad y la seguridad sexual,Otros delitos que atentan contra la libertad y la seguridad sexual,Agosto,0,2026-08-01
2026,26,Sonora,La libertad y la seguridad sexual,Violación,Violación equiparada,Violación equiparada,Agosto,0,2026-08-01
2026,26,Sonora,La libertad y la seguridad sexual,Violación,Violación simple,Violación simple,Agosto,0,2026-08-01
2026,26,Sonora,La libertad y la seguridad sexual,Violación a la intimidad sexual,Violación a la intimidad sexual,Violación a la intimidad sexual,Agosto,0,2026-08-01
2026,26,Sonora,La sociedad,Corrupción de menores,Corrupción de menores,Corrupción de menores,Agosto,0,2026-08-01
2026,26,Sonora,La sociedad,Discriminación,Discriminación,Discriminación,Agosto,0,2026-08-01
2026,26,Sonora,La sociedad,Otros delitos contra la sociedad,Otros delitos contra la sociedad,Otros delitos contra la sociedad,Agosto,0,2026-08-01
2026,26,Sonora,La sociedad,Pornografía infantil,Pornografía infantil,Pornografía infantil,Agosto,0,2026-08-01
2026,26,Sonora,La sociedad,Trata de personas,Trata de personas con fines de explotación sexual,Trata de personas con fines de explotación sexual,Agosto,0,2026-08-01
2026,26,Sonora,La sociedad,Trata de personas,Trata de personas con fines de trabajo o servicios forzados,Trata de personas con fines de trabajo o servicios forzados,Agosto,0,2026-08-01
2026,26,Sonora,La sociedad,Trata de personas,Trata de personas con fines de tráfico de órganos,Trata de personas con fines de tráfico de órganos,Agosto,0,2026-08-01
2026,26,Sonora,La sociedad,Trata de personas,Trata de personas con otros fines,Trata de personas con otros fines,Agosto,0,2026-08-01
2026,26,Sonora,La vida y la Integridad corporal,Aborto,Aborto,Aborto,Agosto,0,2026-08-01
2026,26,Sonora,La vida y la Integridad corporal,Feminicidio,Feminicidio,Con arma blanca,Agosto,0,2026-08-01
2026,26,Sonora,La vida y la Integridad corporal,Feminicidio,Feminicidio,Con arma de fuego,Agosto,0,2026-08-01
2026,26,Sonora,La vida y la Integridad corporal,Feminicidio,Feminicidio,Con otro elemento,Agosto,0,2026-08-01
2026,26,Sonora,La vida y la Integridad corporal,Feminicidio,Feminicidio,No especificado,Agosto,0,2026-08-01
2026,26,Sonora,La vida y la Integridad corporal,Feminicidio,Tentativa de feminicidio,Tentativa de feminicidio,Agosto,0,2026-08-01
2026,26,Sonora,La vida y la Integridad corporal,Homicidio,Homicidio culposo,Con arma blanca,Agosto,0,2026-08-01
2026,26,Sonora,La vida y la Integridad corporal,Homicidio,Homicidio culposo,Con arma de fuego,Agosto,0,2026-08-01
2026,26,Sonora,La vida y la Integridad corporal,Homicidio,Homicidio culposo,Con otro elemento,Agosto,0,2026-08-01
2026,26,Sonora,La vida y la Integridad corporal,Homicidio,Homicidio culposo,En accidente de tránsito,Agosto,0,2026-08-01
2026,26,Sonora,La vida y la Integridad corporal,Homicidio,Homicidio culposo,No especificado,Agosto,0,2026-08-01
2026,26,Sonora,La vida y la Integridad corporal,Homicidio,Homicidio doloso,Con arma blanca,Agosto,0,2026-08-01
2026,26,Sonora,La vida y la Integridad corporal,Homicidio,Homicidio doloso,Con arma de fuego,Agosto,0,2026-08-01
2026,26,Sonora,La vida y la Integridad corporal,Homicidio,Homicidio doloso,Con otro elemento,Agosto,0,2026-08-01
2026,26,Sonora,La vida y la Integridad corporal,Homicidio,Homicidio doloso,No especificado,Agosto,0,2026-08-01
2026,26,Sonora,La vida y la Integridad corporal,Homicidio,Tentativa de homicidio doloso,Tentativa de homicidio doloso,Agosto,0,2026-08-01
2026,26,Sonora,La vida y la Integridad corporal,Lesiones,Lesiones culposas,Con arma blanca,Agosto,0,2026-08-01
2026,26,Sonora,La vida y la Integridad corporal,Lesiones,Lesiones culposas,Con arma de fuego,Agosto,0,2026-08-01
2026,26,Sonora,La vida y la Integridad corporal,Lesiones,Lesiones culposas,Con otro elemento,Agosto,0,2026-08-01
2026,26,Sonora,La vida y la Integridad corporal,Lesiones,Lesiones culposas,En accidente de tránsito,Agosto,0,2026-08-01
2026,26,Sonora,La vida y la Integridad corporal,Lesiones,Lesiones culposas,No especificado,Agosto,0,2026-08-01
2026,26,Sonora,La vida y la Integridad corporal,Lesiones,Lesiones dolosas,Con arma blanca,Agosto,0,2026-08-01
2026,26,Sonora,La vida y la Integridad corporal,Lesiones,Lesiones dolosas,Con arma de fuego,Agosto,0,2026-08-01
2026,26,Sonora,La vida y la Integridad corporal,Lesiones,Lesiones dolosas,Con otro elemento,Agosto,0,2026-08-01
2026,26,Sonora,La vida y la Integridad corporal,Lesiones,Lesiones dolosas,No especificado,Agosto,0,2026-08-01
2026,26,Sonora,La vida y la Integridad corporal,Otros delitos que atentan contra la vida y la integridad corporal,Otros delitos que atentan contra la vida y la integridad corporal,Otros delitos que atentan contra la vida y la integridad corporal,Agosto,0,2026-08-01
2026,26,Sonora,Libertad personal,Otros delitos que atentan contra la libertad personal,Otros delitos que atentan contra la libertad personal,Otros delitos que atentan contra la libertad personal,Agosto,0,2026-08-01
2026,26,Sonora,Libertad personal,Privación ilegal de la libertad,Privación ilegal de la libertad,Privación ilegal de la libertad,Agosto,0,2026-08-01
2026,26,Sonora,Libertad personal,Rapto,Rapto,Rapto,Agosto,0,2026-08-01
2026,26,Sonora,Libertad personal,Retención o sustracción de menores e incapaces,Retención o sustracción de menores e incapaces,Retención o sustracción de menores e incapaces,Agosto,0,2026-08-01
2026,26,Sonora,Libertad personal,Secuestro,Secuestro con calidad de rehén,Secuestro con calidad de rehén,Agosto,0,2026-08-01
2026,26,Sonora,Libertad personal,Secuestro,Secuestro exprés,Secuestro exprés,Agosto,0,2026-08-01
2026,26,Sonora,Libertad personal,Secuestro,Secuestro extorsivo,Secuestro extorsivo,Agosto,0,2026-08-01
2026,26,Sonora,Libertad personal,Secuestro,Secuestro para causar daño,Secuestro para causar daño,Agosto,0,2026-08-01
2026,26,Sonora,Libertad personal,Tráfico de menores,Tráfico de menores,Tráfico de menores,Agosto,0,2026-08-01
2026,26,Sonora,Otros bienes jurídicos afectados (del fuero común),Allanamiento de morada,Allanamiento de morada,Allanamiento de morada,Agosto,0,2026-08-01
2026,26,Sonora,Otros bienes jurídicos afectados (del fuero común),Amenazas,Amenazas,Amenazas,Agosto,0,2026-08-01
2026,26,Sonora,Otros bienes jurídicos afectados (del fuero común),Contra el medio ambiente,Contra el medio ambiente,Contra el medio ambiente,Agosto,0,2026-08-01
2026,26,Sonora,Otros bienes jurídicos afectados (del fuero común),Delitos cometidos por servidores públicos,Delitos cometidos por servidores públicos,Delitos cometidos por servidores públicos,Agosto,0,2026-08-01
2026,26,Sonora,Otros bienes jurídicos afectados (del fuero común),Delitos contra la administración de justicia,Delitos contra la administración de justicia,Delitos contra la administración de justicia,Agosto,0,2026-08-01
2026,26,Sonora,Otros bienes jurídicos afectados (del fuero común),Electorales,Electorales,Electorales,Agosto,0,2026-08-01
2026,26,Sonora,Otros bienes jurídicos afectados (del fuero común),Evasión de presos,Evasión de presos,Evasión de presos,Agosto,0,2026-08-01
2026,26,Sonora,Otros bienes jurídicos afectados (del fuero común),Falsedad,Falsedad,Falsedad,Agosto,0,2026-08-01
2026,26,Sonora,Otros bienes jurídicos afectados (del fuero común),Falsificación,Falsificación,Falsificación,Agosto,0,2026-08-01
2026,26,Sonora,Otros bienes jurídicos afectados (del fuero común),Narcomenudeo,Narcomenudeo con fines de venta,Narcomenudeo con fines de venta,Agosto,0,2026-08-01
2026,26,Sonora,Otros bienes jurídicos afectados (del fuero común),Narcomenudeo,Narcomenudeo posesión simple,Narcomenudeo posesión simple,Agosto,0,2026-08-01
2026,26,Sonora,Otros bienes jurídicos afectados (del fuero común),Otros delitos del Fuero Común,Otros delitos del Fuero Común,Otros delitos del Fuero Común,Agosto,0,2026-08-01
2026,26,Sonora,Otros bienes jurídicos afectados (del fuero común),Suplantación y usurpación de identidad,Suplantación y usurpación de identidad,Suplantación y usurpación de identidad,Agosto,0,2026-08-01
2026,26,Sonora,Otros bienes jurídicos afectados (del fuero común),Tortura,Tortura,Tortura,Agosto,0,2026-08-01
2026,26,Sonora,El patrimonio,Abuso de confianza,Abuso de confianza,Abuso de confianza,Septiembre,0,2026-09-01
2026,26,Sonora,El patrimonio,Daño a la propiedad,Daño a la propiedad,Daño a la propiedad,Septiembre,0,2026-09-01
2026,26,Sonora,El patrimonio,Despojo,Despojo,Despojo,Septiembre,0,2026-09-01
2026,26,Sonora,El patrimonio,Extorsión,Extorsión por otros medios,Extorsión por otros medios,Septiembre,0,2026-09-01
2026,26,Sonora,El patrimonio,Extorsión,Extorsión presencial,Extorsión presencial,Septiembre,0,2026-09-01
2026,26,Sonora,El patrimonio,Extorsión,Tentativa de extorsión por otros medios,Tentativa de extorsión por otros medios,Septiembre,0,2026-09-01
2026,26,Sonora,El patrimonio,Extorsión,Tentativa de extorsión presencial,Tentativa de extorsión presencial,Septiembre,0,2026-09-01
2026,26,Sonora,El patrimonio,Fraude,Fraude,Fraude,Septiembre,0,2026-09-01
2026,26,Sonora,El patrimonio,Otros delitos contra el patrimonio,Otros delitos contra el patrimonio,Otros delitos contra el patrimonio,Septiembre,0,2026-09-01
2026,26,Sonora,El patrimonio,Robo,Otros robos,Con violencia,Septiembre,0,2026-09-01
2026,26,Sonora,El patrimonio,Robo,Otros robos,Sin violencia,Septiembre,0,2026-09-01
2026,26,Sonora,El patrimonio,Robo,Robo a casa habitación,Con violencia,Septiembre,0,2026-09-01
2026,26,Sonora,El patrimonio,Robo,Robo a casa habitación,Sin violencia,Septiembre,0,2026-09-01
2026,26,Sonora,El patrimonio,Robo,Robo a institución bancaria,Con violencia,Septiembre,0,2026-09-01
2026,26,Sonora,El patrimonio,Robo,Robo a institución bancaria,Sin violencia,Septiembre,0,2026-09-01
2026,26,Sonora,El patrimonio,Robo,Robo a negocio,Con violencia,Septiembre,0,2026-09-01
2026,26,Sonora,El patrimonio,Robo,Robo a negocio,Sin violencia,Septiembre,0,2026-09-01
2026,26,Sonora,El patrimonio,Robo,Robo a transeúnte en espacio abierto al público,Con violencia,Septiembre,0,2026-09-01
2026,26,Sonora,El patrimonio,Robo,Robo a transeúnte en espacio abierto al público,Sin violencia,Septiembre,0,2026-09-01
2026,26,Sonora,El patrimonio,Robo,Robo a transeúnte en vía pública,Con violencia,Septiembre,0,2026-09-01
2026,26,Sonora,El patrimonio,Robo,Robo a transeúnte en vía pública,Sin violencia,Septiembre,0,2026-09-01
2026,26,Sonora,El patrimonio,Robo,Robo a transportista,Con violencia,Septiembre,0,2026-09-01
2026,26,Sonora,El patrimonio,Robo,Robo a transportista,Sin violencia,Septiembre,0,2026-09-01
2026,26,Sonora,El patrimonio,Robo,Robo de autopartes,Con violencia,Septiembre,0,2026-09-01
2026,26,Sonora,El patrimonio,Robo,Robo de autopartes,Sin violencia,Septiembre,0,2026-09-01
2026,26,Sonora,El patrimonio,Robo,Robo de ganado,Con violencia,Septiembre,0,2026-09-01
2026,26,Sonora,El patrimonio,Robo,Robo de ganado,Sin violencia,Septiembre,0,2026-09-01
2026,26,Sonora,El patrimonio,Robo,"Robo de maquinaria - Cables, tubos y otros objetos destinados a servicios públicos",Con violencia,Septiembre,0,2026-09-01
2026,26,Sonora,El patrimonio,Robo,"Robo de maquinaria - Cables, tubos y otros objetos destinados a servicios públicos",Sin violencia,Septiembre,0,2026-09-01
2026,26,Sonora,El patrimonio,Robo,Robo de maquinaria - Herramienta industrial o agrícola,Con violencia,Septiembre,0,2026-09-01
2026,26,Sonora,El patrimonio,Robo,Robo de maquinaria - Herramienta industrial o agrícola,Sin violencia,Septiembre,0,2026-09-01
2026,26,Sonora,El patrimonio,Robo,Robo de maquinaria - Tractores y/o montacargas,Con violencia,Septiembre,0,2026-09-01
2026,26,Sonora,El patrimonio,Robo,Robo de maquinaria - Tractores y/o montacargas,Sin violencia,Septiembre,0,2026-09-01
2026,26,Sonora,El patrimonio,Robo,Robo de vehículo automotor - Coche de 4 ruedas,Con violencia,Septiembre,0,2026-09-01
2026,26,Sonora,El patrimonio,Robo,Robo de vehículo automotor - Coche de 4 ruedas,Sin violencia,Septiembre,0,2026-09-01
2026,26,Sonora,El patrimonio,Robo,Robo de vehículo automotor - Embarcaciones,Con violencia,Septiembre,0,2026-09-01
2026,26,Sonora,El patrimonio,Robo,Robo de vehículo automotor - Embarcaciones,Sin violencia,Septiembre,0,2026-09-01
2026,26,Sonora,El patrimonio,Robo,Robo de vehículo automotor - Motocicleta,Con violencia,Septiembre,0,2026-09-01
2026,26,Sonora,El patrimonio,Robo,Robo de vehículo automotor - Motocicleta,Sin violencia,Septiembre,0,2026-09-01
2026,26,Sonora,El patrimonio,Robo,Robo en transporte individual,Con violencia,Septiembre,0,2026-09-01
2026,26,Sonora,El patrimonio,Robo,Robo en transporte individual,Sin violencia,Septiembre,0,2026-09-01
2026,26,Sonora,El patrimonio,Robo,Robo en transporte público colectivo,Con violencia,Septiembre,0,2026-09-01
2026,26,Sonora,El patrimonio,Robo,Robo en transporte público colectivo,Sin violencia,Septiembre,0,2026-09-01
2026,26,Sonora,El patrimonio,Robo,Robo en transporte público individual,Con violencia,Septiembre,0,2026-09-01
2026,26,Sonora,El patrimonio,Robo,Robo en transporte público individual,Sin violencia,Septiembre,0,2026-09-01
2026,26,Sonora,La familia,Incumplimiento de obligaciones de asistencia familiar,Incumplimiento de obligaciones de asistencia familiar,Incumplimiento de obligaciones de asistencia familiar,Septiembre,0,2026-09-01
2026,26,Sonora,La familia,Otros delitos contra la familia,Otros delitos contra la familia,Otros delitos contra la familia,Septiembre,0,2026-09-01
2026,26,Sonora,La familia,Violencia de género en todas sus modalidades distinta a la violencia familiar,Violencia de género en todas sus modalidades distinta a la violencia familiar,Violencia de género en todas sus modalidades distinta a la violencia familiar,Septiembre,0,2026-09-01
2026,26,Sonora,La familia,Violencia familiar,Violencia familiar,Violencia familiar,Septiembre,0,2026-09-01
2026,26,Sonora,La libertad y la seguridad sexual,Abuso sexual,Abuso sexual,Abuso sexual,Septiembre,0,2026-09-01
2026,26,Sonora,La libertad y la seguridad sexual,Acoso sexual,Acoso sexual,Acoso sexual,Septiembre,0,2026-09-01
2026,26,Sonora,La libertad y la seguridad sexual,Hostigamiento sexual,Hostigamiento sexual,Hostigamiento sexual,Septiembre,0,2026-09-01
2026,26,Sonora,La libertad y la seguridad sexual,Incesto,Incesto,Incesto,Septiembre,0,2026-09-01
2026,26,Sonora,La libertad y la seguridad sexual,Otros delitos que atentan contra la libertad y la seguridad sexual,Otros delitos que atentan contra la libertad y la seguridad sexual,Otros delitos que atentan contra la libertad y la seguridad sexual,Septiembre,0,2026-09-01
2026,26,Sonora,La libertad y la seguridad sexual,Violación,Violación equiparada,Violación equiparada,Septiembre,0,2026-09-01
2026,26,Sonora,La libertad y la seguridad sexual,Violación,Violación simple,Violación simple,Septiembre,0,2026-09-01
2026,26,Sonora,La libertad y la seguridad sexual,Violación a la intimidad sexual,Violación a la intimidad sexual,Violación a la intimidad sexual,Septiembre,0,2026-09-01
2026,26,Sonora,La sociedad,Corrupción de menores,Corrupción de menores,Corrupción de menores,Septiembre,0,2026-09-01
2026,26,Sonora,La sociedad,Discriminación,Discriminación,Discriminación,Septiembre,0,2026-09-01
2026,26,Sonora,La sociedad,Otros delitos contra la sociedad,Otros delitos contra la sociedad,Otros delitos contra la sociedad,Septiembre,0,2026-09-01
2026,26,Sonora,La sociedad,Pornografía infantil,Pornografía infantil,Pornografía infantil,Septiembre,0,2026-09-01
2026,26,Sonora,La sociedad,Trata de personas,Trata de personas con fines de explotación sexual,Trata de personas con fines de explotación sexual,Septiembre,0,2026-09-01
2026,26,Sonora,La sociedad,Trata de personas,Trata de personas con fines de trabajo o servicios forzados,Trata de personas con fines de trabajo o servicios forzados,Septiembre,0,2026-09-01
2026,26,Sonora,La sociedad,Trata de personas,Trata de personas con fines de tráfico de órganos,Trata de personas con fines de tráfico de órganos,Septiembre,0,2026-09-01
2026,26,Sonora,La sociedad,Trata de personas,Trata de personas con otros fines,Trata de personas con otros fines,Septiembre,0,2026-09-01
2026,26,Sonora,La vida y la Integridad corporal,Aborto,Aborto,Aborto,Septiembre,0,2026-09-01
2026,26,Sonora,La vida y la Integridad corporal,Feminicidio,Feminicidio,Con arma blanca,Septiembre,0,2026-09-01
2026,26,Sonora,La vida y la Integridad corporal,Feminicidio,Feminicidio,Con arma de fuego,Septiembre,0,2026-09-01
2026,26,Sonora,La vida y la Integridad corporal,Feminicidio,Feminicidio,Con otro elemento,Septiembre,0,2026-09-01
2026,26,Sonora,La vida y la Integridad corporal,Feminicidio,Feminicidio,No especificado,Septiembre,0,2026-09-01
2026,26,Sonora,La vida y la Integridad corporal,Feminicidio,Tentativa de feminicidio,Tentativa de feminicidio,Septiembre,0,2026-09-01
2026,26,Sonora,La vida y la Integridad corporal,Homicidio,Homicidio culposo,Con arma blanca,Septiembre,0,2026-09-01
2026,26,Sonora,La vida y la Integridad corporal,Homicidio,Homicidio culposo,Con arma de fuego,Septiembre,0,2026-09-01
2026,26,Sonora,La vida y la Integridad corporal,Homicidio,Homicidio culposo,Con otro elemento,Septiembre,0,2026-09-01
2026,26,Sonora,La vida y la Integridad corporal,Homicidio,Homicidio culposo,En accidente de tránsito,Septiembre,0,2026-09-01
2026,26,Sonora,La vida y la Integridad corporal,Homicidio,Homicidio culposo,No especificado,Septiembre,0,2026-09-01
2026,26,Sonora,La vida y la Integridad corporal,Homicidio,Homicidio doloso,Con arma blanca,Septiembre,0,2026-09-01
2026,26,Sonora,La vida y la Integridad corporal,Homicidio,Homicidio doloso,Con arma de fuego,Septiembre,0,2026-09-01
2026,26,Sonora,La vida y la Integridad corporal,Homicidio,Homicidio doloso,Con otro elemento,Septiembre,0,2026-09-01
2026,26,Sonora,La vida y la Integridad corporal,Homicidio,Homicidio doloso,No especificado,Septiembre,0,2026-09-01
2026,26,Sonora,La vida y la Integridad corporal,Homicidio,Tentativa de homicidio doloso,Tentativa de homicidio doloso,Septiembre,0,2026-09-01
2026,26,Sonora,La vida y la Integridad corporal,Lesiones,Lesiones culposas,Con arma blanca,Septiembre,0,2026-09-01
2026,26,Sonora,La vida y la Integridad corporal,Lesiones,Lesiones culposas,Con arma de fuego,Septiembre,0,2026-09-01
2026,26,Sonora,La vida y la Integridad corporal,Lesiones,Lesiones culposas,Con otro elemento,Septiembre,0,2026-09-01
2026,26,Sonora,La vida y la Integridad corporal,Lesiones,Lesiones culposas,En accidente de tránsito,Septiembre,0,2026-09-01
2026,26,Sonora,La vida y la Integridad corporal,Lesiones,Lesiones culposas,No especificado,Septiembre,0,2026-09-01
2026,26,Sonora,La vida y la Integridad corporal,Lesiones,Lesiones dolosas,Con arma blanca,Septiembre,0,2026-09-01
2026,26,Sonora,La vida y la Integridad corporal,Lesiones,Lesiones dolosas,Con arma de fuego,Septiembre,0,2026-09-01
2026,26,Sonora,La vida y la Integridad corporal,Lesiones,Lesiones dolosas,Con otro elemento,Septiembre,0,2026-09-01
2026,26,Sonora,La vida y la Integridad corporal,Lesiones,Lesiones dolosas,No especificado,Septiembre,0,2026-09-01
2026,26,Sonora,La vida y la Integridad corporal,Otros delitos que atentan contra la vida y la integridad corporal,Otros delitos que atentan contra la vida y la integridad corporal,Otros delitos que atentan contra la vida y la integridad corporal,Septiembre,0,2026-09-01
2026,26,Sonora,Libertad personal,Otros delitos que atentan contra la libertad personal,Otros delitos que atentan contra la libertad personal,Otros delitos que atentan contra la libertad personal,Septiembre,0,2026-09-01
2026,26,Sonora,Libertad personal,Privación ilegal de la libertad,Privación ilegal de la libertad,Privación ilegal de la libertad,Septiembre,0,2026-09-01
2026,26,Sonora,Libertad personal,Rapto,Rapto,Rapto,Septiembre,0,2026-09-01
2026,26,Sonora,Libertad personal,Retención o sustracción de menores e incapaces,Retención o sustracción de menores e incapaces,Retención o sustracción de menores e incapaces,Septiembre,0,2026-09-01
2026,26,Sonora,Libertad personal,Secuestro,Secuestro con calidad de rehén,Secuestro con calidad de rehén,Septiembre,0,2026-09-01
2026,26,Sonora,Libertad personal,Secuestro,Secuestro exprés,Secuestro exprés,Septiembre,0,2026-09-01
2026,26,Sonora,Libertad personal,Secuestro,Secuestro extorsivo,Secuestro extorsivo,Septiembre,0,2026-09-01
2026,26,Sonora,Libertad personal,Secuestro,Secuestro para causar daño,Secuestro para causar daño,Septiembre,0,2026-09-01
2026,26,Sonora,Libertad personal,Tráfico de menores,Tráfico de menores,Tráfico de menores,Septiembre,0,2026-09-01
2026,26,Sonora,Otros bienes jurídicos afectados (del fuero común),Allanamiento de morada,Allanamiento de morada,Allanamiento de morada,Septiembre,0,2026-09-01
2026,26,Sonora,Otros bienes jurídicos afectados (del fuero común),Amenazas,Amenazas,Amenazas,Septiembre,0,2026-09-01
2026,26,Sonora,Otros bienes jurídicos afectados (del fuero común),Contra el medio ambiente,Contra el medio ambiente,Contra el medio ambiente,Septiembre,0,2026-09-01
2026,26,Sonora,Otros bienes jurídicos afectados (del fuero común),Delitos cometidos por servidores públicos,Delitos cometidos por servidores públicos,Delitos cometidos por servidores públicos,Septiembre,0,2026-09-01
2026,26,Sonora,Otros bienes jurídicos afectados (del fuero común),Delitos contra la administración de justicia,Delitos contra la administración de justicia,Delitos contra la administración de justicia,Septiembre,0,2026-09-01
2026,26,Sonora,Otros bienes jurídicos afectados (del fuero común),Electorales,Electorales,Electorales,Septiembre,0,2026-09-01
2026,26,Sonora,Otros bienes jurídicos afectados (del fuero común),Evasión de presos,Evasión de presos,Evasión de presos,Septiembre,0,2026-09-01
2026,26,Sonora,Otros bienes jurídicos afectados (del fuero común),Falsedad,Falsedad,Falsedad,Septiembre,0,2026-09-01
2026,26,Sonora,Otros bienes jurídicos afectados (del fuero común),Falsificación,Falsificación,Falsificación,Septiembre,0,2026-09-01
2026,26,Sonora,Otros bienes jurídicos afectados (del fuero común),Narcomenudeo,Narcomenudeo con fines de venta,Narcomenudeo con fines de venta,Septiembre,0,2026-09-01
2026,26,Sonora,Otros bienes jurídicos afectados (del fuero común),Narcomenudeo,Narcomenudeo posesión simple,Narcomenudeo posesión simple,Septiembre,0,2026-09-01
2026,26,Sonora,Otros bienes jurídicos afectados (del fuero común),Otros delitos del Fuero Común,Otros delitos del Fuero Común,Otros delitos del Fuero Común,Septiembre,0,2026-09-01
2026,26,Sonora,Otros bienes jurídicos afectados (del fuero común),Suplantación y usurpación de identidad,Suplantación y usurpación de identidad,Suplantación y usurpación de identidad,Septiembre,0,2026-09-01
2026,26,Sonora,Otros bienes jurídicos afectados (del fuero común),Tortura,Tortura,Tortura,Septiembre,0,2026-09-01
2026,26,Sonora,El patrimonio,Abuso de confianza,Abuso de confianza,Abuso de confianza,Octubre,0,2026-10-01
2026,26,Sonora,El patrimonio,Daño a la propiedad,Daño a la propiedad,Daño a la propiedad,Octubre,0,2026-10-01
2026,26,Sonora,El patrimonio,Despojo,Despojo,Despojo,Octubre,0,2026-10-01
2026,26,Sonora,El patrimonio,Extorsión,Extorsión por otros medios,Extorsión por otros medios,Octubre,0,2026-10-01
2026,26,Sonora,El patrimonio,Extorsión,Extorsión presencial,Extorsión presencial,Octubre,0,2026-10-01
2026,26,Sonora,El patrimonio,Extorsión,Tentativa de extorsión por otros medios,Tentativa de extorsión por otros medios,Octubre,0,2026-10-01
2026,26,Sonora,El patrimonio,Extorsión,Tentativa de extorsión presencial,Tentativa de extorsión presencial,Octubre,0,2026-10-01
2026,26,Sonora,El patrimonio,Fraude,Fraude,Fraude,Octubre,0,2026-10-01
2026,26,Sonora,El patrimonio,Otros delitos contra el patrimonio,Otros delitos contra el patrimonio,Otros delitos contra el patrimonio,Octubre,0,2026-10-01
2026,26,Sonora,El patrimonio,Robo,Otros robos,Con violencia,Octubre,0,2026-10-01
2026,26,Sonora,El patrimonio,Robo,Otros robos,Sin violencia,Octubre,0,2026-10-01
2026,26,Sonora,El patrimonio,Robo,Robo a casa habitación,Con violencia,Octubre,0,2026-10-01
2026,26,Sonora,El patrimonio,Robo,Robo a casa habitación,Sin violencia,Octubre,0,2026-10-01
2026,26,Sonora,El patrimonio,Robo,Robo a institución bancaria,Con violencia,Octubre,0,2026-10-01
2026,26,Sonora,El patrimonio,Robo,Robo a institución bancaria,Sin violencia,Octubre,0,2026-10-01
2026,26,Sonora,El patrimonio,Robo,Robo a negocio,Con violencia,Octubre,0,2026-10-01
2026,26,Sonora,El patrimonio,Robo,Robo a negocio,Sin violencia,Octubre,0,2026-10-01
2026,26,Sonora,El patrimonio,Robo,Robo a transeúnte en espacio abierto al público,Con violencia,Octubre,0,2026-10-01
2026,26,Sonora,El patrimonio,Robo,Robo a transeúnte en espacio abierto al público,Sin violencia,Octubre,0,2026-10-01
2026,26,Sonora,El patrimonio,Robo,Robo a transeúnte en vía pública,Con violencia,Octubre,0,2026-10-01
2026,26,Sonora,El patrimonio,Robo,Robo a transeúnte en vía pública,Sin violencia,Octubre,0,2026-10-01
2026,26,Sonora,El patrimonio,Robo,Robo a transportista,Con violencia,Octubre,0,2026-10-01
2026,26,Sonora,El patrimonio,Robo,Robo a transportista,Sin violencia,Octubre,0,2026-10-01
2026,26,Sonora,El patrimonio,Robo,Robo de autopartes,Con violencia,Octubre,0,2026-10-01
2026,26,Sonora,El patrimonio,Robo,Robo de autopartes,Sin violencia,Octubre,0,2026-10-01
2026,26,Sonora,El patrimonio,Robo,Robo de ganado,Con violencia,Octubre,0,2026-10-01
2026,26,Sonora,El patrimonio,Robo,Robo de ganado,Sin violencia,Octubre,0,2026-10-01
2026,26,Sonora,El patrimonio,Robo,"Robo de maquinaria - Cables, tubos y otros objetos destinados a servicios públicos",Con violencia,Octubre,0,2026-10-01
2026,26,Sonora,El patrimonio,Robo,"Robo de maquinaria - Cables, tubos y otros objetos destinados a servicios públicos",Sin violencia,Octubre,0,2026-10-01
2026,26,Sonora,El patrimonio,Robo,Robo de maquinaria - Herramienta industrial o agrícola,Con violencia,Octubre,0,2026-10-01
2026,26,Sonora,El patrimonio,Robo,Robo de maquinaria - Herramienta industrial o agrícola,Sin violencia,Octubre,0,2026-10-01
2026,26,Sonora,El patrimonio,Robo,Robo de maquinaria - Tractores y/o montacargas,Con violencia,Octubre,0,2026-10-01
2026,26,Sonora,El patrimonio,Robo,Robo de maquinaria - Tractores y/o montacargas,Sin violencia,Octubre,0,2026-10-01
2026,26,Sonora,El patrimonio,Robo,Robo de vehículo automotor - Coche de 4 ruedas,Con violencia,Octubre,0,2026-10-01
2026,26,Sonora,El patrimonio,Robo,Robo de vehículo automotor - Coche de 4 ruedas,Sin violencia,Octubre,0,2026-10-01
2026,26,Sonora,El patrimonio,Robo,Robo de vehículo automotor - Embarcaciones,Con violencia,Octubre,0,2026-10-01
2026,26,Sonora,El patrimonio,Robo,Robo de vehículo automotor - Embarcaciones,Sin violencia,Octubre,0,2026-10-01
2026,26,Sonora,El patrimonio,Robo,Robo de vehículo automotor - Motocicleta,Con violencia,Octubre,0,2026-10-01
2026,26,Sonora,El patrimonio,Robo,Robo de vehículo automotor - Motocicleta,Sin violencia,Octubre,0,2026-10-01
2026,26,Sonora,El patrimonio,Robo,Robo en transporte individual,Con violencia,Octubre,0,2026-10-01
2026,26,Sonora,El patrimonio,Robo,Robo en transporte individual,Sin violencia,Octubre,0,2026-10-01
2026,26,Sonora,El patrimonio,Robo,Robo en transporte público colectivo,Con violencia,Octubre,0,2026-10-01
2026,26,Sonora,El patrimonio,Robo,Robo en transporte público colectivo,Sin violencia,Octubre,0,2026-10-01
2026,26,Sonora,El patrimonio,Robo,Robo en transporte público individual,Con violencia,Octubre,0,2026-10-01
2026,26,Sonora,El patrimonio,Robo,Robo en transporte público individual,Sin violencia,Octubre,0,2026-10-01
2026,26,Sonora,La familia,Incumplimiento de obligaciones de asistencia familiar,Incumplimiento de obligaciones de asistencia familiar,Incumplimiento de obligaciones de asistencia familiar,Octubre,0,2026-10-01
2026,26,Sonora,La familia,Otros delitos contra la familia,Otros delitos contra la familia,Otros delitos contra la familia,Octubre,0,2026-10-01
2026,26,Sonora,La familia,Violencia de género en todas sus modalidades distinta a la violencia familiar,Violencia de género en todas sus modalidades distinta a la violencia familiar,Violencia de género en todas sus modalidades distinta a la violencia familiar,Octubre,0,2026-10-01
2026,26,Sonora,La familia,Violencia familiar,Violencia familiar,Violencia familiar,Octubre,0,2026-10-01
2026,26,Sonora,La libertad y la seguridad sexual,Abuso sexual,Abuso sexual,Abuso sexual,Octubre,0,2026-10-01
2026,26,Sonora,La libertad y la seguridad sexual,Acoso sexual,Acoso sexual,Acoso sexual,Octubre,0,2026-10-01
2026,26,Sonora,La libertad y la seguridad sexual,Hostigamiento sexual,Hostigamiento sexual,Hostigamiento sexual,Octubre,0,2026-10-01
2026,26,Sonora,La libertad y la seguridad sexual,Incesto,Incesto,Incesto,Octubre,0,2026-10-01
2026,26,Sonora,La libertad y la seguridad sexual,Otros delitos que atentan contra la libertad y la seguridad sexual,Otros delitos que atentan contra la libertad y la seguridad sexual,Otros delitos que atentan contra la libertad y la seguridad sexual,Octubre,0,2026-10-01
2026,26,Sonora,La libertad y la seguridad sexual,Violación,Violación equiparada,Violación equiparada,Octubre,0,2026-10-01
2026,26,Sonora,La libertad y la seguridad sexual,Violación,Violación simple,Violación simple,Octubre,0,2026-10-01
2026,26,Sonora,La libertad y la seguridad sexual,Violación a la intimidad sexual,Violación a la intimidad sexual,Violación a la intimidad sexual,Octubre,0,2026-10-01
2026,26,Sonora,La sociedad,Corrupción de menores,Corrupción de menores,Corrupción de menores,Octubre,0,2026-10-01
2026,26,Sonora,La sociedad,Discriminación,Discriminación,Discriminación,Octubre,0,2026-10-01
2026,26,Sonora,La sociedad,Otros delitos contra la sociedad,Otros delitos contra la sociedad,Otros delitos contra la sociedad,Octubre,0,2026-10-01
2026,26,Sonora,La sociedad,Pornografía infantil,Pornografía infantil,Pornografía infantil,Octubre,0,2026-10-01
2026,26,Sonora,La sociedad,Trata de personas,Trata de personas con fines de explotación sexual,Trata de personas con fines de explotación sexual,Octubre,0,2026-10-01
2026,26,Sonora,La sociedad,Trata de personas,Trata de personas con fines de trabajo o servicios forzados,Trata de personas con fines de trabajo o servicios forzados,Octubre,0,2026-10-01
2026,26,Sonora,La sociedad,Trata de personas,Trata de personas con fines de tráfico de órganos,Trata de personas con fines de tráfico de órganos,Octubre,0,2026-10-01
2026,26,Sonora,La sociedad,Trata de personas,Trata de personas con otros fines,Trata de personas con otros fines,Octubre,0,2026-10-01
2026,26,Sonora,La vida y la Integridad corporal,Aborto,Aborto,Aborto,Octubre,0,2026-10-01
2026,26,Sonora,La vida y la Integridad corporal,Feminicidio,Feminicidio,Con arma blanca,Octubre,0,2026-10-01
2026,26,Sonora,La vida y la Integridad corporal,Feminicidio,Feminicidio,Con arma de fuego,Octubre,0,2026-10-01
2026,26,Sonora,La vida y la Integridad corporal,Feminicidio,Feminicidio,Con otro elemento,Octubre,0,2026-10-01
2026,26,Sonora,La vida y la Integridad corporal,Feminicidio,Feminicidio,No especificado,Octubre,0,2026-10-01
2026,26,Sonora,La vida y la Integridad corporal,Feminicidio,Tentativa de feminicidio,Tentativa de feminicidio,Octubre,0,2026-10-01
2026,26,Sonora,La vida y la Integridad corporal,Homicidio,Homicidio culposo,Con arma blanca,Octubre,0,2026-10-01
2026,26,Sonora,La vida y la Integridad corporal,Homicidio,Homicidio culposo,Con arma de fuego,Octubre,0,2026-10-01
2026,26,Sonora,La vida y la Integridad corporal,Homicidio,Homicidio culposo,Con otro elemento,Octubre,0,2026-10-01
2026,26,Sonora,La vida y la Integridad corporal,Homicidio,Homicidio culposo,En accidente de tránsito,Octubre,0,2026-10-01
2026,26,Sonora,La vida y la Integridad corporal,Homicidio,Homicidio culposo,No especificado,Octubre,0,2026-10-01
2026,26,Sonora,La vida y la Integridad corporal,Homicidio,Homicidio doloso,Con arma blanca,Octubre,0,2026-10-01
2026,26,Sonora,La vida y la Integridad corporal,Homicidio,Homicidio doloso,Con arma de fuego,Octubre,0,2026-10-01
2026,26,Sonora,La vida y la Integridad corporal,Homicidio,Homicidio doloso,Con otro elemento,Octubre,0,2026-10-01
2026,26,Sonora,La vida y la Integridad corporal,Homicidio,Homicidio doloso,No especificado,Octubre,0,2026-10-01
2026,26,Sonora,La vida y la Integridad corporal,Homicidio,Tentativa de homicidio doloso,Tentativa de homicidio doloso,Octubre,0,2026-10-01
2026,26,Sonora,La vida y la Integridad corporal,Lesiones,Lesiones culposas,Con arma blanca,Octubre,0,2026-10-01
2026,26,Sonora,La vida y la Integridad corporal,Lesiones,Lesiones culposas,Con arma de fuego,Octubre,0,2026-10-01
2026,26,Sonora,La vida y la Integridad corporal,Lesiones,Lesiones culposas,Con otro elemento,Octubre,0,2026-10-01
2026,26,Sonora,La vida y la Integridad corporal,Lesiones,Lesiones culposas,En accidente de tránsito,Octubre,0,2026-10-01
2026,26,Sonora,La vida y la Integridad corporal,Lesiones,Lesiones culposas,No especificado,Octubre,0,2026-10-01
2026,26,Sonora,La vida y la Integridad corporal,Lesiones,Lesiones dolosas,Con arma blanca,Octubre,0,2026-10-01
2026,26,Sonora,La vida y la Integridad corporal,Lesiones,Lesiones dolosas,Con arma de fuego,Octubre,0,2026-10-01
2026,26,Sonora,La vida y la Integridad corporal,Lesiones,Lesiones dolosas,Con otro elemento,Octubre,0,2026-10-01
2026,26,Sonora,La vida y la Integridad corporal,Lesiones,Lesiones dolosas,No especificado,Octubre,0,2026-10-01
2026,26,Sonora,La vida y la Integridad corporal,Otros delitos que atentan contra la vida y la integridad corporal,Otros delitos que atentan contra la vida y la integridad corporal,Otros delitos que atentan contra la vida y la integridad corporal,Octubre,0,2026-10-01
2026,26,Sonora,Libertad personal,Otros delitos que atentan contra la libertad personal,Otros delitos que atentan contra la libertad personal,Otros delitos que atentan contra la libertad personal,Octubre,0,2026-10-01
2026,26,Sonora,Libertad personal,Privación ilegal de la libertad,Privación ilegal de la libertad,Privación ilegal de la libertad,Octubre,0,2026-10-01
2026,26,Sonora,Libertad personal,Rapto,Rapto,Rapto,Octubre,0,2026-10-01
2026,26,Sonora,Libertad personal,Retención o sustracción de menores e incapaces,Retención o sustracción de menores e incapaces,Retención o sustracción de menores e incapaces,Octubre,0,2026-10-01
2026,26,Sonora,Libertad personal,Secuestro,Secuestro con calidad de rehén,Secuestro con calidad de rehén,Octubre,0,2026-10-01
2026,26,Sonora,Libertad personal,Secuestro,Secuestro exprés,Secuestro exprés,Octubre,0,2026-10-01
2026,26,Sonora,Libertad personal,Secuestro,Secuestro extorsivo,Secuestro extorsivo,Octubre,0,2026-10-01
2026,26,Sonora,Libertad personal,Secuestro,Secuestro para causar daño,Secuestro para causar daño,Octubre,0,2026-10-01
2026,26,Sonora,Libertad personal,Tráfico de menores,Tráfico de menores,Tráfico de menores,Octubre,0,2026-10-01
2026,26,Sonora,Otros bienes jurídicos afectados (del fuero común),Allanamiento de morada,Allanamiento de morada,Allanamiento de morada,Octubre,0,2026-10-01
2026,26,Sonora,Otros bienes jurídicos afectados (del fuero común),Amenazas,Amenazas,Amenazas,Octubre,0,2026-10-01
2026,26,Sonora,Otros bienes jurídicos afectados (del fuero común),Contra el medio ambiente,Contra el medio ambiente,Contra el medio ambiente,Octubre,0,2026-10-01
2026,26,Sonora,Otros bienes jurídicos afectados (del fuero común),Delitos cometidos por servidores públicos,Delitos cometidos por servidores públicos,Delitos cometidos por servidores públicos,Octubre,0,2026-10-01
2026,26,Sonora,Otros bienes jurídicos afectados (del fuero común),Delitos contra la administración de justicia,Delitos contra la administración de justicia,Delitos contra la administración de justicia,Octubre,0,2026-10-01
2026,26,Sonora,Otros bienes jurídicos afectados (del fuero común),Electorales,Electorales,Electorales,Octubre,0,2026-10-01
2026,26,Sonora,Otros bienes jurídicos afectados (del fuero común),Evasión de presos,Evasión de presos,Evasión de presos,Octubre,0,2026-10-01
2026,26,Sonora,Otros bienes jurídicos afectados (del fuero común),Falsedad,Falsedad,Falsedad,Octubre,0,2026-10-01
2026,26,Sonora,Otros bienes jurídicos afectados (del fuero común),Falsificación,Falsificación,Falsificación,Octubre,0,2026-10-01
2026,26,Sonora,Otros bienes jurídicos afectados (del fuero común),Narcomenudeo,Narcomenudeo con fines de venta,Narcomenudeo con fines de venta,Octubre,0,2026-10-01
2026,26,Sonora,Otros bienes jurídicos afectados (del fuero común),Narcomenudeo,Narcomenudeo posesión simple,Narcomenudeo posesión simple,Octubre,0,2026-10-01
2026,26,Sonora,Otros bienes jurídicos afectados (del fuero común),Otros delitos del Fuero Común,Otros delitos del Fuero Común,Otros delitos del Fuero Común,Octubre,0,2026-10-01
2026,26,Sonora,Otros bienes jurídicos afectados (del fuero común),Suplantación y usurpación de identidad,Suplantación y usurpación de identidad,Suplantación y usurpación de identidad,Octubre,0,2026-10-01
2026,26,Sonora,Otros bienes jurídicos afectados (del fuero común),Tortura,Tortura,Tortura,Octubre,0,2026-10-01
2026,26,Sonora,El patrimonio,Abuso de confianza,Abuso de confianza,Abuso de confianza,Noviembre,0,2026-11-01
2026,26,Sonora,El patrimonio,Daño a la propiedad,Daño a la propiedad,Daño a la propiedad,Noviembre,0,2026-11-01
2026,26,Sonora,El patrimonio,Despojo,Despojo,Despojo,Noviembre,0,2026-11-01
2026,26,Sonora,El patrimonio,Extorsión,Extorsión por otros medios,Extorsión por otros medios,Noviembre,0,2026-11-01
2026,26,Sonora,El patrimonio,Extorsión,Extorsión presencial,Extorsión presencial,Noviembre,0,2026-11-01
2026,26,Sonora,El patrimonio,Extorsión,Tentativa de extorsión por otros medios,Tentativa de extorsión por otros medios,Noviembre,0,2026-11-01
2026,26,Sonora,El patrimonio,Extorsión,Tentativa de extorsión presencial,Tentativa de extorsión presencial,Noviembre,0,2026-11-01
2026,26,Sonora,El patrimonio,Fraude,Fraude,Fraude,Noviembre,0,2026-11-01
2026,26,Sonora,El patrimonio,Otros delitos contra el patrimonio,Otros delitos contra el patrimonio,Otros delitos contra el patrimonio,Noviembre,0,2026-11-01
2026,26,Sonora,El patrimonio,Robo,Otros robos,Con violencia,Noviembre,0,2026-11-01
2026,26,Sonora,El patrimonio,Robo,Otros robos,Sin violencia,Noviembre,0,2026-11-01
2026,26,Sonora,El patrimonio,Robo,Robo a casa habitación,Con violencia,Noviembre,0,2026-11-01
2026,26,Sonora,El patrimonio,Robo,Robo a casa habitación,Sin violencia,Noviembre,0,2026-11-01
2026,26,Sonora,El patrimonio,Robo,Robo a institución bancaria,Con violencia,Noviembre,0,2026-11-01
2026,26,Sonora,El patrimonio,Robo,Robo a institución bancaria,Sin violencia,Noviembre,0,2026-11-01
2026,26,Sonora,El patrimonio,Robo,Robo a negocio,Con violencia,Noviembre,0,2026-11-01
2026,26,Sonora,El patrimonio,Robo,Robo a negocio,Sin violencia,Noviembre,0,2026-11-01
2026,26,Sonora,El patrimonio,Robo,Robo a transeúnte en espacio abierto al público,Con violencia,Noviembre,0,2026-11-01
2026,26,Sonora,El patrimonio,Robo,Robo a transeúnte en espacio abierto al público,Sin violencia,Noviembre,0,2026-11-01
2026,26,Sonora,El patrimonio,Robo,Robo a transeúnte en vía pública,Con violencia,Noviembre,0,2026-11-01
2026,26,Sonora,El patrimonio,Robo,Robo a transeúnte en vía pública,Sin violencia,Noviembre,0,2026-11-01
2026,26,Sonora,El patrimonio,Robo,Robo a transportista,Con violencia,Noviembre,0,2026-11-01
2026,26,Sonora,El patrimonio,Robo,Robo a transportista,Sin violencia,Noviembre,0,2026-11-01
2026,26,Sonora,El patrimonio,Robo,Robo de autopartes,Con violencia,Noviembre,0,2026-11-01
2026,26,Sonora,El patrimonio,Robo,Robo de autopartes,Sin violencia,Noviembre,0,2026-11-01
2026,26,Sonora,El patrimonio,Robo,Robo de ganado,Con violencia,Noviembre,0,2026-11-01
2026,26,Sonora,El patrimonio,Robo,Robo de ganado,Sin violencia,Noviembre,0,2026-11-01
2026,26,Sonora,El patrimonio,Robo,"Robo de maquinaria - Cables, tubos y otros objetos destinados a servicios públicos",Con violencia,Noviembre,0,2026-11-01
2026,26,Sonora,El patrimonio,Robo,"Robo de maquinaria - Cables, tubos y otros objetos destinados a servicios públicos",Sin violencia,Noviembre,0,2026-11-01
2026,26,Sonora,El patrimonio,Robo,Robo de maquinaria - Herramienta industrial o agrícola,Con violencia,Noviembre,0,2026-11-01
2026,26,Sonora,El patrimonio,Robo,Robo de maquinaria - Herramienta industrial o agrícola,Sin violencia,Noviembre,0,2026-11-01
2026,26,Sonora,El patrimonio,Robo,Robo de maquinaria - Tractores y/o montacargas,Con violencia,Noviembre,0,2026-11-01
2026,26,Sonora,El patrimonio,Robo,Robo de maquinaria - Tractores y/o montacargas,Sin violencia,Noviembre,0,2026-11-01
2026,26,Sonora,El patrimonio,Robo,Robo de vehículo automotor - Coche de 4 ruedas,Con violencia,Noviembre,0,2026-11-01
2026,26,Sonora,El patrimonio,Robo,Robo de vehículo automotor - Coche de 4 ruedas,Sin violencia,Noviembre,0,2026-11-01
2026,26,Sonora,El patrimonio,Robo,Robo de vehículo automotor - Embarcaciones,Con violencia,Noviembre,0,2026-11-01
2026,26,Sonora,El patrimonio,Robo,Robo de vehículo automotor - Embarcaciones,Sin violencia,Noviembre,0,2026-11-01
2026,26,Sonora,El patrimonio,Robo,Robo de vehículo automotor - Motocicleta,Con violencia,Noviembre,0,2026-11-01
2026,26,Sonora,El patrimonio,Robo,Robo de vehículo automotor - Motocicleta,Sin violencia,Noviembre,0,2026-11-01
2026,26,Sonora,El patrimonio,Robo,Robo en transporte individual,Con violencia,Noviembre,0,2026-11-01
2026,26,Sonora,El patrimonio,Robo,Robo en transporte individual,Sin violencia,Noviembre,0,2026-11-01
2026,26,Sonora,El patrimonio,Robo,Robo en transporte público colectivo,Con violencia,Noviembre,0,2026-11-01
2026,26,Sonora,El patrimonio,Robo,Robo en transporte público colectivo,Sin violencia,Noviembre,0,2026-11-01
2026,26,Sonora,El patrimonio,Robo,Robo en transporte público individual,Con violencia,Noviembre,0,2026-11-01
2026,26,Sonora,El patrimonio,Robo,Robo en transporte público individual,Sin violencia,Noviembre,0,2026-11-01
2026,26,Sonora,La familia,Incumplimiento de obligaciones de asistencia familiar,Incumplimiento de obligaciones de asistencia familiar,Incumplimiento de obligaciones de asistencia familiar,Noviembre,0,2026-11-01
2026,26,Sonora,La familia,Otros delitos contra la familia,Otros delitos contra la familia,Otros delitos contra la familia,Noviembre,0,2026-11-01
2026,26,Sonora,La familia,Violencia de género en todas sus modalidades distinta a la violencia familiar,Violencia de género en todas sus modalidades distinta a la violencia familiar,Violencia de género en todas sus modalidades distinta a la violencia familiar,Noviembre,0,2026-11-01
2026,26,Sonora,La familia,Violencia familiar,Violencia familiar,Violencia familiar,Noviembre,0,2026-11-01
2026,26,Sonora,La libertad y la seguridad sexual,Abuso sexual,Abuso sexual,Abuso sexual,Noviembre,0,2026-11-01
2026,26,Sonora,La libertad y la seguridad sexual,Acoso sexual,Acoso sexual,Acoso sexual,Noviembre,0,2026-11-01
2026,26,Sonora,La libertad y la seguridad sexual,Hostigamiento sexual,Hostigamiento sexual,Hostigamiento sexual,Noviembre,0,2026-11-01
2026,26,Sonora,La libertad y la seguridad sexual,Incesto,Incesto,Incesto,Noviembre,0,2026-11-01
2026,26,Sonora,La libertad y la seguridad sexual,Otros delitos que atentan contra la libertad y la seguridad sexual,Otros delitos que atentan contra la libertad y la seguridad sexual,Otros delitos que atentan contra la libertad y la seguridad sexual,Noviembre,0,2026-11-01
2026,26,Sonora,La libertad y la seguridad sexual,Violación,Violación equiparada,Violación equiparada,Noviembre,0,2026-11-01
2026,26,Sonora,La libertad y la seguridad sexual,Violación,Violación simple,Violación simple,Noviembre,0,2026-11-01
2026,26,Sonora,La libertad y la seguridad sexual,Violación a la intimidad sexual,Violación a la intimidad sexual,Violación a la intimidad sexual,Noviembre,0,2026-11-01
2026,26,Sonora,La sociedad,Corrupción de menores,Corrupción de menores,Corrupción de menores,Noviembre,0,2026-11-01
2026,26,Sonora,La sociedad,Discriminación,Discriminación,Discriminación,Noviembre,0,2026-11-01
2026,26,Sonora,La sociedad,Otros delitos contra la sociedad,Otros delitos contra la sociedad,Otros delitos contra la sociedad,Noviembre,0,2026-11-01
2026,26,Sonora,La sociedad,Pornografía infantil,Pornografía infantil,Pornografía infantil,Noviembre,0,2026-11-01
2026,26,Sonora,La sociedad,Trata de personas,Trata de personas con fines de explotación sexual,Trata de personas con fines de explotación sexual,Noviembre,0,2026-11-01
2026,26,Sonora,La sociedad,Trata de personas,Trata de personas con fines de trabajo o servicios forzados,Trata de personas con fines de trabajo o servicios forzados,Noviembre,0,2026-11-01
2026,26,Sonora,La sociedad,Trata de personas,Trata de personas con fines de tráfico de órganos,Trata de personas con fines de tráfico de órganos,Noviembre,0,2026-11-01
2026,26,Sonora,La sociedad,Trata de personas,Trata de personas con otros fines,Trata de personas con otros fines,Noviembre,0,2026-11-01
2026,26,Sonora,La vida y la Integridad corporal,Aborto,Aborto,Aborto,Noviembre,0,2026-11-01
2026,26,Sonora,La vida y la Integridad corporal,Feminicidio,Feminicidio,Con arma blanca,Noviembre,0,2026-11-01
2026,26,Sonora,La vida y la Integridad corporal,Feminicidio,Feminicidio,Con arma de fuego,Noviembre,0,2026-11-01
2026,26,Sonora,La vida y la Integridad corporal,Feminicidio,Feminicidio,Con otro elemento,Noviembre,0,2026-11-01
2026,26,Sonora,La vida y la Integridad corporal,Feminicidio,Feminicidio,No especificado,Noviembre,0,2026-11-01
2026,26,Sonora,La vida y la Integridad corporal,Feminicidio,Tentativa de feminicidio,Tentativa de feminicidio,Noviembre,0,2026-11-01
2026,26,Sonora,La vida y la Integridad corporal,Homicidio,Homicidio culposo,Con arma blanca,Noviembre,0,2026-11-01
2026,26,Sonora,La vida y la Integridad corporal,Homicidio,Homicidio culposo,Con arma de fuego,Noviembre,0,2026-11-01
2026,26,Sonora,La vida y la Integridad corporal,Homicidio,Homicidio culposo,Con otro elemento,Noviembre,0,2026-11-01
2026,26,Sonora,La vida y la Integridad corporal,Homicidio,Homicidio culposo,En accidente de tránsito,Noviembre,0,2026-11-01
2026,26,Sonora,La vida y la Integridad corporal,Homicidio,Homicidio culposo,No especificado,Noviembre,0,2026-11-01
2026,26,Sonora,La vida y la Integridad corporal,Homicidio,Homicidio doloso,Con arma blanca,Noviembre,0,2026-11-01
2026,26,Sonora,La vida y la Integridad corporal,Homicidio,Homicidio doloso,Con arma de fuego,Noviembre,0,2026-11-01
2026,26,Sonora,La vida y la Integridad corporal,Homicidio,Homicidio doloso,Con otro elemento,Noviembre,0,2026-11-01
2026,26,Sonora,La vida y la Integridad corporal,Homicidio,Homicidio doloso,No especificado,Noviembre,0,2026-11-01
2026,26,Sonora,La vida y la Integridad corporal,Homicidio,Tentativa de homicidio doloso,Tentativa de homicidio doloso,Noviembre,0,2026-11-01
2026,26,Sonora,La vida y la Integridad corporal,Lesiones,Lesiones culposas,Con arma blanca,Noviembre,0,2026-11-01
2026,26,Sonora,La vida y la Integridad corporal,Lesiones,Lesiones culposas,Con arma de fuego,Noviembre,0,2026-11-01
2026,26,Sonora,La vida y la Integridad corporal,Lesiones,Lesiones culposas,Con otro elemento,Noviembre,0,2026-11-01
2026,26,Sonora,La vida y la Integridad corporal,Lesiones,Lesiones culposas,En accidente de tránsito,Noviembre,0,2026-11-01
2026,26,Sonora,La vida y la Integridad corporal,Lesiones,Lesiones culposas,No especificado,Noviembre,0,2026-11-01
2026,26,Sonora,La vida y la Integridad corporal,Lesiones,Lesiones dolosas,Con arma blanca,Noviembre,0,2026-11-01
2026,26,Sonora,La vida y la Integridad corporal,Lesiones,Lesiones dolosas,Con arma de fuego,Noviembre,0,2026-11-01
2026,26,Sonora,La vida y la Integridad corporal,Lesiones,Lesiones dolosas,Con otro elemento,Noviembre,0,2026-11-01
2026,26,Sonora,La vida y la Integridad corporal,Lesiones,Lesiones dolosas,No especificado,Noviembre,0,2026-11-01
2026,26,Sonora,La vida y la Integridad corporal,Otros delitos que atentan contra la vida y la integridad corporal,Otros delitos que atentan contra la vida y la integridad corporal,Otros delitos que atentan contra la vida y la integridad corporal,Noviembre,0,2026-11-01
2026,26,Sonora,Libertad personal,Otros delitos que atentan contra la libertad personal,Otros delitos que atentan contra la libertad personal,Otros delitos que atentan contra la libertad personal,Noviembre,0,2026-11-01
2026,26,Sonora,Libertad personal,Privación ilegal de la libertad,Privación ilegal de la libertad,Privación ilegal de la libertad,Noviembre,0,2026-11-01
2026,26,Sonora,Libertad personal,Rapto,Rapto,Rapto,Noviembre,0,2026-11-01
2026,26,Sonora,Libertad personal,Retención o sustracción de menores e incapaces,Retención o sustracción de menores e incapaces,Retención o sustracción de menores e incapaces,Noviembre,0,2026-11-01
2026,26,Sonora,Libertad personal,Secuestro,Secuestro con calidad de rehén,Secuestro con calidad de rehén,Noviembre,0,2026-11-01
2026,26,Sonora,Libertad personal,Secuestro,Secuestro exprés,Secuestro exprés,Noviembre,0,2026-11-01
2026,26,Sonora,Libertad personal,Secuestro,Secuestro extorsivo,Secuestro extorsivo,Noviembre,0,2026-11-01
2026,26,Sonora,Libertad personal,Secuestro,Secuestro para causar daño,Secuestro para causar daño,Noviembre,0,2026-11-01
2026,26,Sonora,Libertad personal,Tráfico de menores,Tráfico de menores,Tráfico de menores,Noviembre,0,2026-11-01
2026,26,Sonora,Otros bienes jurídicos afectados (del fuero común),Allanamiento de morada,Allanamiento de morada,Allanamiento de morada,Noviembre,0,2026-11-01
2026,26,Sonora,Otros bienes jurídicos afectados (del fuero común),Amenazas,Amenazas,Amenazas,Noviembre,0,2026-11-01
2026,26,Sonora,Otros bienes jurídicos afectados (del fuero común),Contra el medio ambiente,Contra el medio ambiente,Contra el medio ambiente,Noviembre,0,2026-11-01
2026,26,Sonora,Otros bienes jurídicos afectados (del fuero común),Delitos cometidos por servidores públicos,Delitos cometidos por servidores públicos,Delitos cometidos por servidores públicos,Noviembre,0,2026-11-01
2026,26,Sonora,Otros bienes jurídicos afectados (del fuero común),Delitos contra la administración de justicia,Delitos contra la administración de justicia,Delitos contra la administración de justicia,Noviembre,0,2026-11-01
2026,26,Sonora,Otros bienes jurídicos afectados (del fuero común),Electorales,Electorales,Electorales,Noviembre,0,2026-11-01
2026,26,Sonora,Otros bienes jurídicos afectados (del fuero común),Evasión de presos,Evasión de presos,Evasión de presos,Noviembre,0,2026-11-01
2026,26,Sonora,Otros bienes jurídicos afectados (del fuero común),Falsedad,Falsedad,Falsedad,Noviembre,0,2026-11-01
2026,26,Sonora,Otros bienes jurídicos afectados (del fuero común),Falsificación,Falsificación,Falsificación,Noviembre,0,2026-11-01
2026,26,Sonora,Otros bienes jurídicos afectados (del fuero común),Narcomenudeo,Narcomenudeo con fines de venta,Narcomenudeo con fines de venta,Noviembre,0,2026-11-01
2026,26,Sonora,Otros bienes jurídicos afectados (del fuero común),Narcomenudeo,Narcomenudeo posesión simple,Narcomenudeo posesión simple,Noviembre,0,2026-11-01
2026,26,Sonora,Otros bienes jurídicos afectados (del fuero común),Otros delitos del Fuero Común,Otros delitos del Fuero Común,Otros delitos del Fuero Común,Noviembre,0,2026-11-01
2026,26,Sonora,Otros bienes jurídicos afectados (del fuero común),Suplantación y usurpación de identidad,Suplantación y usurpación de identidad,Suplantación y usurpación de identidad,Noviembre,0,2026-11-01
2026,26,Sonora,Otros bienes jurídicos afectados (del fuero común),Tortura,Tortura,Tortura,Noviembre,0,2026-11-01
2026,26,Sonora,El patrimonio,Abuso de confianza,Abuso de confianza,Abuso de confianza,Diciembre,0,2026-12-01
2026,26,Sonora,El patrimonio,Daño a la propiedad,Daño a la propiedad,Daño a la propiedad,Diciembre,0,2026-12-01
2026,26,Sonora,El patrimonio,Despojo,Despojo,Despojo,Diciembre,0,2026-12-01
2026,26,Sonora,El patrimonio,Extorsión,Extorsión por otros medios,Extorsión por otros medios,Diciembre,0,2026-12-01
2026,26,Sonora,El patrimonio,Extorsión,Extorsión presencial,Extorsión presencial,Diciembre,0,2026-12-01
2026,26,Sonora,El patrimonio,Extorsión,Tentativa de extorsión por otros medios,Tentativa de extorsión por otros medios,Diciembre,0,2026-12-01
2026,26,Sonora,El patrimonio,Extorsión,Tentativa de extorsión presencial,Tentativa de extorsión presencial,Diciembre,0,2026-12-01
2026,26,Sonora,El patrimonio,Fraude,Fraude,Fraude,Diciembre,0,2026-12-01
2026,26,Sonora,El patrimonio,Otros delitos contra el patrimonio,Otros delitos contra el patrimonio,Otros delitos contra el patrimonio,Diciembre,0,2026-12-01
2026,26,Sonora,El patrimonio,Robo,Otros robos,Con violencia,Diciembre,0,2026-12-01
2026,26,Sonora,El patrimonio,Robo,Otros robos,Sin violencia,Diciembre,0,2026-12-01
2026,26,Sonora,El patrimonio,Robo,Robo a casa habitación,Con violencia,Diciembre,0,2026-12-01
2026,26,Sonora,El patrimonio,Robo,Robo a casa habitación,Sin violencia,Diciembre,0,2026-12-01
2026,26,Sonora,El patrimonio,Robo,Robo a institución bancaria,Con violencia,Diciembre,0,2026-12-01
2026,26,Sonora,El patrimonio,Robo,Robo a institución bancaria,Sin violencia,Diciembre,0,2026-12-01
2026,26,Sonora,El patrimonio,Robo,Robo a negocio,Con violencia,Diciembre,0,2026-12-01
2026,26,Sonora,El patrimonio,Robo,Robo a negocio,Sin violencia,Diciembre,0,2026-12-01
2026,26,Sonora,El patrimonio,Robo,Robo a transeúnte en espacio abierto al público,Con violencia,Diciembre,0,2026-12-01
2026,26,Sonora,El patrimonio,Robo,Robo a transeúnte en espacio abierto al público,Sin violencia,Diciembre,0,2026-12-01
2026,26,Sonora,El patrimonio,Robo,Robo a transeúnte en vía pública,Con violencia,Diciembre,0,2026-12-01
2026,26,Sonora,El patrimonio,Robo,Robo a transeúnte en vía pública,Sin violencia,Diciembre,0,2026-12-01
2026,26,Sonora,El patrimonio,Robo,Robo a transportista,Con violencia,Diciembre,0,2026-12-01
2026,26,Sonora,El patrimonio,Robo,Robo a transportista,Sin violencia,Diciembre,0,2026-12-01
2026,26,Sonora,El patrimonio,Robo,Robo de autopartes,Con violencia,Diciembre,0,2026-12-01
2026,26,Sonora,El patrimonio,Robo,Robo de autopartes,Sin violencia,Diciembre,0,2026-12-01
2026,26,Sonora,El patrimonio,Robo,Robo de ganado,Con violencia,Diciembre,0,2026-12-01
2026,26,Sonora,El patrimonio,Robo,Robo de ganado,Sin violencia,Diciembre,0,2026-12-01
2026,26,Sonora,El patrimonio,Robo,"Robo de maquinaria - Cables, tubos y otros objetos destinados a servicios públicos",Con violencia,Diciembre,0,2026-12-01
2026,26,Sonora,El patrimonio,Robo,"Robo de maquinaria - Cables, tubos y otros objetos destinados a servicios públicos",Sin violencia,Diciembre,0,2026-12-01
2026,26,Sonora,El patrimonio,Robo,Robo de maquinaria - Herramienta industrial o agrícola,Con violencia,Diciembre,0,2026-12-01
2026,26,Sonora,El patrimonio,Robo,Robo de maquinaria - Herramienta industrial o agrícola,Sin violencia,Diciembre,0,2026-12-01
2026,26,Sonora,El patrimonio,Robo,Robo de maquinaria - Tractores y/o montacargas,Con violencia,Diciembre,0,2026-12-01
2026,26,Sonora,El patrimonio,Robo,Robo de maquinaria - Tractores y/o montacargas,Sin violencia,Diciembre,0,2026-12-01
2026,26,Sonora,El patrimonio,Robo,Robo de vehículo automotor - Coche de 4 ruedas,Con violencia,Diciembre,0,2026-12-01
2026,26,Sonora,El patrimonio,Robo,Robo de vehículo automotor - Coche de 4 ruedas,Sin violencia,Diciembre,0,2026-12-01
2026,26,Sonora,El patrimonio,Robo,Robo de vehículo automotor - Embarcaciones,Con violencia,Diciembre,0,2026-12-01
2026,26,Sonora,El patrimonio,Robo,Robo de vehículo automotor - Embarcaciones,Sin violencia,Diciembre,0,2026-12-01
2026,26,Sonora,El patrimonio,Robo,Robo de vehículo automotor - Motocicleta,Con violencia,Diciembre,0,2026-12-01
2026,26,Sonora,El patrimonio,Robo,Robo de vehículo automotor - Motocicleta,Sin violencia,Diciembre,0,2026-12-01
2026,26,Sonora,El patrimonio,Robo,Robo en transporte individual,Con violencia,Diciembre,0,2026-12-01
2026,26,Sonora,El patrimonio,Robo,Robo en transporte individual,Sin violencia,Diciembre,0,2026-12-01
2026,26,Sonora,El patrimonio,Robo,Robo en transporte público colectivo,Con violencia,Diciembre,0,2026-12-01
2026,26,Sonora,El patrimonio,Robo,Robo en transporte público colectivo,Sin violencia,Diciembre,0,2026-12-01
2026,26,Sonora,El patrimonio,Robo,Robo en transporte público individual,Con violencia,Diciembre,0,2026-12-01
2026,26,Sonora,El patrimonio,Robo,Robo en transporte público individual,Sin violencia,Diciembre,0,2026-12-01
2026,26,Sonora,La familia,Incumplimiento de obligaciones de asistencia familiar,Incumplimiento de obligaciones de asistencia familiar,Incumplimiento de obligaciones de asistencia familiar,Diciembre,0,2026-12-01
2026,26,Sonora,La familia,Otros delitos contra la familia,Otros delitos contra la familia,Otros delitos contra la familia,Diciembre,0,2026-12-01
2026,26,Sonora,La familia,Violencia de género en todas sus modalidades distinta a la violencia familiar,Violencia de género en todas sus modalidades distinta a la violencia familiar,Violencia de género en todas sus modalidades distinta a la violencia familiar,Diciembre,0,2026-12-01
2026,26,Sonora,La familia,Violencia familiar,Violencia familiar,Violencia familiar,Diciembre,0,2026-12-01
2026,26,Sonora,La libertad y la seguridad sexual,Abuso sexual,Abuso sexual,Abuso sexual,Diciembre,0,2026-12-01
2026,26,Sonora,La libertad y la seguridad sexual,Acoso sexual,Acoso sexual,Acoso sexual,Diciembre,0,2026-12-01
2026,26,Sonora,La libertad y la seguridad sexual,Hostigamiento sexual,Hostigamiento sexual,Hostigamiento sexual,Diciembre,0,2026-12-01
2026,26,Sonora,La libertad y la seguridad sexual,Incesto,Incesto,Incesto,Diciembre,0,2026-12-01
2026,26,Sonora,La libertad y la seguridad sexual,Otros delitos que atentan contra la libertad y la seguridad sexual,Otros delitos que atentan contra la libertad y la seguridad sexual,Otros delitos que atentan contra la libertad y la seguridad sexual,Diciembre,0,2026-12-01
2026,26,Sonora,La libertad y la seguridad sexual,Violación,Violación equiparada,Violación equiparada,Diciembre,0,2026-12-01
2026,26,Sonora,La libertad y la seguridad sexual,Violación,Violación simple,Violación simple,Diciembre,0,2026-12-01
2026,26,Sonora,La libertad y la seguridad sexual,Violación a la intimidad sexual,Violación a la intimidad sexual,Violación a la intimidad sexual,Diciembre,0,2026-12-01
2026,26,Sonora,La sociedad,Corrupción de menores,Corrupción de menores,Corrupción de menores,Diciembre,0,2026-12-01
2026,26,Sonora,La sociedad,Discriminación,Discriminación,Discriminación,Diciembre,0,2026-12-01
2026,26,Sonora,La sociedad,Otros delitos contra la sociedad,Otros delitos contra la sociedad,Otros delitos contra la sociedad,Diciembre,0,2026-12-01
2026,26,Sonora,La sociedad,Pornografía infantil,Pornografía infantil,Pornografía infantil,Diciembre,0,2026-12-01
2026,26,Sonora,La sociedad,Trata de personas,Trata de personas con fines de explotación sexual,Trata de personas con fines de explotación sexual,Diciembre,0,2026-12-01
2026,26,Sonora,La sociedad,Trata de personas,Trata de personas con fines de trabajo o servicios forzados,Trata de personas con fines de trabajo o servicios forzados,Diciembre,0,2026-12-01
2026,26,Sonora,La sociedad,Trata de personas,Trata de personas con fines de tráfico de órganos,Trata de personas con fines de tráfico de órganos,Diciembre,0,2026-12-01
2026,26,Sonora,La sociedad,Trata de personas,Trata de personas con otros fines,Trata de personas con otros fines,Diciembre,0,2026-12-01
2026,26,Sonora,La vida y la Integridad corporal,Aborto,Aborto,Aborto,Diciembre,0,2026-12-01
2026,26,Sonora,La vida y la Integridad corporal,Feminicidio,Feminicidio,Con arma blanca,Diciembre,0,2026-12-01
2026,26,Sonora,La vida y la Integridad corporal,Feminicidio,Feminicidio,Con arma de fuego,Diciembre,0,2026-12-01
2026,26,Sonora,La vida y la Integridad corporal,Feminicidio,Feminicidio,Con otro elemento,Diciembre,0,2026-12-01
2026,26,Sonora,La vida y la Integridad corporal,Feminicidio,Feminicidio,No especificado,Diciembre,0,2026-12-01
2026,26,Sonora,La vida y la Integridad corporal,Feminicidio,Tentativa de feminicidio,Tentativa de feminicidio,Diciembre,0,2026-12-01
2026,26,Sonora,La vida y la Integridad corporal,Homicidio,Homicidio culposo,Con arma blanca,Diciembre,0,2026-12-01
2026,26,Sonora,La vida y la Integridad corporal,Homicidio,Homicidio culposo,Con arma de fuego,Diciembre,0,2026-12-01
2026,26,Sonora,La vida y la Integridad corporal,Homicidio,Homicidio culposo,Con otro elemento,Diciembre,0,2026-12-01
2026,26,Sonora,La vida y la Integridad corporal,Homicidio,Homicidio culposo,En accidente de tránsito,Diciembre,0,2026-12-01
2026,26,Sonora,La vida y la Integridad corporal,Homicidio,Homicidio culposo,No especificado,Diciembre,0,2026-12-01
2026,26,Sonora,La vida y la Integridad corporal,Homicidio,Homicidio doloso,Con arma blanca,Diciembre,0,2026-12-01
2026,26,Sonora,La vida y la Integridad corporal,Homicidio,Homicidio doloso,Con arma de fuego,Diciembre,0,2026-12-01
2026,26,Sonora,La vida y la Integridad corporal,Homicidio,Homicidio doloso,Con otro elemento,Diciembre,0,2026-12-01
2026,26,Sonora,La vida y la Integridad corporal,Homicidio,Homicidio doloso,No especificado,Diciembre,0,2026-12-01
2026,26,Sonora,La vida y la Integridad corporal,Homicidio,Tentativa de homicidio doloso,Tentativa de homicidio doloso,Diciembre,0,2026-12-01
2026,26,Sonora,La vida y la Integridad corporal,Lesiones,Lesiones culposas,Con arma blanca,Diciembre,0,2026-12-01
2026,26,Sonora,La vida y la Integridad corporal,Lesiones,Lesiones culposas,Con arma de fuego,Diciembre,0,2026-12-01
2026,26,Sonora,La vida y la Integridad corporal,Lesiones,Lesiones culposas,Con otro elemento,Diciembre,0,2026-12-01
2026,26,Sonora,La vida y la Integridad corporal,Lesiones,Lesiones culposas,En accidente de tránsito,Diciembre,0,2026-12-01
2026,26,Sonora,La vida y la Integridad corporal,Lesiones,Lesiones culposas,No especificado,Diciembre,0,2026-12-01
2026,26,Sonora,La vida y la Integridad corporal,Lesiones,Lesiones dolosas,Con arma blanca,Diciembre,0,2026-12-01
2026,26,Sonora,La vida y la Integridad corporal,Lesiones,Lesiones dolosas,Con arma de fuego,Diciembre,0,2026-12-01
2026,26,Sonora,La vida y la Integridad corporal,Lesiones,Lesiones dolosas,Con otro elemento,Diciembre,0,2026-12-01
2026,26,Sonora,La vida y la Integridad corporal,Lesiones,Lesiones dolosas,No especificado,Diciembre,0,2026-12-01
2026,26,Sonora,La vida y la Integridad corporal,Otros delitos que atentan contra la vida y la integridad corporal,Otros delitos que atentan contra la vida y la integridad corporal,Otros delitos que atentan contra la vida y la integridad corporal,Diciembre,0,2026-12-01
2026,26,Sonora,Libertad personal,Otros delitos que atentan contra la libertad personal,Otros delitos que atentan contra la libertad personal,Otros delitos que atentan contra la libertad personal,Diciembre,0,2026-12-01
2026,26,Sonora,Libertad personal,Privación ilegal de la libertad,Privación ilegal de la libertad,Privación ilegal de la libertad,Diciembre,0,2026-12-01
2026,26,Sonora,Libertad personal,Rapto,Rapto,Rapto,Diciembre,0,2026-12-01
2026,26,Sonora,Libertad personal,Retención o sustracción de menores e incapaces,Retención o sustracción de menores e incapaces,Retención o sustracción de menores e incapaces,Diciembre,0,2026-12-01
2026,26,Sonora,Libertad personal,Secuestro,Secuestro con calidad de rehén,Secuestro con calidad de rehén,Diciembre,0,2026-12-01
2026,26,Sonora,Libertad personal,Secuestro,Secuestro exprés,Secuestro exprés,Diciembre,0,2026-12-01
2026,26,Sonora,Libertad personal,Secuestro,Secuestro extorsivo,Secuestro extorsivo,Diciembre,0,2026-12-01
2026,26,Sonora,Libertad personal,Secuestro,Secuestro para causar daño,Secuestro para causar daño,Diciembre,0,2026-12-01
2026,26,Sonora,Libertad personal,Tráfico de menores,Tráfico de menores,Tráfico de menores,Diciembre,0,2026-12-01
2026,26,Sonora,Otros bienes jurídicos afectados (del fuero común),Allanamiento de morada,Allanamiento de morada,Allanamiento de morada,Diciembre,0,2026-12-01
2026,26,Sonora,Otros bienes jurídicos afectados (del fuero común),Amenazas,Amenazas,Amenazas,Diciembre,0,2026-12-01
2026,26,Sonora,Otros bienes jurídicos afectados (del fuero común),Contra el medio ambiente,Contra el medio ambiente,Contra el medio ambiente,Diciembre,0,2026-12-01
2026,26,Sonora,Otros bienes jurídicos afectados (del fuero común),Delitos cometidos por servidores públicos,Delitos cometidos por servidores públicos,Delitos cometidos por servidores públicos,Diciembre,0,2026-12-01
2026,26,Sonora,Otros bienes jurídicos afectados (del fuero común),Delitos contra la administración de justicia,Delitos contra la administración de justicia,Delitos contra la administración de justicia,Diciembre,0,2026-12-01
2026,26,Sonora,Otros bienes jurídicos afectados (del fuero común),Electorales,Electorales,Electorales,Diciembre,0,2026-12-01
2026,26,Sonora,Otros bienes jurídicos afectados (del fuero común),Evasión de presos,Evasión de presos,Evasión de presos,Diciembre,0,2026-12-01
2026,26,Sonora,Otros bienes jurídicos afectados (del fuero común),Falsedad,Falsedad,Falsedad,Diciembre,0,2026-12-01
2026,26,Sonora,Otros bienes jurídicos afectados (del fuero común),Falsificación,Falsificación,Falsificación,Diciembre,0,2026-12-01
2026,26,Sonora,Otros bienes jurídicos afectados (del fuero común),Narcomenudeo,Narcomenudeo con fines de venta,Narcomenudeo con fines de venta,Diciembre,0,2026-12-01
2026,26,Sonora,Otros bienes jurídicos afectados (del fuero común),Narcomenudeo,Narcomenudeo posesión simple,Narcomenudeo posesión simple,Diciembre,0,2026-12-01
2026,26,Sonora,Otros bienes jurídicos afectados (del fuero común),Otros delitos del Fuero Común,Otros delitos del Fuero Común,Otros delitos del Fuero Común,Diciembre,0,2026-12-01
2026,26,Sonora,Otros bienes jurídicos afectados (del fuero común),Suplantación y usurpación de identidad,Suplantación y usurpación de identidad,Suplantación y usurpación de identidad,Diciembre,0,2026-12-01
2026,26,Sonora,Otros bienes jurídicos afectados (del fuero común),Tortura,Tortura,Tortura,Diciembre,0,2026-12-01
